keyword,source,image_url,file_path,width,height,sha256
young puppy,pinterest,https://i.pinimg.com/originals/4d/29/23/4d29239bb68c0be4e56d8c4ab34faf5d.jpg,dataset/images/young_puppy/0001_7f115d40094e.jpg,1080,1620,7f115d40094e41437fbd3f252b3ba2682d3e78ba6c07af3d9b608ac19dc4e68f
young puppy,pinterest,https://i.pinimg.com/originals/be/27/3d/be273d411e329ee07c83c49f8052ca1a.jpg,dataset/images/young_puppy/0002_34321416db4d.jpg,1052,1632,34321416db4d5934ae65e6ecf3ebbd1e0dd4d4cbcd9935b8a5aa5b3d5518adc4
young puppy,pinterest,https://i.pinimg.com/originals/15/46/7c/15467c685254935e81085092ca3fdc79.jpg,dataset/images/young_puppy/0003_67bc4d5e0c32.jpg,681,951,67bc4d5e0c32199cadd2d0f8c2f4fe42a1e65a6c6b1bd50986dcd05c8ec5cdaa
young puppy,pinterest,https://i.pinimg.com/originals/2c/ed/83/2ced83ed41309a2f02943d0a2312cc2e.jpg,dataset/images/young_puppy/0004_19063239b1fa.jpg,1200,2133,19063239b1fa618a78cdc65d480f05bad75632209c86dd08de5147187b2f0c12
young puppy,pinterest,https://i.pinimg.com/originals/bf/b0/57/bfb05772d3e4a7e9cc359961864462a3.jpg,dataset/images/young_puppy/0005_f86c4a3a75b1.jpg,736,1308,f86c4a3a75b157ce899a7f99906400ef2104d404d4c3b66a8274bb91e00f0c15
young puppy,pinterest,https://i.pinimg.com/originals/ea/52/cc/ea52cc11fb0d8c2cae9019c061040631.jpg,dataset/images/young_puppy/0006_a73677fda573.jpg,983,1200,a73677fda57336e055f641ee328f187df86a46950875a4892b68e0e241edff0b
young puppy,pinterest,https://i.pinimg.com/originals/1a/01/1e/1a011e4ec8f21d3c6c638649fe505b1c.webp,dataset/images/young_puppy/0007_f350cc0f6d51.jpg,1020,1020,f350cc0f6d514ff84a290f89704d80502abe6820ecb38b5ff35e80ff2ced9b04
young puppy,pinterest,https://i.pinimg.com/originals/89/a0/45/89a04512f48a8a57196426ac916c5f5d.jpg,dataset/images/young_puppy/0008_d6465ef20a4c.jpg,946,1150,d6465ef20a4c01536071c82b8c9a10dbea32119dc544cd68d04cccfc8863d738
young puppy,pinterest,https://i.pinimg.com/originals/3a/d7/31/3ad7319459481b36c7b105747222974b.jpg,dataset/images/young_puppy/0009_fa5fa364eeec.jpg,720,959,fa5fa364eeec345357104ac6e066fc79d719a9e72832bbfe7621e0fcc12bf9c9
young puppy,pinterest,https://i.pinimg.com/originals/41/a5/80/41a58091f560ce574be70f620cc0e02f.jpg,dataset/images/young_puppy/0010_8cf0d4bf4015.jpg,1057,1698,8cf0d4bf401552f43298d5924bbd952e7bf6578cc9f95994bb6d737a72cc631b
baby puppy,pinterest,https://i.pinimg.com/originals/33/53/75/3353756e9e1d8426c32d8bd5e657da4f.jpg,dataset/images/baby_puppy/0001_9e68fe7b166a.jpg,735,968,9e68fe7b166ac55128a4c1454563be847c699ff3ca646a3c45b9d94b385dc77e
baby puppy,pinterest,https://i.pinimg.com/originals/7d/bd/a2/7dbda28b0fb3d7c0b060f3e2eb530591.jpg,dataset/images/baby_puppy/0002_2f0161af4634.jpg,474,749,2f0161af4634469e855a75b124483ed3d394d5a16fc30b2872bad2c19b665548
baby puppy,pinterest,https://i.pinimg.com/originals/ba/90/8b/ba908b0f066303ffe90651a0fbf2a6e1.jpg,dataset/images/baby_puppy/0003_023336e7007f.jpg,768,1024,023336e7007f678f3b9cc67c5117b956f4e4761578ae89032ae7891a7073601e
baby puppy,pinterest,https://i.pinimg.com/originals/f9/ba/2f/f9ba2f16a927c5c46b518ba348dab3a9.jpg,dataset/images/baby_puppy/0004_f6942d487e35.jpg,675,1200,f6942d487e35e7cd3c2529c2175a60706d22d07855fd338c1105ec67d9a0f395
baby puppy,pinterest,https://i.pinimg.com/originals/2d/2d/b4/2d2db4cfec7692d6b207e2c34dc5820c.jpg,dataset/images/baby_puppy/0005_8544fa206fbf.jpg,782,785,8544fa206fbf04c7cacf53acbaad384ec9d75dd9ef14ddfca2b2c6f0151499ee
baby puppy,pinterest,https://i.pinimg.com/originals/ba/8a/3f/ba8a3f82284aacbd1ab415243f7d19d3.jpg,dataset/images/baby_puppy/0006_44e0bee286db.jpg,1080,1382,44e0bee286db375cc348d3c3117165ca6adc9588a70f3e36e6d8500d708e8001
baby puppy,pinterest,https://i.pinimg.com/originals/bb/56/60/bb5660c112fec74a7581b99ea648dccd.jpg,dataset/images/baby_puppy/0007_7b42357da444.jpg,1456,1424,7b42357da444952332f7944fff71ed32f2a909449dffada7047f6d62468c4c09
baby puppy,pinterest,https://i.pinimg.com/originals/fa/d2/9e/fad29ef04ccd5bb68f0f138d9554c8a4.jpg,dataset/images/baby_puppy/0008_bfcbcbab5bf7.jpg,720,720,bfcbcbab5bf7cbd3a44c4587ddc048c3c4f114cf8477515171c39afe1bf603e1
baby puppy,pinterest,https://i.pinimg.com/originals/a0/7f/49/a07f49add6e7bcb466f8cd09062c6406.jpg,dataset/images/baby_puppy/0009_9ca17e15d05b.jpg,650,638,9ca17e15d05b741e70c034dffb0fbe350e8b402335ca10783089b67859a69606
baby puppy,pinterest,https://i.pinimg.com/originals/d8/b5/7e/d8b57e0e2ab3a99bbca31afac6b21d60.jpg,dataset/images/baby_puppy/0010_60c376926d8f.jpg,736,736,60c376926d8f6d86f5b12c4912e59112831a524c4bb1d998ed17cc34004d2a5d
newborn puppies,pinterest,https://i.pinimg.com/originals/db/90/3d/db903d902bac50cec5ffe7fc01eb5d60.jpg,dataset/images/newborn_puppies/0001_b53766c86719.jpg,848,1264,b53766c867194606cee8b89cbe0d4cb59c6729cc435bd770faf5685bcabcf6b7
newborn puppies,pinterest,https://i.pinimg.com/originals/28/ea/b7/28eab7c1bd95a257c93c4c4cf9ea6918.jpg,dataset/images/newborn_puppies/0002_2bfff05ac64b.jpg,600,422,2bfff05ac64b9363c9819860d090e4284f3da8aa1f5c48acf7256d6c155c14fa
newborn puppies,pinterest,https://i.pinimg.com/originals/68/4d/5e/684d5e39cd87df6f99d43c363f38582b.jpg,dataset/images/newborn_puppies/0003_c02a2e025b97.jpg,1195,896,c02a2e025b97c218a8293913ccadfb5e53779020e0a7d4936f9c4e3fc915c6f1
newborn puppies,pinterest,https://i.pinimg.com/originals/78/c6/94/78c694892ae98624e7df28ab13997533.jpg,dataset/images/newborn_puppies/0004_0d11e88db961.jpg,751,755,0d11e88db9615938a04edcee7e160340d9a3e023558cca644892ce10283da3ca
newborn puppies,pinterest,https://i.pinimg.com/originals/05/02/0e/05020e6df0b7f220098b5019a205a148.jpg,dataset/images/newborn_puppies/0005_2baca30bc400.jpg,720,960,2baca30bc400bcd69a1d7fa1bf1bbafffa035d60312f82443b34ef4b23184b87
newborn puppies,pinterest,https://i.pinimg.com/originals/4f/70/bf/4f70bfbdc22930e128c42dbcc6bf9890.jpg,dataset/images/newborn_puppies/0006_8232dfab59ef.jpg,1440,1800,8232dfab59efc2bc72a99bd1eac2b46697cbab14c21254007362242b655c2efd
newborn puppies,pinterest,https://i.pinimg.com/originals/2c/19/e0/2c19e0d1529687e8380ee1fca6794242.jpg,dataset/images/newborn_puppies/0007_18bc9818c979.jpg,540,960,18bc9818c9791fe35a25009edac739e91c24b6be53bc686ca6be8aed85821035
newborn puppies,pinterest,https://i.pinimg.com/originals/1b/7a/9a/1b7a9adabee928ea684c875413b05252.jpg,dataset/images/newborn_puppies/0008_0034fb290de1.jpg,467,700,0034fb290de186d9e304831a8250d64cc509a39413650f2ebbe1cb23abf89233
newborn puppies,pinterest,https://i.pinimg.com/originals/49/78/21/4978219724fca2215c17ec467a9930dc.jpg,dataset/images/newborn_puppies/0009_56fe2f43b7ad.jpg,1936,2592,56fe2f43b7ad1cbcc8576cf375bfec4ffd6786df31abc41b20bb2e7b1eff12c8
newborn puppies,pinterest,https://i.pinimg.com/originals/ef/d0/f9/efd0f91c5929e9e3855884ac8e9d2220.jpg,dataset/images/newborn_puppies/0010_1cbb89c80e51.jpg,1408,2496,1cbb89c80e51f73576e60c4e9a147f892fa6ea4065f9ed080cb40334addb9669
puppy photography,pinterest,https://i.pinimg.com/originals/9c/c2/48/9cc248e06190971953b1ef801013ee78.jpg,dataset/images/puppy_photography/0001_21c38fb95abc.jpg,675,1200,21c38fb95abc2613b58a33effbae64d7037c7b9f78f8867c0250f2b263c6013b
puppy photography,pinterest,https://i.pinimg.com/originals/3a/42/34/3a423499fcdf71f1d1b4237256957465.jpg,dataset/images/puppy_photography/0002_2493a1974802.jpg,768,1376,2493a197480226cea8bbf547d7b313e73764f14d9401103dbe38139d667a9881
puppy photography,pinterest,https://i.pinimg.com/originals/94/aa/fd/94aafd3aa372a17f20cdb8ff38322418.jpg,dataset/images/puppy_photography/0003_f25c6e370422.jpg,760,937,f25c6e37042253ef9365ad1c175deb872dd66ab1dda86c08d58bcf78e0565c84
puppy photography,pinterest,https://i.pinimg.com/originals/e7/3c/b7/e73cb788d54bcc1e653f7b56dd8c1623.jpg,dataset/images/puppy_photography/0004_ab35ad953c3f.jpg,1080,1513,ab35ad953c3f01049c6896322954b7d7ff08abe54eb0aedf9798e3839e4cc88d
puppy photography,pinterest,https://i.pinimg.com/originals/e3/19/52/e3195242066d524430225d3ed3592c1b.jpg,dataset/images/puppy_photography/0005_741fc1c6c617.jpg,736,1308,741fc1c6c61748035110962aaa36abab26acf2d4ebef3dd79ce43f071ebe7913
puppy photography,pinterest,https://i.pinimg.com/originals/6a/85/83/6a8583f0e5be2b879915a7f1bbd825a1.jpg,dataset/images/puppy_photography/0006_32d3176f4f43.jpg,735,981,32d3176f4f43eef1b521219d64879ec83bbb4d8be781aed258259ccb150d0a55
puppy photography,pinterest,https://i.pinimg.com/originals/89/93/45/8993451cb257633af82bd5a157aa2711.jpg,dataset/images/puppy_photography/0007_bac5ce3d3df9.jpg,960,1280,bac5ce3d3df9d2eca1913a66d37264995bd795182bed9a3974aecc7ea49145aa
puppy photography,pinterest,https://i.pinimg.com/originals/54/6f/a6/546fa6b63c52607e35ff2d11cd2060bb.jpg,dataset/images/puppy_photography/0008_79092add8d0f.jpg,675,1200,79092add8d0f697a8ee4671765f7edb0edd00b5a93a4c1ec21659f922d5b8d47
puppy photography,pinterest,https://i.pinimg.com/originals/7d/9a/03/7d9a038ff76e3e74b80d7db7b8638bfa.jpg,dataset/images/puppy_photography/0009_e3cc5b1f6349.jpg,1165,1487,e3cc5b1f63491bdf73b7c02e097680b8df950d7b38df0aa94924efe5589cebc5
puppy photography,pinterest,https://i.pinimg.com/originals/16/42/9f/16429f2066c07b57bd3d65dd92ca47ca.jpg,dataset/images/puppy_photography/0010_1e0aa18d9997.jpg,736,1313,1e0aa18d9997d72248bfd8d32e4e85cb2a48074837c037fa0a8b1e8adfd65391
puppy candid photo,pinterest,https://i.pinimg.com/originals/70/98/14/7098149c9a996fda0d45ddbb664f743a.jpg,dataset/images/puppy_candid_photo/0001_0e41cfe0fdf5.jpg,900,1200,0e41cfe0fdf5cf90e59ce723e60867709a7f1c8e6e18e69944edcdafd4a4cb78
puppy candid photo,pinterest,https://i.pinimg.com/originals/12/27/66/1227664b47d8e135c3d32a0a5b2d2ea3.jpg,dataset/images/puppy_candid_photo/0002_1201293af43f.jpg,400,400,1201293af43fcfffaf09f7be7e1b717445c8a58dc319621905683fee6b02ab6b
puppy candid photo,pinterest,https://i.pinimg.com/originals/b4/2b/46/b42b461ae898ed61de45f543141ae503.jpg,dataset/images/puppy_candid_photo/0003_3bf6fb668b55.jpg,736,1180,3bf6fb668b55d135b0b5050af2480d98505ce570b15be3c8cdce7d5cc55d8694
puppy candid photo,pinterest,https://i.pinimg.com/originals/71/4c/80/714c80dd6e159d87369972f231c5f1af.jpg,dataset/images/puppy_candid_photo/0004_ce58d113460c.jpg,1190,1600,ce58d113460ccc0b963f5665488c7a92ff934e531915d9da9ee19c09c4d2b3f0
puppy candid photo,pinterest,https://i.pinimg.com/originals/fa/80/d9/fa80d984f0d9db228e92068046a7c67a.jpg,dataset/images/puppy_candid_photo/0005_d80204cdd5a4.jpg,2448,3264,d80204cdd5a43daa794070fd7a22b59f20fc4955ee5a51e0916e47a1331f4d0a
puppy candid photo,pinterest,https://i.pinimg.com/originals/0d/41/c3/0d41c3e7e30d51da05c6caf45a61dd7b.jpg,dataset/images/puppy_candid_photo/0006_803402a64a63.jpg,1440,1440,803402a64a63fea49ce13078c14d8610e4be17bba1ea76ae39c4eb0c5256c135
puppy candid photo,pinterest,https://i.pinimg.com/originals/78/22/c5/7822c5e58e08ccc14c1806bdfe11fd83.jpg,dataset/images/puppy_candid_photo/0007_d1da9f661062.jpg,1080,1481,d1da9f6610622394296e104a6085e0bbcede389e1fd3a5218a43a864deeddb6a
puppy candid photo,pinterest,https://i.pinimg.com/originals/1f/8b/6e/1f8b6ebeb7ea3d80cacf01a2972cb1cf.jpg,dataset/images/puppy_candid_photo/0008_a5cdbd2515bf.jpg,736,1308,a5cdbd2515bf61b76b5547f49890366fe3809ff1da9d01ceaf33f4f6118f4e73
puppy candid photo,pinterest,https://i.pinimg.com/originals/fc/fd/bd/fcfdbdc4c8eaf7e8961bf2aae749c250.jpg,dataset/images/puppy_candid_photo/0009_75187585417f.jpg,1440,1800,75187585417fa7af81d72dd84acaedd8c32034a870aea13b045af3604078d974
puppy candid photo,pinterest,https://i.pinimg.com/originals/9b/1d/fa/9b1dfa28df8793607a0effb76fd7fbd1.jpg,dataset/images/puppy_candid_photo/0010_c849ffd43625.jpg,795,1200,c849ffd4362564e290c1e99941cda9b8492e94fa012ab0a5e774d064a9e036cd
puppy lifestyle photography,pinterest,https://i.pinimg.com/originals/f2/20/d4/f220d431b201e9daa264ee4adc2f7a4f.jpg,dataset/images/puppy_lifestyle_photography/0001_f681fae5f823.jpg,1125,1491,f681fae5f823bf783288689cf513be89bd2a1b76efdf2fe81dc5657c90b4710f
puppy lifestyle photography,pinterest,https://i.pinimg.com/originals/c0/69/26/c069265ed8b8ce01c10a6a72746a464b.jpg,dataset/images/puppy_lifestyle_photography/0002_901341ed0f11.jpg,547,960,901341ed0f11cd0ddf5261209d7b7a93b6702ca19b009e833e3c810acf4470a6
puppy lifestyle photography,pinterest,https://i.pinimg.com/originals/ba/0a/f2/ba0af2d062e3b55daf0c344dcdafaf2e.jpg,dataset/images/puppy_lifestyle_photography/0003_5d2525b2c2ee.jpg,880,1181,5d2525b2c2eefa155dce56e6135af52484911177bc9f9476176e177e38c53f2a
puppy lifestyle photography,pinterest,https://i.pinimg.com/originals/e6/74/c3/e674c34b59fb98f85fcc44a25e2fae33.jpg,dataset/images/puppy_lifestyle_photography/0004_69488e09cfa0.jpg,1080,1920,69488e09cfa0081110c7c6541d3fdd8179a08113f0fc3ecf36d4916dfdd6ef81
puppy lifestyle photography,pinterest,https://i.pinimg.com/originals/44/2d/f3/442df30fb4cdcbe891a80ac710755674.jpg,dataset/images/puppy_lifestyle_photography/0005_acb3723353c7.jpg,1920,2560,acb3723353c75725528d3a6cf6a869abe42ad7547fc9f59f126ed11cf01864f2
puppy lifestyle photography,pinterest,https://i.pinimg.com/originals/02/a1/b9/02a1b9a5a178d9a43bb7f04e643455cc.jpg,dataset/images/puppy_lifestyle_photography/0006_2b565c509b73.jpg,1280,1706,2b565c509b731d2dca14fef4cb21209c90070c07bb85be5cb8c539e619a89bfa
puppy lifestyle photography,pinterest,https://i.pinimg.com/originals/75/82/4d/75824d4c15d22f9b2dc3160133fed467.jpg,dataset/images/puppy_lifestyle_photography/0007_21d4b4db09f2.jpg,1536,2304,21d4b4db09f2e0146d141a6a371cdaa04d30401423f5bb5ec2dd7bab94f24f0b
puppy lifestyle photography,pinterest,https://i.pinimg.com/originals/f0/fa/5d/f0fa5df9fe4a5bc69390705cbb630e09.jpg,dataset/images/puppy_lifestyle_photography/0008_f14d55b9f269.jpg,736,1104,f14d55b9f269e2c098038eca10787e675440e58006af1f7f39353d35e4fbbd0d
puppy lifestyle photography,pinterest,https://i.pinimg.com/originals/73/2a/78/732a78d9ae74584b8492cb248e44b466.jpg,dataset/images/puppy_lifestyle_photography/0009_cb0dd9592b00.jpg,564,846,cb0dd9592b0032a039deb6165739b88d883e0fac13c3fef9288136673590eb57
puppy lifestyle photography,pinterest,https://i.pinimg.com/originals/94/d6/2c/94d62c96bd4f1f73961ca671cdd32f43.jpg,dataset/images/puppy_lifestyle_photography/0010_e6a804127ddb.jpg,1080,1920,e6a804127ddb2051653fa485b7ff8286b38edfb8be0fc0395d763ce555ea7d58
real puppies,pinterest,https://i.pinimg.com/originals/e3/19/52/e3195242066d524430225d3ed3592c1b.jpg,dataset/images/real_puppies/0001_741fc1c6c617.jpg,736,1308,741fc1c6c61748035110962aaa36abab26acf2d4ebef3dd79ce43f071ebe7913
real puppies,pinterest,https://i.pinimg.com/originals/47/7d/b2/477db2072e5dee0381b3deab3231200d.jpg,dataset/images/real_puppies/0002_60b8346b8169.jpg,1365,2048,60b8346b8169c7934521deace7549fda21809ca2624472f9456fbe39e990e4a9
real puppies,pinterest,https://i.pinimg.com/originals/1b/36/97/1b3697e2537702a2eee49d8e8351cc3d.jpg,dataset/images/real_puppies/0003_4b2a3934f394.jpg,867,1156,4b2a3934f394f801f5d06aa3085c15e43d355fac25507775f6ec9c286fd0d278
real puppies,pinterest,https://i.pinimg.com/originals/59/f5/55/59f5554554cdd866ec88caadca77e8cb.jpg,dataset/images/real_puppies/0004_a38ef64101b8.jpg,728,1148,a38ef64101b8df410af3e5db8d1daadd3920821663eabfd459d2f16547e70440
real puppies,pinterest,https://i.pinimg.com/originals/30/1a/d5/301ad5bee2b41976849bcaf0aa5f78ae.jpg,dataset/images/real_puppies/0005_ceee0468af8b.jpg,1080,1920,ceee0468af8baf0ff933ff7ff0277cfb126217a61e155a4b3bf8c0aa851eb78f
real puppies,pinterest,https://i.pinimg.com/originals/33/53/75/3353756e9e1d8426c32d8bd5e657da4f.jpg,dataset/images/real_puppies/0006_9e68fe7b166a.jpg,735,968,9e68fe7b166ac55128a4c1454563be847c699ff3ca646a3c45b9d94b385dc77e
real puppies,pinterest,https://i.pinimg.com/originals/a8/bb/01/a8bb019d758414a78154246169aab14d.jpg,dataset/images/real_puppies/0007_a6d204828808.jpg,560,716,a6d20482880800cf7430c4a2ebd42b2b9dcf9342c3e5bc8e034a72541ddf766c
real puppies,pinterest,https://i.pinimg.com/originals/4b/6f/53/4b6f5378265022a3fdb304cfaeb6092f.jpg,dataset/images/real_puppies/0008_ad6a3a896c3e.jpg,474,842,ad6a3a896c3e2b764cc69ef264f99176f30ecc9110cd10b537df44f8d061a184
real puppies,pinterest,https://i.pinimg.com/originals/f2/1a/08/f21a08a65385d1cdaea57d10649fdfef.jpg,dataset/images/real_puppies/0009_5ecf254852d5.jpg,1024,1536,5ecf254852d598295bb11b305e506b8f20637ca1e2b5676b9c12c1f83d3a8733
real puppies,pinterest,https://i.pinimg.com/originals/f2/c5/c6/f2c5c6ce0222e3c5b06a8afd7bd9a8f4.jpg,dataset/images/real_puppies/0010_c177289accc4.jpg,1079,1620,c177289accc437a518a0c7a547fc59a1607b4d240514e7c38a0fec068a9c3a8d
cute puppy photo,pinterest,https://i.pinimg.com/originals/9c/c2/48/9cc248e06190971953b1ef801013ee78.jpg,dataset/images/cute_puppy_photo/0001_21c38fb95abc.jpg,675,1200,21c38fb95abc2613b58a33effbae64d7037c7b9f78f8867c0250f2b263c6013b
cute puppy photo,pinterest,https://i.pinimg.com/originals/33/53/75/3353756e9e1d8426c32d8bd5e657da4f.jpg,dataset/images/cute_puppy_photo/0002_9e68fe7b166a.jpg,735,968,9e68fe7b166ac55128a4c1454563be847c699ff3ca646a3c45b9d94b385dc77e
cute puppy photo,pinterest,https://i.pinimg.com/originals/b8/5e/19/b85e19e7a81f6527bb9c89e143e75fc5.jpg,dataset/images/cute_puppy_photo/0003_7cfad59384fb.jpg,736,1308,7cfad59384fb0bc199bffdd658855ff743776737f20af777f3d6bc6a98f19cc2
cute puppy photo,pinterest,https://i.pinimg.com/originals/1a/4d/85/1a4d856e67c4595df9c273ca75bdd5d1.jpg,dataset/images/cute_puppy_photo/0004_167c0f923d71.jpg,736,981,167c0f923d71f69a023e321ebc34ff898b0ade1239fae9aceaf01feb78565979
cute puppy photo,pinterest,https://i.pinimg.com/originals/e1/5c/0d/e15c0dda7b1aa650a8aec314280474e2.jpg,dataset/images/cute_puppy_photo/0005_94425c416c10.jpg,768,1024,94425c416c10712572307d7cae3ebae3aad7fc2a06bb075ab26bdbc7183ccfb3
cute puppy photo,pinterest,https://i.pinimg.com/originals/ba/8a/3f/ba8a3f82284aacbd1ab415243f7d19d3.jpg,dataset/images/cute_puppy_photo/0006_44e0bee286db.jpg,1080,1382,44e0bee286db375cc348d3c3117165ca6adc9588a70f3e36e6d8500d708e8001
cute puppy photo,pinterest,https://i.pinimg.com/originals/e3/19/52/e3195242066d524430225d3ed3592c1b.jpg,dataset/images/cute_puppy_photo/0007_741fc1c6c617.jpg,736,1308,741fc1c6c61748035110962aaa36abab26acf2d4ebef3dd79ce43f071ebe7913
cute puppy photo,pinterest,https://i.pinimg.com/originals/cc/c9/85/ccc9857694fb9812a09e234d7b3892bb.jpg,dataset/images/cute_puppy_photo/0008_f0a8d8ccd99a.jpg,736,1308,f0a8d8ccd99a3347498e7e6a2f9f31d937b8eb2fa1e47487cf859255767de258
cute puppy photo,pinterest,https://i.pinimg.com/originals/0b/4f/ea/0b4fea0b002deb77178722b5678027b8.jpg,dataset/images/cute_puppy_photo/0009_0c585e87a6cc.jpg,736,926,0c585e87a6cc00ac6c42f21053ad81791b615e675deec6c64bdd06415869f827
cute puppy photo,pinterest,https://i.pinimg.com/originals/12/7d/1c/127d1cb23b72a52067a96a4623570b5b.jpg,dataset/images/cute_puppy_photo/0010_4bcd394da1ef.jpg,1032,1160,4bcd394da1ef2aa773c2f4106d525e48fc7aae6831dd36b0ca710100524e2022
cute puppy photo,pinterest,https://i.pinimg.com/originals/a8/bb/01/a8bb019d758414a78154246169aab14d.jpg,dataset/images/cute_puppy_photo/0011_a6d204828808.jpg,560,716,a6d20482880800cf7430c4a2ebd42b2b9dcf9342c3e5bc8e034a72541ddf766c
cute puppy photo,pinterest,https://i.pinimg.com/originals/9b/b4/8b/9bb48bf0d2a731d3e28cbee1fc8040d4.jpg,dataset/images/cute_puppy_photo/0012_22eaac035ee0.jpg,1080,1080,22eaac035ee0bfdb8071de4073d09bb77b7de96dc0e2c1507b6074068313a999
cute puppy photo,pinterest,https://i.pinimg.com/originals/7d/9a/03/7d9a038ff76e3e74b80d7db7b8638bfa.jpg,dataset/images/cute_puppy_photo/0013_e3cc5b1f6349.jpg,1165,1487,e3cc5b1f63491bdf73b7c02e097680b8df950d7b38df0aa94924efe5589cebc5
cute puppy photo,pinterest,https://i.pinimg.com/originals/1b/ac/1e/1bac1e80dac850d07f917c5cb4f35700.jpg,dataset/images/cute_puppy_photo/0014_49909f6444e0.jpg,736,1104,49909f6444e0c56b1ad8b5d92415c9fef82cd4e0b094968f4c67eb1e7e22227d
cute puppy photo,pinterest,https://i.pinimg.com/originals/89/93/45/8993451cb257633af82bd5a157aa2711.jpg,dataset/images/cute_puppy_photo/0015_bac5ce3d3df9.jpg,960,1280,bac5ce3d3df9d2eca1913a66d37264995bd795182bed9a3974aecc7ea49145aa
cute puppy photo,pinterest,https://i.pinimg.com/originals/5f/8b/25/5f8b25611af9f0b162d0c531e9f6690b.jpg,dataset/images/cute_puppy_photo/0016_9c33297839e5.jpg,736,1104,9c33297839e59c6298c59135976050e6620a31b082e5da9990060c67fc494aff
cute puppy photo,pinterest,https://i.pinimg.com/originals/35/61/31/3561314291cef1f1b47e6887851f11c4.jpg,dataset/images/cute_puppy_photo/0017_a735e638be03.jpg,736,709,a735e638be0335187e814a70ff04a4746a329db2012f817aa1c60461f914a3a6
cute puppy photo,pinterest,https://i.pinimg.com/originals/4e/1d/70/4e1d70b9108355399cbfb269c3d7742f.jpg,dataset/images/cute_puppy_photo/0018_c4eff3c3634c.jpg,478,545,c4eff3c3634c2a6402b212d0e70df245e16585f687913afd1618135152affd55
cute puppy photo,pinterest,https://i.pinimg.com/originals/eb/9d/ab/eb9dab8a80d7c43878f62adbf7bb4e4f.jpg,dataset/images/cute_puppy_photo/0019_500dc54ee72d.jpg,360,640,500dc54ee72dd244299d39bdabb2b3feff0274bbfe069f52db9e2f48f20424fc
cute puppy photo,pinterest,https://i.pinimg.com/originals/00/b7/d5/00b7d5d7f703d9d5d8fc74b0bccebc63.jpg,dataset/images/cute_puppy_photo/0020_37d957778bf1.jpg,736,736,37d957778bf1baffcb4e5dddbe8c37cbd765ba4adadd29b211938b5cb014fec3
cute puppy photo,pinterest,https://i.pinimg.com/originals/5d/95/d9/5d95d94f2fd2ca5432f9231c00628da1.jpg,dataset/images/cute_puppy_photo/0021_b3ed15d6fe30.jpg,735,974,b3ed15d6fe30657eebf81453f143bd60862a11ab8e327f90900824e7041105d2
cute puppy photo,pinterest,https://i.pinimg.com/originals/67/6d/5d/676d5d1a6f7d7913bbe99deea213fb13.jpg,dataset/images/cute_puppy_photo/0022_795219cb93b4.jpg,640,640,795219cb93b4f1637ab5354ce956515f9cf03724fd6badccd1ab3733f56290cd
cute puppy photo,pinterest,https://i.pinimg.com/originals/b7/3e/b9/b73eb97729ebc8fbbfaf036e329ad624.jpg,dataset/images/cute_puppy_photo/0023_7393ae8f66bc.jpg,564,631,7393ae8f66bcb0fe9df238084de25541e5eabeab44bb15673b4eb2761b318c37
cute puppy photo,pinterest,https://i.pinimg.com/originals/16/42/9f/16429f2066c07b57bd3d65dd92ca47ca.jpg,dataset/images/cute_puppy_photo/0024_1e0aa18d9997.jpg,736,1313,1e0aa18d9997d72248bfd8d32e4e85cb2a48074837c037fa0a8b1e8adfd65391
cute puppy photo,pinterest,https://i.pinimg.com/originals/05/08/15/050815677230b446d3512319d2cb18f1.jpg,dataset/images/cute_puppy_photo/0025_f0b3586c9381.jpg,736,736,f0b3586c938111c7deb6b7cb7fcc0eaad26b4b6bba0d5d9e9ed9506bbbf0ba09
cute puppy photo,pinterest,https://i.pinimg.com/originals/ba/dd/33/badd33c948c84f85407c90180c675f07.jpg,dataset/images/cute_puppy_photo/0026_b6dfe53e7f64.jpg,1024,1536,b6dfe53e7f64629a132386910024c36b584bb13eb3f6111b4c2fa389354781a7
cute puppy photo,pinterest,https://i.pinimg.com/originals/67/61/54/676154b714f66fcec0aca16cea4c2e9d.jpg,dataset/images/cute_puppy_photo/0027_5d0398b70c93.jpg,941,1672,5d0398b70c93a4b1bcc94c8814444981b8d95e0b4d32427627fc85827ac92aa3
cute puppy photo,pinterest,https://i.pinimg.com/originals/5f/d7/2c/5fd72c605ed7f2b19a2e0921859c8a24.jpg,dataset/images/cute_puppy_photo/0028_3d812bf7095b.jpg,1080,1074,3d812bf7095bd5daee76aea4b9c872470d6d03f2af1be4b8317a79e55f2e8448
cute puppy photo,pinterest,https://i.pinimg.com/originals/6d/fb/9e/6dfb9e8320334d8060070f1d20152c33.jpg,dataset/images/cute_puppy_photo/0029_710f3843bc31.jpg,736,735,710f3843bc310937749ead64431e8fe53e5f8f6f0d6afe3d4c7119196f42c9f9
cute puppy photo,pinterest,https://i.pinimg.com/originals/b8/95/f0/b895f0fadf41d27de0b7bd14947ec724.jpg,dataset/images/cute_puppy_photo/0030_d7b97f6717b4.jpg,345,613,d7b97f6717b4d0d5c2dee730c7258ed4684d16d969e599dd14c13172116d9b6b
adorable puppy,pinterest,https://i.pinimg.com/originals/54/1d/88/541d883808a457bf00f3ffde87b57fff.jpg,dataset/images/adorable_puppy/0001_6fa9df63ca77.jpg,736,736,6fa9df63ca779aa3272e3eac5e0efaa295310eb38c6d80cc9911521861afe41e
adorable puppy,pinterest,https://i.pinimg.com/originals/14/f3/9d/14f39d4473009970549c659366a4cf92.jpg,dataset/images/adorable_puppy/0002_84fc6963f726.jpg,736,1308,84fc6963f726b350b86fae0935538551fd70ef57603c207edc13319e1e26efcf
adorable puppy,pinterest,https://i.pinimg.com/originals/bb/72/7d/bb727d75a533da952804b2c1cfd84e2d.jpg,dataset/images/adorable_puppy/0003_f5ac5a692a85.jpg,675,1200,f5ac5a692a853a77b8ee753692fff0ad72b5abfa8e438453f77267e9331e1f26
adorable puppy,pinterest,https://i.pinimg.com/originals/20/19/65/2019658b4f18b6792dbb9fcf76bb7212.webp,dataset/images/adorable_puppy/0004_85c9a0ce2812.jpg,1440,1440,85c9a0ce2812bdbcd4a522411b2ba4d7d346a1da75aee198eb1365434cb06d9b
adorable puppy,pinterest,https://i.pinimg.com/originals/87/da/5d/87da5dce0f38b58f6c836a6e03dd005b.jpg,dataset/images/adorable_puppy/0005_079cdffb3532.jpg,564,846,079cdffb3532c18be8deabffa6b3b55a9d80e401b5e35d1c8afad40be1ec378f
adorable puppy,pinterest,https://i.pinimg.com/originals/b6/d8/0f/b6d80f80bee75682c17658dd3f0d008a.jpg,dataset/images/adorable_puppy/0006_fcbbc60b0b61.jpg,1200,1815,fcbbc60b0b6191837e96723bfab51e2224e53d87ecd45d445df2f6915bf5a139
adorable puppy,pinterest,https://i.pinimg.com/originals/a9/eb/f7/a9ebf7ce202f0c3a9573cbf72610004c.jpg,dataset/images/adorable_puppy/0007_5f499496c0b0.jpg,474,845,5f499496c0b0623bee702bae57b7712b6ab94460d0bf142abe2d944c4eaf3943
adorable puppy,pinterest,https://i.pinimg.com/originals/60/d7/fe/60d7fe520b9b0ed8b0807d91dbafeb74.jpg,dataset/images/adorable_puppy/0008_dab14b577403.jpg,1056,1462,dab14b5774031bd7d6258bb3340da02b2de132b346bb01d759d8243e77dad89b
adorable puppy,pinterest,https://i.pinimg.com/originals/ab/0a/39/ab0a391e82199fcdf3abb526502e3ffd.jpg,dataset/images/adorable_puppy/0009_82d175c3d11c.jpg,510,510,82d175c3d11cb097a0e5c5ae6ed26f19b12319c93966e95d54a7c0827f08a549
adorable puppy,pinterest,https://i.pinimg.com/originals/ea/95/de/ea95de8f2b73ec5aa1588e1e1e232b9d.jpg,dataset/images/adorable_puppy/0010_84db0e4975ce.jpg,640,1136,84db0e4975ce752477b1852b76dd9b51e7bbc85f90451aceaef237e1387c8024
adorable puppy,pinterest,https://i.pinimg.com/originals/23/62/5e/23625eaae85a3360e4b5513dd5d529f1.jpg,dataset/images/adorable_puppy/0011_c7677e0fdf51.jpg,736,1104,c7677e0fdf511d6d94d1609dac6a93aa558b997258e8dac9f714c7eb4145c2c2
adorable puppy,pinterest,https://i.pinimg.com/originals/dd/ce/7c/ddce7cbfa6440245e3def79fb4085800.jpg,dataset/images/adorable_puppy/0012_66e609041ee2.jpg,1220,1361,66e609041ee22842165f2dbc2363731d8293252ab248bd6833eba882ce3ef0e2
adorable puppy,pinterest,https://i.pinimg.com/originals/5f/d2/b6/5fd2b64d5cbfd6f237eadf428fa91ecf.jpg,dataset/images/adorable_puppy/0013_8850890d19d8.jpg,1023,1364,8850890d19d8b84c003032512eff9578b14f7df36e7f880a63224b72c3ac7076
adorable puppy,pinterest,https://i.pinimg.com/originals/20/51/01/2051010cd3132661c7443e3b4cd05e36.jpg,dataset/images/adorable_puppy/0014_320de6c1ed8b.jpg,564,846,320de6c1ed8b7070f4cb81d04557675d46ca40c106b727c46676538ab3aaf842
adorable puppy,pinterest,https://i.pinimg.com/originals/42/0f/21/420f211daaca104e7a0fe3b7037f1405.jpg,dataset/images/adorable_puppy/0015_73d7910918f1.jpg,625,837,73d7910918f105a8f6fcd88e7c37df1fd75df3cb2043bec7006614e2e3dd6352
adorable puppy,pinterest,https://i.pinimg.com/originals/99/96/1e/99961efb0dd8f5ef04d965af7ed98901.jpg,dataset/images/adorable_puppy/0016_3f5fc097ae6c.jpg,640,1136,3f5fc097ae6cb87f0f0251eeadc42367148a3cea66d8b399d6cf48f5ff870249
adorable puppy,pinterest,https://i.pinimg.com/originals/8e/a4/f4/8ea4f4edffc7755be16a236279646614.jpg,dataset/images/adorable_puppy/0017_cb59baa2dc57.jpg,675,1200,cb59baa2dc579a61648e4689777f4bcf66f3eb065950a1c00c0365f4563b2c38
adorable puppy,pinterest,https://i.pinimg.com/originals/5c/03/ee/5c03ee937b16ecc41765456bd8781f56.jpg,dataset/images/adorable_puppy/0018_1351e8d9172a.jpg,736,736,1351e8d9172a64d89cb70ba97a10522fe7476d0c37ef4e89f4be899082113fd6
adorable puppy,pinterest,https://i.pinimg.com/originals/eb/2e/2f/eb2e2f173fd3e9a9cd238b536e0c233a.jpg,dataset/images/adorable_puppy/0019_f1c7928929f8.jpg,564,845,f1c7928929f8c5ff229fa499b8b4bc3fc094e9f36547defe40bb9d3657c6ac4f
adorable puppy,pinterest,https://i.pinimg.com/originals/99/e6/bd/99e6bd16df85830391eda72a3112d318.jpg,dataset/images/adorable_puppy/0020_10e0de87912e.jpg,720,696,10e0de87912e49b6a119a92e13775308ef23ed652141551fab039ba709118ceb
adorable puppy,pinterest,https://i.pinimg.com/originals/d7/bb/88/d7bb88f04e1ff50840a6ced58b1cad13.jpg,dataset/images/adorable_puppy/0021_6405410920f8.jpg,735,907,6405410920f82a1b650171d25bb2526186997e8eb5938cda3bb3885c64ccf3c1
adorable puppy,pinterest,https://i.pinimg.com/originals/07/c3/0f/07c30f2d04b17e62f1bba911a4bf0577.jpg,dataset/images/adorable_puppy/0022_23070e1a3e0e.jpg,720,761,23070e1a3e0e6cda1be2823412face7c41a6ecbf764e26f9fa323aac3f3d463f
adorable puppy,pinterest,https://i.pinimg.com/originals/c3/a4/7c/c3a47caa1bf37ab358281fdad8b326ea.jpg,dataset/images/adorable_puppy/0023_313b30a92309.jpg,1080,1350,313b30a92309be6847589500b4bd4d27c6d2c9568bc4335c118734b2d476c98c
adorable puppy,pinterest,https://i.pinimg.com/originals/c2/cd/cc/c2cdcc44aaed7ab489ca80561f743eb2.jpg,dataset/images/adorable_puppy/0024_78772f2684b3.jpg,735,731,78772f2684b3fea33ddceee38268f3352a7f1191d48be07dd2004ee8534023bf
adorable puppy,pinterest,https://i.pinimg.com/originals/7e/41/9d/7e419dd5098746ea411696ef70af3c30.jpg,dataset/images/adorable_puppy/0025_85dbd0489a55.jpg,640,743,85dbd0489a55e62b7d300beb806911f1506dd95b7f785a6cc220c60ec10d1ce2
adorable puppy,pinterest,https://i.pinimg.com/originals/50/fc/9a/50fc9ae6cf3a1b35dd0a3ed37bec0fba.jpg,dataset/images/adorable_puppy/0026_f0e3783fab5b.jpg,736,874,f0e3783fab5ba31a63015e47dcceb53fc35f29f4ae4d72d8784a1f45642b8e9f
adorable puppy,pinterest,https://i.pinimg.com/originals/16/73/a7/1673a7678308b2199b6063be95a8d552.jpg,dataset/images/adorable_puppy/0027_2c93d54582f6.jpg,1080,1080,2c93d54582f6127554c34472072cdf1f3ab3accaa3a7fb2f74fcd1710574d9a8
adorable puppy,pinterest,https://i.pinimg.com/originals/1c/16/7f/1c167f326af8e3edf6f8708da45f9910.jpg,dataset/images/adorable_puppy/0028_a0c3f65b8cbb.jpg,1080,1080,a0c3f65b8cbb0cc9b436f5746da6f8dbf4c6321dcd261298b2652125a38ccdd0
adorable puppy,pinterest,https://i.pinimg.com/originals/f4/6e/e9/f46ee955463b6e591e13692ec15d89f8.jpg,dataset/images/adorable_puppy/0029_ea0cb61589da.jpg,474,842,ea0cb61589dab288a917d898ac9e2d9b156c6c6957ba886ffadefa60f5399c66
adorable puppy,pinterest,https://i.pinimg.com/originals/e7/5e/5f/e75e5fbb5596219c8f1ab005a53c3eca.jpg,dataset/images/adorable_puppy/0030_a01d64b08984.jpg,505,770,a01d64b089849e9b65469ea54fe67e3fa57cb3b4e3f978d92e13902a45df95d6
little puppy,pinterest,https://i.pinimg.com/originals/d7/ee/85/d7ee85c5999ba6a0a28023d8d3315ae4.jpg,dataset/images/little_puppy/0001_45566da83818.jpg,768,1024,45566da8381884382081da4aea104b2608c49d1262b8cd0cf178b14768bcc61b
little puppy,pinterest,https://i.pinimg.com/originals/36/ce/5a/36ce5a6a833a60fcb59f7263d63b3f1c.jpg,dataset/images/little_puppy/0002_a05d58bc9086.jpg,769,768,a05d58bc9086c944748e8e8c9a58f87973ae4a6a79a8542495e9dbc15a00b175
little puppy,pinterest,https://i.pinimg.com/originals/f2/1a/08/f21a08a65385d1cdaea57d10649fdfef.jpg,dataset/images/little_puppy/0003_5ecf254852d5.jpg,1024,1536,5ecf254852d598295bb11b305e506b8f20637ca1e2b5676b9c12c1f83d3a8733
little puppy,pinterest,https://i.pinimg.com/originals/12/27/66/1227664b47d8e135c3d32a0a5b2d2ea3.jpg,dataset/images/little_puppy/0004_1201293af43f.jpg,400,400,1201293af43fcfffaf09f7be7e1b717445c8a58dc319621905683fee6b02ab6b
little puppy,pinterest,https://i.pinimg.com/originals/f4/1c/c8/f41cc858121696852c238f167702beb0.jpg,dataset/images/little_puppy/0005_820fb92c1824.jpg,1080,1920,820fb92c1824c15cc41260ebae01073720369c1449d66764b2b2f41ed641ea08
little puppy,pinterest,https://i.pinimg.com/originals/c7/33/20/c733205b83f74e80cc147e1d5f4146d1.jpg,dataset/images/little_puppy/0006_a8e71ed851c9.jpg,1080,1262,a8e71ed851c901c104c3c8a333b76cf698d8e16b5879298a9adc50166b99f980
little puppy,pinterest,https://i.pinimg.com/originals/fe/16/bc/fe16bc89aa2f9db3305e7c85b96d775b.jpg,dataset/images/little_puppy/0007_8da57a3cc113.jpg,469,518,8da57a3cc113f02f6fac553aa47c30d84bc8c4f496b1150e8dc40a6f610d6df7
little puppy,pinterest,https://i.pinimg.com/originals/c2/47/75/c24775403f7acf588d65086de303ea4e.jpg,dataset/images/little_puppy/0008_e0372bd65b31.jpg,1681,1234,e0372bd65b317e3caa849c97f5281b3e7fce996be2c8caab9b08b6504cf0ac04
little puppy,pinterest,https://i.pinimg.com/originals/05/b9/36/05b936597c1b07f74fad2d9cfe056bfc.jpg,dataset/images/little_puppy/0009_8146bcb52648.jpg,736,736,8146bcb52648e75f99266cbd211ff10599cbc1a7f78f405d3d68578575ddd38e
little puppy,pinterest,https://i.pinimg.com/originals/dc/22/bc/dc22bc48eeaf275c277d14080bcfed38.jpg,dataset/images/little_puppy/0010_134b114c1dc5.jpg,1600,2000,134b114c1dc5c988bbf9fa2b1d2ed5b475b7df0746a55863e94b9d3d16412d44
little puppy,pinterest,https://i.pinimg.com/originals/c2/84/12/c284121d9c34c63f8e8e0c8eb3ce25b3.jpg,dataset/images/little_puppy/0011_a40955361766.jpg,564,845,a4095536176621b85aad4769e1cd53c153f36ca34d1263f66619bb317073927a
little puppy,pinterest,https://i.pinimg.com/originals/e5/63/0c/e5630c1bfd1f9a1c4125010da0b000f2.jpg,dataset/images/little_puppy/0012_808be3135d4e.jpg,345,548,808be3135d4e3bedf1fdb92e741937f57edf8b26bfddcc133dc0f0a8f4731ff8
little puppy,pinterest,https://i.pinimg.com/originals/ef/99/13/ef991305f2e250fafee9f3c9a1f1155d.jpg,dataset/images/little_puppy/0013_09ad3f0176dd.jpg,604,604,09ad3f0176dde7223de5242e54b4902ae8df67ade00156650c365d88b6d29714
little puppy,pinterest,https://i.pinimg.com/originals/a3/70/e9/a370e99632eb1632229d44f7f89af6d9.jpg,dataset/images/little_puppy/0014_4752bffa306c.jpg,734,918,4752bffa306c715d5517e094d6596db23ba743fc22dc9ebc4ef4be4d9a2ec996
little puppy,pinterest,https://i.pinimg.com/originals/4a/07/2b/4a072be7698e475fffb2c3d075bb3c33.jpg,dataset/images/little_puppy/0015_ba4d3c222c1f.jpg,703,726,ba4d3c222c1fd495ced5e36f94abc1697deefae4341574f92fe1732d4f367ad2
little puppy,pinterest,https://i.pinimg.com/originals/da/e7/d6/dae7d6ab8e2abd3e74d776a5fd49a6cb.jpg,dataset/images/little_puppy/0016_b8443a132371.jpg,736,737,b8443a132371a8a7601de472325294f1e7e9fee2ac9382cd2cbb1c9f7d9188cc
little puppy,pinterest,https://i.pinimg.com/originals/93/46/38/934638b6af319558b68377f78897eb90.jpg,dataset/images/little_puppy/0017_9014e5c734b9.jpg,1440,1921,9014e5c734b9b67323fefec7c97cffd91a4e745742a48c0f771be5484d7fc3ba
little puppy,pinterest,https://i.pinimg.com/originals/7d/bd/a2/7dbda28b0fb3d7c0b060f3e2eb530591.jpg,dataset/images/little_puppy/0018_2f0161af4634.jpg,474,749,2f0161af4634469e855a75b124483ed3d394d5a16fc30b2872bad2c19b665548
little puppy,pinterest,https://i.pinimg.com/originals/fd/3d/37/fd3d3744058d837111f310c4a5555ff0.jpg,dataset/images/little_puppy/0019_4c3a448664f6.jpg,640,766,4c3a448664f653e5a43075f709294444ef7a6d2489d9a35888001e20d5b66780
little puppy,pinterest,https://i.pinimg.com/originals/26/5f/fe/265ffec26c832679837e884bf99ce943.jpg,dataset/images/little_puppy/0020_7310a4ac968b.jpg,640,960,7310a4ac968b3bf590e419a3555a1b31303312bc02d24805cb52591b60d553bb
little puppy,pinterest,https://i.pinimg.com/originals/65/d6/7a/65d67a24085de8697c6653b07758e4e2.jpg,dataset/images/little_puppy/0021_303126e1366a.jpg,750,750,303126e1366a615110ef4e2e4621dfe54f29459c5bfb43f585fe4b26810d9adb
little puppy,pinterest,https://i.pinimg.com/originals/7a/78/cf/7a78cf3787bc6283a619fb3d22345017.jpg,dataset/images/little_puppy/0022_e94f5059c2fb.jpg,736,890,e94f5059c2fb785c8a58ba0a3aec77f7a6d068303df94ac14a0f6a85dc07f48f
little puppy,pinterest,https://i.pinimg.com/originals/15/f8/bd/15f8bddfbc75caebafd1e30d0129cda4.jpg,dataset/images/little_puppy/0023_2d249e5e0fb9.jpg,466,511,2d249e5e0fb9ef0327e849b3f35a7fd9f5daa2dbe7ba698bdb4f3c8ab224d345
little puppy,pinterest,https://i.pinimg.com/originals/ca/2e/8b/ca2e8bfe1482594baa1eaee6e8a3480d.jpg,dataset/images/little_puppy/0024_cefcabfdab14.jpg,405,720,cefcabfdab14d08da992e12758f507b2ca57025c50c94623fc5ae1e8c1ac7806
little puppy,pinterest,https://i.pinimg.com/originals/c9/5f/f7/c95ff7a946eeaf0b9a34929f20f4bc8a.jpg,dataset/images/little_puppy/0025_97c44936d65c.jpg,700,928,97c44936d65c4954b6646f259e195875d7270b9ed10fab0d631dba4ada2bcdc7
little puppy,pinterest,https://i.pinimg.com/originals/30/31/1b/30311babc2cc6057c2889951d372b50d.jpg,dataset/images/little_puppy/0026_bd325942ea23.jpg,852,1136,bd325942ea2358bcf3e67c8013a9c3c01623ef3ef50b0d69c3383145f0835ba4
little puppy,pinterest,https://i.pinimg.com/originals/68/3e/dd/683edd329ac800cafbf70dd44799ce72.jpg,dataset/images/little_puppy/0027_6c038e190518.jpg,600,801,6c038e190518bba9c6f648f79d6da7154eb7902bf69e4dbbad8ac187c536f84a
little puppy,pinterest,https://i.pinimg.com/originals/b3/3a/1d/b33a1da9ee70170101c5c48f27932088.jpg,dataset/images/little_puppy/0028_28cb9db9bebe.jpg,1440,1920,28cb9db9bebee225ab91285acd1bc3202ffdf2eb8f197a23d22661f8ea64b825
little puppy,pinterest,https://i.pinimg.com/originals/c7/1c/fc/c71cfcd0ffbed93ee5fa170c38919da1.jpg,dataset/images/little_puppy/0029_af89a758acf5.jpg,1040,1187,af89a758acf52ace8bb09727f54e1ced026d9903e2f3aa9b6ec97fb5d94e0231
little puppy,pinterest,https://i.pinimg.com/originals/b4/13/b1/b413b18f5b3962951aa89a53ad7eb25a.jpg,dataset/images/little_puppy/0030_4184adc3fd03.jpg,736,736,4184adc3fd03258fbb826b9bd5989caa8a8bca582ccc86bd69ff3e266b5d504c
small puppy,pinterest,https://i.pinimg.com/originals/47/7d/b2/477db2072e5dee0381b3deab3231200d.jpg,dataset/images/small_puppy/0001_60b8346b8169.jpg,1365,2048,60b8346b8169c7934521deace7549fda21809ca2624472f9456fbe39e990e4a9
small puppy,pinterest,https://i.pinimg.com/originals/fe/8e/49/fe8e49d8db271dd8376a23067915a587.jpg,dataset/images/small_puppy/0002_1d1ecf91d12c.jpg,601,724,1d1ecf91d12c19e2a2b66ae7dba4e2bba503eb2df2a15522627ff3249c6fc496
small puppy,pinterest,https://i.pinimg.com/originals/63/e6/5c/63e65c9f222efd5f9a7656c00bd4de1a.jpg,dataset/images/small_puppy/0003_502914038de9.jpg,700,700,502914038de94c9b48427ebcdc11872caad3b8a23fa5b42dfa404e2c43c7a35d
small puppy,pinterest,https://i.pinimg.com/originals/f2/9f/cf/f29fcfe12d924680bf429e14fce23d9a.jpg,dataset/images/small_puppy/0004_6c45134767a8.jpg,640,640,6c45134767a8fa6407b13fbd191ac77b361fbce81aefe37bcb92451a594dac9b
small puppy,pinterest,https://i.pinimg.com/originals/86/57/59/86575992003bfe5c3a5161d7964708d6.jpg,dataset/images/small_puppy/0005_c532a927d268.jpg,1200,1200,c532a927d2688b24e518cc4a868ba27bb63d8930ae30a3f1e61f88bbf978e984
small puppy,pinterest,https://i.pinimg.com/originals/ba/90/8b/ba908b0f066303ffe90651a0fbf2a6e1.jpg,dataset/images/small_puppy/0006_023336e7007f.jpg,768,1024,023336e7007f678f3b9cc67c5117b956f4e4761578ae89032ae7891a7073601e
small puppy,pinterest,https://i.pinimg.com/originals/e0/05/5b/e0055bff1765f7e394d5dcc2b7cceb27.jpg,dataset/images/small_puppy/0007_471bb61ce448.jpg,1083,1288,471bb61ce448fa050f0e31513351bc55069589263847e450fdba39a5473fac0a
small puppy,pinterest,https://i.pinimg.com/originals/d2/9a/f7/d29af78be0d0b3f63c9b4e9faf876f90.jpg,dataset/images/small_puppy/0008_75722bb03395.jpg,736,920,75722bb033950df7512567b8999ee055c6c4249d75ea08d125fdedb7c6229d56
small puppy,pinterest,https://i.pinimg.com/originals/47/65/18/476518bb2a5ec1b4f822501d80fa33bd.jpg,dataset/images/small_puppy/0009_7ceb779fa0e1.jpg,1080,1920,7ceb779fa0e1d282ee720b3965b9337007a3df0ef2c89b9d7c213ef3d2e4e3ce
small puppy,pinterest,https://i.pinimg.com/originals/00/69/e0/0069e0ba10abbb484f9d6acfc32ebbc2.jpg,dataset/images/small_puppy/0010_fe815f44bd87.jpg,474,632,fe815f44bd87b29f6d549f9d7d52166f424c9e42fcb392358a168f92ea52430d
small puppy,pinterest,https://i.pinimg.com/originals/fa/d2/9e/fad29ef04ccd5bb68f0f138d9554c8a4.jpg,dataset/images/small_puppy/0011_bfcbcbab5bf7.jpg,720,720,bfcbcbab5bf7cbd3a44c4587ddc048c3c4f114cf8477515171c39afe1bf603e1
small puppy,pinterest,https://i.pinimg.com/originals/46/08/23/4608230d32dd55486860f24d0cd1bc4c.jpg,dataset/images/small_puppy/0012_5ffc516fc281.jpg,938,1622,5ffc516fc2813929ec28ac5e3fd53088b49c7b6c0ba464b6116a80ac5b5ee689
small puppy,pinterest,https://i.pinimg.com/originals/f7/ce/c2/f7cec254863af738ede356782b1e0133.jpg,dataset/images/small_puppy/0013_3363b6e485ed.jpg,320,569,3363b6e485edce09d47c6a80e136bd1e3b352061e1d4b9f233938d0f27dec172
small puppy,pinterest,https://i.pinimg.com/originals/1d/72/96/1d7296980767ab8f3123f9f7594e8530.jpg,dataset/images/small_puppy/0014_a3cac0474e62.jpg,642,838,a3cac0474e6217f951a2191adf670c368283d0a86c11ad11ac14783dc27011ed
small puppy,pinterest,https://i.pinimg.com/originals/96/6f/d0/966fd0e42e62ff1131e6933ac9d0e5e6.webp,dataset/images/small_puppy/0015_c27e43041ab6.jpg,896,1344,c27e43041ab6864ab8042caaf4742686ba6e89e25f9f34edf8a56cd9833d33bc
small puppy,pinterest,https://i.pinimg.com/originals/8b/88/d3/8b88d322a331049375656ed98db46081.jpg,dataset/images/small_puppy/0016_9f84683991dd.jpg,564,564,9f84683991ddeb28de20f4721bb1dea6f2528768aab6264653179d6fdf889163
small puppy,pinterest,https://i.pinimg.com/originals/71/b8/a6/71b8a66ce5524fd80ee0c6b19e47d7ac.jpg,dataset/images/small_puppy/0017_f88135f7234c.jpg,3024,4032,f88135f7234c6fb9f66cf8d7a9c55958eaa8e860aca4e1c9f3c90f467452eed0
small puppy,pinterest,https://i.pinimg.com/originals/07/27/3d/07273dc9138b57265a71f7faff314804.jpg,dataset/images/small_puppy/0018_c816823740d1.jpg,564,643,c816823740d1ee162dd71a13993490755439ad6e6e2b4c30fe97a22d2745a51e
small puppy,pinterest,https://i.pinimg.com/originals/6d/ff/53/6dff532bd271f0935f1a6a548681781a.jpg,dataset/images/small_puppy/0019_9fef49104b24.jpg,736,1104,9fef49104b243d984195f7fa4be12ab74768944010d94da1806011a43a2510e4
small puppy,pinterest,https://i.pinimg.com/originals/2a/a2/d6/2aa2d683526ed1b0c372412f991df38b.jpg,dataset/images/small_puppy/0020_720dc3491580.jpg,450,500,720dc3491580d10f154deaaa17c5413da151198d9e822a2e94b7af379a693820
small puppy,pinterest,https://i.pinimg.com/originals/f3/bd/9d/f3bd9d76e7c3ec36f02fe87ab0e2e2eb.jpg,dataset/images/small_puppy/0021_991691b6b1d3.jpg,519,501,991691b6b1d37031f1e4cc1073f6c1ab97d7d745e0a30f59b4e0c19e4f58d230
small puppy,pinterest,https://i.pinimg.com/originals/58/41/b0/5841b049b317d65fee2c25176bf39832.jpg,dataset/images/small_puppy/0022_786b7e892d63.jpg,736,918,786b7e892d638558c72a7c1b8ae898b08b1ecfeb7675bdd95e71ccc7511c6859
small puppy,pinterest,https://i.pinimg.com/originals/d4/9f/c7/d49fc762012de6070785690473e77dc5.jpg,dataset/images/small_puppy/0023_64e58bb08331.jpg,356,572,64e58bb08331951d16fe20347b305998f9d544c6d5b54ca8b4b41aa274b19511
small puppy,pinterest,https://i.pinimg.com/originals/a7/2f/78/a72f786dfb0e2df9a109a4e5b792271b.jpg,dataset/images/small_puppy/0024_54798f2f3c3d.jpg,1024,1536,54798f2f3c3dc3ebc3e8292cbfdb2bffb73af8f0b5a8f946dd8828f0b08e9f0a
small puppy,pinterest,https://i.pinimg.com/originals/0e/c3/e5/0ec3e557f2b23e7a80711f7d9efba28d.jpg,dataset/images/small_puppy/0025_e68b3d67528e.jpg,1235,1087,e68b3d67528e85f820f44f573164fa6d48e9b172af456995b8ff2037103a4e7d
small puppy,pinterest,https://i.pinimg.com/originals/e1/47/46/e14746707dc36fe00f07dfad076f835c.jpg,dataset/images/small_puppy/0026_58ea8a7e0476.jpg,474,842,58ea8a7e047608d9c298ea8773c369db18227ed43796cccff2c2a731e0b1ec73
small puppy,pinterest,https://i.pinimg.com/originals/ce/12/78/ce12780da8d212c1daad522f5b57b16c.jpg,dataset/images/small_puppy/0027_95623ab06cf2.jpg,984,1749,95623ab06cf2869663a0b3a381e729c54700410cf19171c63f80c338407129de
small puppy,pinterest,https://i.pinimg.com/originals/ba/be/8a/babe8a0839392fc55f3de11d4da77e48.jpg,dataset/images/small_puppy/0028_ab13757cbe68.jpg,736,981,ab13757cbe68169bfd1f584902182d9548334066f97caa51242396b0eef4d95a
small puppy,pinterest,https://i.pinimg.com/originals/66/8c/ce/668cce077795bac5459d8f9013f55425.jpg,dataset/images/small_puppy/0029_a9b2122e3b81.jpg,450,800,a9b2122e3b817b482d0c149597a6e4d6d485eb4c3b40e7ae3f122d4fdc846898
small puppy,pinterest,https://i.pinimg.com/originals/37/ca/39/37ca3994a3592396e3ac5b1f67914fd3.jpg,dataset/images/small_puppy/0030_3e5d4a8339c9.jpg,564,564,3e5d4a8339c9a6a89a2b7767073c04231fd2e22bd2b2fd0fa223c8fa6261aaff
tiny puppy,pinterest,https://i.pinimg.com/originals/f7/ae/ce/f7aece1795fc62127b5efff2fa576e9a.jpg,dataset/images/tiny_puppy/0001_e19bb9842ab9.jpg,720,540,e19bb9842ab9a41ffe70b6a94b3d8ac96b646173a30b39b8efa87ebb52634964
tiny puppy,pinterest,https://i.pinimg.com/originals/59/f5/55/59f5554554cdd866ec88caadca77e8cb.jpg,dataset/images/tiny_puppy/0002_a38ef64101b8.jpg,728,1148,a38ef64101b8df410af3e5db8d1daadd3920821663eabfd459d2f16547e70440
tiny puppy,pinterest,https://i.pinimg.com/originals/7a/b4/aa/7ab4aa34f1c0207ab60c29cda5ade350.jpg,dataset/images/tiny_puppy/0003_fa9491649561.jpg,800,991,fa94916495612f9897b920f2304e1e0af0a3c8c0fc4c4987451bad8e76d832ba
tiny puppy,pinterest,https://i.pinimg.com/originals/be/bf/35/bebf3552883e3ad14a60b836525909ce.jpg,dataset/images/tiny_puppy/0004_95adb9243e95.jpg,1170,1540,95adb9243e95e834450ea06a0b217211b9eb9d0480250c790655a73b93027ae4
tiny puppy,pinterest,https://i.pinimg.com/originals/e0/af/6a/e0af6a375b53d75a17c95af6a85abbb6.jpg,dataset/images/tiny_puppy/0005_225f95dac359.jpg,736,814,225f95dac3592d9effe05948b3691276575d1cd9ab3a0b24cdbe59881cd6c390
tiny puppy,pinterest,https://i.pinimg.com/originals/69/47/94/694794dfc87a6ae5b2cb457adbe53df2.jpg,dataset/images/tiny_puppy/0006_cb1ffeb6ec56.jpg,564,643,cb1ffeb6ec5641838973f13a7daeb38cc73d9ed6575c9ee71b38bf67912c6f65
tiny puppy,pinterest,https://i.pinimg.com/originals/16/d7/ee/16d7ee59602e3d6cb592e63905625c07.jpg,dataset/images/tiny_puppy/0007_4ef059dbff0a.jpg,1080,1920,4ef059dbff0a040efb61ecc5689f3bf74f43082268431f5562ebcab5f0b9fdfb
tiny puppy,pinterest,https://i.pinimg.com/originals/e9/a3/ee/e9a3ee5ebf44556f574a3197842b2b55.jpg,dataset/images/tiny_puppy/0008_0cc3e376679c.jpg,500,491,0cc3e376679cbad50ac3e5e270ede33bce6c094c10ba4b83fb97a88de1d9616f
tiny puppy,pinterest,https://i.pinimg.com/originals/73/55/2d/73552d439174aae5a90902901ec2b0ed.jpg,dataset/images/tiny_puppy/0009_bd581c9c0a07.jpg,1178,1178,bd581c9c0a074aa13ac3ecf009238b5dbdf218686225848192bee1c3daf9c213
tiny puppy,pinterest,https://i.pinimg.com/originals/6a/85/83/6a8583f0e5be2b879915a7f1bbd825a1.jpg,dataset/images/tiny_puppy/0010_32d3176f4f43.jpg,735,981,32d3176f4f43eef1b521219d64879ec83bbb4d8be781aed258259ccb150d0a55
tiny puppy,pinterest,https://i.pinimg.com/originals/56/bf/e8/56bfe80063448958d8ef96f2b7b768b7.jpg,dataset/images/tiny_puppy/0011_0a9f4ee8dec7.jpg,1080,1132,0a9f4ee8dec7ec1dc2eb681a763d833ebdbf872c1f1b029593975fede079fba5
tiny puppy,pinterest,https://i.pinimg.com/originals/b1/8a/35/b18a35b4f99e6b07de94c6be38556a2f.jpg,dataset/images/tiny_puppy/0012_dd37bc349e6a.jpg,576,1024,dd37bc349e6ad9cddf53deccaf42e20314dc7d3802a95d13da7af73da94db782
tiny puppy,pinterest,https://i.pinimg.com/originals/d6/1d/ca/d61dcad32ee6d646113d8ccee8a61a2e.jpg,dataset/images/tiny_puppy/0013_0ea60725bb1c.jpg,736,736,0ea60725bb1c8ae214d2efc543f6e1c9ae1f9fc3dd762d08b5ae41910350655c
tiny puppy,pinterest,https://i.pinimg.com/originals/5a/1c/c8/5a1cc8284743c871f526d78a45edbe1d.jpg,dataset/images/tiny_puppy/0014_8f6a08d3e184.jpg,736,981,8f6a08d3e184aa861a669b83b23c5842d72fe3d1aa8f7eaa0841e55b424bba53
tiny puppy,pinterest,https://i.pinimg.com/originals/03/82/12/03821283fea388c51a258cc033ca532d.jpg,dataset/images/tiny_puppy/0015_f1ada497b1dc.jpg,1200,1200,f1ada497b1dc72fdbf95a4e0e359e4bafdb8f1a1a9d5b25fa92429150f130127
tiny puppy,pinterest,https://i.pinimg.com/originals/54/27/5d/54275d1d445fe503d785e5aaa1ca93a4.jpg,dataset/images/tiny_puppy/0016_35adc42c917b.jpg,1004,1492,35adc42c917bbe9d4e09c8933c545a64b9039e9389fcda27229eb4250e8233a6
tiny puppy,pinterest,https://i.pinimg.com/originals/33/8e/f3/338ef3587f6850e27a402cba98cd5b6d.jpg,dataset/images/tiny_puppy/0017_36de23bce5b2.jpg,736,1472,36de23bce5b2d24afe5b13b1882d786a0094b63af6fe13bcf056c73b10e69693
tiny puppy,pinterest,https://i.pinimg.com/originals/ad/61/41/ad6141e8f0d66e63c8e0b4d35f236862.jpg,dataset/images/tiny_puppy/0018_ffddf1b2ba96.jpg,1024,1536,ffddf1b2ba96af667d8f27bfa286e3ce135b9dfd6e6d52dc743ecda423d8003a
tiny puppy,pinterest,https://i.pinimg.com/originals/a1/1c/97/a11c974ca32647fdf2df4975a4c9f6fb.jpg,dataset/images/tiny_puppy/0019_58e91b5787e3.jpg,1080,1350,58e91b5787e35a971c4fd98adec49256a2bbe039f23bdc240e0c4208d1d2f44a
tiny puppy,pinterest,https://i.pinimg.com/originals/52/e3/2b/52e32b97a75c98f6a07ecbe964ffe8e2.jpg,dataset/images/tiny_puppy/0020_d6e177fd31c6.jpg,540,540,d6e177fd31c61234de5954d15b4ba1e7524e6f6cb0a129a291606f05ea08db74
tiny puppy,pinterest,https://i.pinimg.com/originals/46/d3/50/46d350edebd59040fa6924f09db2e8ab.jpg,dataset/images/tiny_puppy/0021_f3e4a4369bc9.jpg,679,689,f3e4a4369bc96b8eb93e8af469104b11600f72e9f9fd14a46c696ab5a2af0773
tiny puppy,pinterest,https://i.pinimg.com/originals/50/2b/74/502b74268197b04c341d91d43e7d6bb1.jpg,dataset/images/tiny_puppy/0022_736daa0e3910.jpg,1024,1024,736daa0e3910ffdbd2701b32438367f77bb691c73b2d2807070774cde3c86fa0
tiny puppy,pinterest,https://i.pinimg.com/originals/cc/e0/50/cce050a895b81de784395592e74c9857.jpg,dataset/images/tiny_puppy/0023_9952f9425e08.jpg,640,640,9952f9425e086b7c2cd33b15dd782fe3aa8ee00e62f36075fc432dbcbee43a49
tiny puppy,pinterest,https://i.pinimg.com/originals/ab/f4/6f/abf46f114d1d587413a2cad14e0eb500.jpg,dataset/images/tiny_puppy/0024_43f437234e50.jpg,736,981,43f437234e5037c54d08e97da6339e14f893a959671435cb7b4a0a5aa7e3f7ab
tiny puppy,pinterest,https://i.pinimg.com/originals/50/f6/33/50f633868b2f7be14b2dc8becbf628f9.jpg,dataset/images/tiny_puppy/0025_0447f68849c3.jpg,735,1053,0447f68849c317e3c0e0d2813782a13168f7a06703b477843a85c1d1fc15ac29
tiny puppy,pinterest,https://i.pinimg.com/originals/77/9d/d3/779dd3770fdaf59b1f6728527a34a942.jpg,dataset/images/tiny_puppy/0026_56f5def07f96.jpg,1440,1800,56f5def07f9644d68f205f3316d67761ba60e5a87f970c7879904f80035bb7b2
tiny puppy,pinterest,https://i.pinimg.com/originals/68/ae/88/68ae88e7ae120a4aba68cbce8e975fa8.jpg,dataset/images/tiny_puppy/0027_941d2198407a.jpg,991,1240,941d2198407a1cf1e4731588181b562711ce33d71c7e30332191a7956a17d215
tiny puppy,pinterest,https://i.pinimg.com/originals/73/0b/f4/730bf49b3447b5cb2169f77887c8cc81.jpg,dataset/images/tiny_puppy/0028_2349a9fe5dc2.jpg,612,816,2349a9fe5dc2820d9bc1ab59857f299786e890bc20d29e3196d1c90a80bdbbff
tiny puppy,pinterest,https://i.pinimg.com/originals/14/f3/f0/14f3f064ed41f145135afbca4f52a434.jpg,dataset/images/tiny_puppy/0029_a3dfd541ad38.jpg,405,720,a3dfd541ad38c1a73373aa3920aaf726efe0f99e40abd365c69ccc0449660f38
tiny puppy,pinterest,https://i.pinimg.com/originals/89/f9/7c/89f97c6d503ea54fc326c2f9f680d73b.jpg,dataset/images/tiny_puppy/0030_4d5683d2eeae.jpg,1242,1601,4d5683d2eeae1ad1e5701c5c9f2b90e981be43edfc5a15232fef3d8b872130dd
young puppy,pinterest,https://i.pinimg.com/originals/4d/29/23/4d29239bb68c0be4e56d8c4ab34faf5d.jpg,dataset/images/young_puppy/0001_7f115d40094e.jpg,1080,1620,7f115d40094e41437fbd3f252b3ba2682d3e78ba6c07af3d9b608ac19dc4e68f
young puppy,pinterest,https://i.pinimg.com/originals/be/27/3d/be273d411e329ee07c83c49f8052ca1a.jpg,dataset/images/young_puppy/0002_34321416db4d.jpg,1052,1632,34321416db4d5934ae65e6ecf3ebbd1e0dd4d4cbcd9935b8a5aa5b3d5518adc4
young puppy,pinterest,https://i.pinimg.com/originals/2c/ed/83/2ced83ed41309a2f02943d0a2312cc2e.jpg,dataset/images/young_puppy/0003_19063239b1fa.jpg,1200,2133,19063239b1fa618a78cdc65d480f05bad75632209c86dd08de5147187b2f0c12
young puppy,pinterest,https://i.pinimg.com/originals/bf/b0/57/bfb05772d3e4a7e9cc359961864462a3.jpg,dataset/images/young_puppy/0004_f86c4a3a75b1.jpg,736,1308,f86c4a3a75b157ce899a7f99906400ef2104d404d4c3b66a8274bb91e00f0c15
young puppy,pinterest,https://i.pinimg.com/originals/15/46/7c/15467c685254935e81085092ca3fdc79.jpg,dataset/images/young_puppy/0005_67bc4d5e0c32.jpg,681,951,67bc4d5e0c32199cadd2d0f8c2f4fe42a1e65a6c6b1bd50986dcd05c8ec5cdaa
young puppy,pinterest,https://i.pinimg.com/originals/89/a0/45/89a04512f48a8a57196426ac916c5f5d.jpg,dataset/images/young_puppy/0006_d6465ef20a4c.jpg,946,1150,d6465ef20a4c01536071c82b8c9a10dbea32119dc544cd68d04cccfc8863d738
young puppy,pinterest,https://i.pinimg.com/originals/ea/52/cc/ea52cc11fb0d8c2cae9019c061040631.jpg,dataset/images/young_puppy/0007_a73677fda573.jpg,983,1200,a73677fda57336e055f641ee328f187df86a46950875a4892b68e0e241edff0b
young puppy,pinterest,https://i.pinimg.com/originals/1a/01/1e/1a011e4ec8f21d3c6c638649fe505b1c.webp,dataset/images/young_puppy/0008_f350cc0f6d51.jpg,1020,1020,f350cc0f6d514ff84a290f89704d80502abe6820ecb38b5ff35e80ff2ced9b04
young puppy,pinterest,https://i.pinimg.com/originals/3a/d7/31/3ad7319459481b36c7b105747222974b.jpg,dataset/images/young_puppy/0009_fa5fa364eeec.jpg,720,959,fa5fa364eeec345357104ac6e066fc79d719a9e72832bbfe7621e0fcc12bf9c9
young puppy,pinterest,https://i.pinimg.com/originals/de/c7/68/dec768a1ac7fda2969025a2ef7e30a81.jpg,dataset/images/young_puppy/0010_01e2a5edf8f7.jpg,675,1200,01e2a5edf8f7447ea4466d1ab9180fb7cb61cee550e263383018ff19f1619d18
young puppy,pinterest,https://i.pinimg.com/originals/41/a5/80/41a58091f560ce574be70f620cc0e02f.jpg,dataset/images/young_puppy/0011_8cf0d4bf4015.jpg,1057,1698,8cf0d4bf401552f43298d5924bbd952e7bf6578cc9f95994bb6d737a72cc631b
young puppy,pinterest,https://i.pinimg.com/originals/5b/04/6d/5b046d363e2e9f64d8befad2e996cec6.jpg,dataset/images/young_puppy/0012_4aeeb10cc581.jpg,1079,1731,4aeeb10cc581cf7ea4d20ea9839a97a02cf5be10fbb0c8c0a0fdc075d2d620a9
young puppy,pinterest,https://i.pinimg.com/originals/06/1c/2c/061c2cae907631a137da8e67aa7296d4.jpg,dataset/images/young_puppy/0013_61742fc1c536.jpg,1079,1754,61742fc1c53650b543e467739fb2999f35daa3871f379c1e6d65a89ac65b1189
young puppy,pinterest,https://i.pinimg.com/originals/96/3e/2d/963e2d354d249c33d39af8f7353ae2e1.jpg,dataset/images/young_puppy/0014_10e66d2759e6.jpg,720,1280,10e66d2759e6b86ad884354839c14827d90a82cc41555c6fc875a892ee6be15a
young puppy,pinterest,https://i.pinimg.com/originals/22/09/e8/2209e8300104353de90b0edc97cdab12.jpg,dataset/images/young_puppy/0015_aa1a7bece299.jpg,887,1577,aa1a7bece299dbeb08add9c17a0fc1b7c7b5682cdb60c8a364443b0f7015a991
young puppy,pinterest,https://i.pinimg.com/originals/ba/31/38/ba31381fc15d6818b3aa33649916427d.jpg,dataset/images/young_puppy/0016_5450faba1e8d.jpg,1170,2080,5450faba1e8df7d69ddd7639403473f7b62353a548bb27fface32cd87280ce44
young puppy,pinterest,https://i.pinimg.com/originals/b7/bd/6f/b7bd6fd242f7c6b1df075566815c72ca.jpg,dataset/images/young_puppy/0017_ca9b28212f39.jpg,808,1200,ca9b28212f399e8070f86c8e64fa4af0913d6cc9da0bea327d18810c3ba7151d
young puppy,pinterest,https://i.pinimg.com/originals/e6/4c/13/e64c136c10a2c4601469cb94a9346e1c.jpg,dataset/images/young_puppy/0018_e1e622da5856.jpg,803,1200,e1e622da58569a43d5448a0a8a4888aed7cbdc021ed782c5f926aaf177f7eea0
young puppy,pinterest,https://i.pinimg.com/originals/08/75/c9/0875c975817bf86207b15ade552cb08f.jpg,dataset/images/young_puppy/0019_441e8c59bdd9.jpg,459,573,441e8c59bdd90d469e700045e9f676b7521eb2764b6ecc40fe4fb1607c6b2442
young puppy,pinterest,https://i.pinimg.com/originals/5e/b7/55/5eb755f1b4fa613ddfb73c5aaee89b97.jpg,dataset/images/young_puppy/0020_10d56a8a7987.jpg,1080,1349,10d56a8a79874f806dbcd51d96ebfe2b9b668b1cd084a1ab53eff1ef7d7210d9
young puppy,pinterest,https://i.pinimg.com/originals/65/b8/f2/65b8f283b8e13bcc77174f9f29cc36c0.jpg,dataset/images/young_puppy/0021_444fe9b82cd4.jpg,1080,1336,444fe9b82cd47eed9b5cf4cadf49cf871745c65176c8cfe31352fae5d5def4a8
young puppy,pinterest,https://i.pinimg.com/originals/e9/20/c7/e920c7c252d94aed35d345be20041507.jpg,dataset/images/young_puppy/0022_e9d15a55fec5.jpg,1059,1717,e9d15a55fec57fb8e5206e9bd2ac8492e67f9374d8925e6782ae295dd7e28258
young puppy,pinterest,https://i.pinimg.com/originals/28/78/07/287807f3fee4e7722034b5bfbea0babf.jpg,dataset/images/young_puppy/0023_94919cfc7d5b.jpg,720,1225,94919cfc7d5ba9f6c00e927a84e3d46d2064348e145c3ecc7bf4d626a52cef4f
young puppy,pinterest,https://i.pinimg.com/originals/2d/40/ab/2d40abb576d4e22184253170e7ff89eb.jpg,dataset/images/young_puppy/0024_61561732deba.jpg,1012,1799,61561732debae63ebe8c76a682b134f620446732ee4b7ab517efc995edc6d714
young puppy,pinterest,https://i.pinimg.com/originals/7e/80/04/7e800434dd26b7c47d6bae351d89fff2.jpg,dataset/images/young_puppy/0025_308f15927d92.jpg,2880,5052,308f15927d9203200551969b8ca95df4291ae90e9b24c1b93d38e5cadb32f473
young puppy,pinterest,https://i.pinimg.com/originals/af/36/32/af3632fda92745c4cf8ce857ad00f98a.jpg,dataset/images/young_puppy/0026_038eeaaf67d1.jpg,1080,1440,038eeaaf67d13fc3ca4b8de97141e8ce055ed2ad6942c91a77ecfe208331a8b1
young puppy,pinterest,https://i.pinimg.com/originals/f1/fa/f8/f1faf881aea337f65c786eaa4133ef18.jpg,dataset/images/young_puppy/0027_4f1df823e725.jpg,640,800,4f1df823e7259449672239ff7fbc21e84e9d53c2d429d130aca1ae8bf57cf284
young puppy,pinterest,https://i.pinimg.com/originals/4b/6f/53/4b6f5378265022a3fdb304cfaeb6092f.jpg,dataset/images/young_puppy/0028_ad6a3a896c3e.jpg,474,842,ad6a3a896c3e2b764cc69ef264f99176f30ecc9110cd10b537df44f8d061a184
young puppy,pinterest,https://i.pinimg.com/originals/88/72/c4/8872c4841dde1208169aec8a8f4c17be.jpg,dataset/images/young_puppy/0029_7da18f5f5223.jpg,736,901,7da18f5f522305817d8368082a863a24861a80f4f1882e7306d89cd4729b6af6
young puppy,pinterest,https://i.pinimg.com/originals/c2/20/3b/c2203bbc7067928a11c8e408df1ed846.jpg,dataset/images/young_puppy/0030_a54272603e77.jpg,1379,1504,a54272603e775008b8d28446883e6f0085c640049b9d113e2175e0a419e5deca
baby puppy,pinterest,https://i.pinimg.com/originals/f9/ba/2f/f9ba2f16a927c5c46b518ba348dab3a9.jpg,dataset/images/baby_puppy/0001_f6942d487e35.jpg,675,1200,f6942d487e35e7cd3c2529c2175a60706d22d07855fd338c1105ec67d9a0f395
baby puppy,pinterest,https://i.pinimg.com/originals/2d/2d/b4/2d2db4cfec7692d6b207e2c34dc5820c.jpg,dataset/images/baby_puppy/0002_8544fa206fbf.jpg,782,785,8544fa206fbf04c7cacf53acbaad384ec9d75dd9ef14ddfca2b2c6f0151499ee
baby puppy,pinterest,https://i.pinimg.com/originals/d8/b5/7e/d8b57e0e2ab3a99bbca31afac6b21d60.jpg,dataset/images/baby_puppy/0003_60c376926d8f.jpg,736,736,60c376926d8f6d86f5b12c4912e59112831a524c4bb1d998ed17cc34004d2a5d
baby puppy,pinterest,https://i.pinimg.com/originals/bb/56/60/bb5660c112fec74a7581b99ea648dccd.jpg,dataset/images/baby_puppy/0004_7b42357da444.jpg,1456,1424,7b42357da444952332f7944fff71ed32f2a909449dffada7047f6d62468c4c09
baby puppy,pinterest,https://i.pinimg.com/originals/36/91/50/36915016344dadbcc795b0256426be6c.jpg,dataset/images/baby_puppy/0005_377fa56d2db1.jpg,736,920,377fa56d2db1815b6e409816de2620a2b1b305b5d755b769f6009c79085d9f7f
baby puppy,pinterest,https://i.pinimg.com/originals/a0/7f/49/a07f49add6e7bcb466f8cd09062c6406.jpg,dataset/images/baby_puppy/0006_9ca17e15d05b.jpg,650,638,9ca17e15d05b741e70c034dffb0fbe350e8b402335ca10783089b67859a69606
baby puppy,pinterest,https://i.pinimg.com/originals/21/e6/3d/21e63d8e6b96cc987eb536c34facb566.jpg,dataset/images/baby_puppy/0007_0f1800d4487b.jpg,720,1558,0f1800d4487b15536f250a6e0fdc88491a194091b9ca3a954fdd8b6de9d79e51
baby puppy,pinterest,https://i.pinimg.com/originals/4c/d6/ee/4cd6ee1bcbb5c57813dcb273b057d356.jpg,dataset/images/baby_puppy/0008_dc4a784cce69.jpg,1080,1920,dc4a784cce69b685e8818cb8a813719e2bac2fb255ee5ace5c45309a6b869886
baby puppy,pinterest,https://i.pinimg.com/originals/f0/1c/6d/f01c6de795e9a816cf4d9511db1b3926.jpg,dataset/images/baby_puppy/0009_b939cc249b4e.jpg,736,736,b939cc249b4e1bc615e58192ef29882b34ef0bef020041df14cbfefa7229652a
baby puppy,pinterest,https://i.pinimg.com/originals/88/ae/9e/88ae9ebfc33388a203c176fc1d54bbec.jpg,dataset/images/baby_puppy/0010_e69d36979013.jpg,720,861,e69d36979013f89f5f4e16596b1bc9bd752061a83ff17a13ebd8ded285cc0659
baby puppy,pinterest,https://i.pinimg.com/originals/dd/39/41/dd394189c055316361159d3f4867e34b.jpg,dataset/images/baby_puppy/0011_d5c5416f6faa.jpg,720,906,d5c5416f6faa0ee35ea8d7c86f47dd9275b751f41a7277844361b6a6572430ca
baby puppy,pinterest,https://i.pinimg.com/originals/66/85/6d/66856d60e75ce97731a5eab3a3da686f.jpg,dataset/images/baby_puppy/0012_3fb0164282ca.jpg,432,768,3fb0164282cadbe34c93c44f9a2ccea7225ca23c167a8858c351b1a40c06adfa
baby puppy,pinterest,https://i.pinimg.com/originals/7e/0f/6f/7e0f6f4314cc9c6b873e6f913db8baf2.jpg,dataset/images/baby_puppy/0013_e589adc31810.jpg,500,641,e589adc31810c926eb3083b643c50a513f4bc217d98a19b5eb8616506a419b4c
baby puppy,pinterest,https://i.pinimg.com/originals/b2/cc/2a/b2cc2a1aad1157a02ec6112d0f46fbf1.jpg,dataset/images/baby_puppy/0014_e5460db79bc4.jpg,736,740,e5460db79bc49dc737eae96f043dac64cfc75c97996ca160828acf77073c765d
baby puppy,pinterest,https://i.pinimg.com/originals/bd/a2/ba/bda2ba2bdf3f561bf99846f685c30e35.jpg,dataset/images/baby_puppy/0015_e7760a44e510.jpg,1100,1650,e7760a44e510f7aeefed3aa26f1c594393e7372476eb647ed4cecab58543570e
baby puppy,pinterest,https://i.pinimg.com/originals/05/80/f4/0580f46d78979652ed7f4e044a965d0d.jpg,dataset/images/baby_puppy/0016_6933b63964e8.jpg,720,832,6933b63964e8645da83b11f74e1ba5f4f5a2b60a3af244ed4ddd337c1db25794
baby puppy,pinterest,https://i.pinimg.com/originals/12/8f/74/128f74c349e88f5dc33ad46989c078ec.jpg,dataset/images/baby_puppy/0017_07333467a8d3.jpg,1179,1520,07333467a8d3e2161beff8ce6d05269aeef2f2e2fbe7096bfaf7050176fd111b
baby puppy,pinterest,https://i.pinimg.com/originals/88/e1/aa/88e1aa7eaade95dffc264cec6bf71279.jpg,dataset/images/baby_puppy/0018_80ea36254f88.jpg,734,792,80ea36254f882dac82555350f213ea0a357c98b2a3083202b9537b898573ab00
baby puppy,pinterest,https://i.pinimg.com/originals/4c/09/9d/4c099d4b835fbeea40e246e6c98dab16.jpg,dataset/images/baby_puppy/0019_832ff0ab6b94.jpg,589,1178,832ff0ab6b948b9fdac54005874bc3a2326a06be023a8210b7f201ebc8147097
baby puppy,pinterest,https://i.pinimg.com/originals/aa/4c/d6/aa4cd6211547696cad15132938dff6c8.jpg,dataset/images/baby_puppy/0020_f1566a74638e.jpg,728,727,f1566a74638ed28088f89b8ffcba0e00bd1a4d506be623b7162c022488122606
baby puppy,pinterest,https://i.pinimg.com/originals/94/01/1f/94011f8dcfc47bd70efb631e95c17ab7.jpg,dataset/images/baby_puppy/0021_cc73cd6b97a4.jpg,1064,1582,cc73cd6b97a4317c46701e463f4e205043e5c594cec69008a9deefe4300308a8
baby puppy,pinterest,https://i.pinimg.com/originals/14/05/0b/14050b85a181301a0833a1204aac57c7.jpg,dataset/images/baby_puppy/0022_d862d530a4d1.jpg,564,564,d862d530a4d1bf704d1d6ecaaf8010fb7546212aea286522b3247948599f7e93
baby puppy,pinterest,https://i.pinimg.com/originals/4a/81/17/4a811770e16acb9aa8790b913be0f6d0.jpg,dataset/images/baby_puppy/0023_8cc2ba5ebdf9.jpg,640,640,8cc2ba5ebdf93116fbe5ebdc1325eae4f477861193888a4242b889ae97680a50
baby puppy,pinterest,https://i.pinimg.com/originals/8c/7b/fe/8c7bfe27502914f48958c870d945f496.jpg,dataset/images/baby_puppy/0024_0c138132b286.jpg,526,658,0c138132b28695e90a0afbb10681c94572df96900471d0a88db150d555c7d36e
baby puppy,pinterest,https://i.pinimg.com/originals/33/f6/99/33f69976223e7e5cebc5c9a8eeb07d82.jpg,dataset/images/baby_puppy/0025_27ef7fd41b23.jpg,1011,1555,27ef7fd41b230974af409dd42a25b580a2a85fadea600e84e67b0bbed510d1b6
baby puppy,pinterest,https://i.pinimg.com/originals/02/d4/d3/02d4d37bc40ec78406da37e5d95608fe.jpg,dataset/images/baby_puppy/0026_a5a2636f1131.jpg,907,1200,a5a2636f1131f0667f33eed0c3f824e36cf9916a297df80415770405eded7ea2
baby puppy,pinterest,https://i.pinimg.com/originals/62/fb/b6/62fbb667ee979d59ad2c911ec4b76a63.jpg,dataset/images/baby_puppy/0027_9ed6fb45c9fe.jpg,1118,1200,9ed6fb45c9fe0a1a555603f40fc69625c9bf3481465b7fa0e30b032bbd5ed99c
baby puppy,pinterest,https://i.pinimg.com/originals/f1/00/37/f100374116be9e97d4abe4d9d1f2a788.jpg,dataset/images/baby_puppy/0028_68a965f55e54.jpg,675,1200,68a965f55e5408286139e4fd66c960dfb2d87c5550fbcd956d44ae55bbb0e74f
baby puppy,pinterest,https://i.pinimg.com/originals/38/fc/a6/38fca6cd5b8f56f57c79884ea4a44409.jpg,dataset/images/baby_puppy/0029_ba552276cb1a.jpg,720,1280,ba552276cb1afa573595f5a0e02eb612bc20105f311c22b773f8416dfc81ca19
baby puppy,pinterest,https://i.pinimg.com/originals/b8/34/a2/b834a231f7098932a30670101a1ed978.jpg,dataset/images/baby_puppy/0030_6cf3943d9990.jpg,1080,1920,6cf3943d999067f4cc0c12f6f4a42858423e7dd39584c71c1a4abc6a28cf08a9
newborn puppy,pinterest,https://i.pinimg.com/originals/d2/90/84/d29084dbed28b0e655dca4a3bfe28246.jpg,dataset/images/newborn_puppy/0001_243f593d425b.jpg,500,419,243f593d425bd5cbb5df9b15c6b2bede70ca3f82640738222c2922db9cbe37d0
newborn puppy,pinterest,https://i.pinimg.com/originals/b9/a0/c7/b9a0c70c6ef717b0a0d3a604b790256e.jpg,dataset/images/newborn_puppy/0002_b1b12c556c5b.jpg,610,406,b1b12c556c5b1fbdc183594021412814022f2d48b82e6735b737d17477952953
newborn puppy,pinterest,https://i.pinimg.com/originals/4f/70/bf/4f70bfbdc22930e128c42dbcc6bf9890.jpg,dataset/images/newborn_puppy/0003_8232dfab59ef.jpg,1440,1800,8232dfab59efc2bc72a99bd1eac2b46697cbab14c21254007362242b655c2efd
newborn puppy,pinterest,https://i.pinimg.com/originals/68/4d/5e/684d5e39cd87df6f99d43c363f38582b.jpg,dataset/images/newborn_puppy/0004_c02a2e025b97.jpg,1195,896,c02a2e025b97c218a8293913ccadfb5e53779020e0a7d4936f9c4e3fc915c6f1
newborn puppy,pinterest,https://i.pinimg.com/originals/28/ea/b7/28eab7c1bd95a257c93c4c4cf9ea6918.jpg,dataset/images/newborn_puppy/0005_2bfff05ac64b.jpg,600,422,2bfff05ac64b9363c9819860d090e4284f3da8aa1f5c48acf7256d6c155c14fa
newborn puppy,pinterest,https://i.pinimg.com/originals/db/90/3d/db903d902bac50cec5ffe7fc01eb5d60.jpg,dataset/images/newborn_puppy/0006_b53766c86719.jpg,848,1264,b53766c867194606cee8b89cbe0d4cb59c6729cc435bd770faf5685bcabcf6b7
newborn puppy,pinterest,https://i.pinimg.com/originals/a7/f6/e1/a7f6e1453d5ddc1678a824a6d4c85c28.jpg,dataset/images/newborn_puppy/0007_21e0e393c52e.jpg,1179,1470,21e0e393c52e8576f8eeb9780c474c8cc7c407cfeaac8fccf268b5b402850d70
newborn puppy,pinterest,https://i.pinimg.com/originals/fc/14/94/fc14944299b13535a013cf2bd19baec8.jpg,dataset/images/newborn_puppy/0008_c055359b45c6.jpg,1080,1350,c055359b45c605679fb245588c0f94b6f3cdc6a0c6719f36095dc5f0fd3fd579
newborn puppy,pinterest,https://i.pinimg.com/originals/08/02/70/08027008737adc49116d3133c275229a.jpg,dataset/images/newborn_puppy/0009_850bffd37b99.jpg,736,1308,850bffd37b9907e0c1c5bd678056f07da634f60991b4a0ac594fc97930db0a50
newborn puppy,pinterest,https://i.pinimg.com/originals/49/78/21/4978219724fca2215c17ec467a9930dc.jpg,dataset/images/newborn_puppy/0010_56fe2f43b7ad.jpg,1936,2592,56fe2f43b7ad1cbcc8576cf375bfec4ffd6786df31abc41b20bb2e7b1eff12c8
newborn puppy,pinterest,https://i.pinimg.com/originals/0c/10/29/0c1029fdead443a9a7917d1e3a90ca95.jpg,dataset/images/newborn_puppy/0011_460bf20727c1.jpg,700,1244,460bf20727c1d2f2b53ecea774b177c1e906add3d4ce3addbc0b4b2b62346dd7
newborn puppy,pinterest,https://i.pinimg.com/originals/e7/45/4d/e7454d3eff017b11197364c9eaaede18.jpg,dataset/images/newborn_puppy/0012_786fec9e8355.jpg,520,314,786fec9e835586d3f8f8c2f8f114fd075f73c489da7aa6bbeca6eeee566f810c
newborn puppy,pinterest,https://i.pinimg.com/originals/2c/19/e0/2c19e0d1529687e8380ee1fca6794242.jpg,dataset/images/newborn_puppy/0013_18bc9818c979.jpg,540,960,18bc9818c9791fe35a25009edac739e91c24b6be53bc686ca6be8aed85821035
newborn puppy,pinterest,https://i.pinimg.com/originals/dc/c8/ca/dcc8cabd5445d67b61f1c9ebbaf45001.jpg,dataset/images/newborn_puppy/0014_e282dcbff8a3.jpg,565,565,e282dcbff8a357d8e67e76e29e14768e9d693437d118d57484082102da80fd50
newborn puppy,pinterest,https://i.pinimg.com/originals/3e/e6/89/3ee68916fa0dae057e657960ea4e55c2.jpg,dataset/images/newborn_puppy/0015_4d9fb1427901.jpg,427,640,4d9fb14279018a3b8d6bd385194ee621867e00741c455008dda7d9280a52f2fc
newborn puppy,pinterest,https://i.pinimg.com/originals/fd/2d/88/fd2d8873101c45fbc1de79d013c8f8f4.jpg,dataset/images/newborn_puppy/0016_5791e645be4c.jpg,735,1077,5791e645be4cf312f966853383e412e58fed32a700b3ae013211f0d5dd599850
newborn puppy,pinterest,https://i.pinimg.com/originals/0c/02/ae/0c02aee52c5b84ddbba47d22c80dc2d4.jpg,dataset/images/newborn_puppy/0017_681218ef464c.jpg,573,764,681218ef464c63fa639bd78ecab5b76843956061e12a6406c88fd8125d4e3d58
newborn puppy,pinterest,https://i.pinimg.com/originals/7e/0a/bc/7e0abc13f062943d9d753e63cddfd07c.jpg,dataset/images/newborn_puppy/0018_338d17a7a5b1.jpg,444,704,338d17a7a5b10b421d0b039a6f3fe20286fc8e01458991ebb0a41ea64bc0e79d
newborn puppy,pinterest,https://i.pinimg.com/originals/56/3b/23/563b231b37c41c1034ae3b38f057e35b.jpg,dataset/images/newborn_puppy/0019_88191d3e7609.jpg,795,1143,88191d3e7609321c365ca017f76d722947541fc02a6bf133444813be76053a1a
newborn puppy,pinterest,https://i.pinimg.com/originals/8e/e8/41/8ee841acf6ba632984ec5736588e574d.jpg,dataset/images/newborn_puppy/0020_bb09e316da9c.jpg,480,639,bb09e316da9c6a81ee3f1e9148c53b32777c21f78ccda1991d44f8911ec515b8
newborn puppy,pinterest,https://i.pinimg.com/originals/58/dd/89/58dd89f6b19c9f8a63967b61b7adf9e9.jpg,dataset/images/newborn_puppy/0021_68ae933b0756.jpg,320,480,68ae933b0756f8bbeecbae3dc5d56e5ff1b9b8c13b23e5946f693dd30b65ebd0
newborn puppy,pinterest,https://i.pinimg.com/originals/ca/26/14/ca261404bd4133189aeb6c699564c3e5.jpg,dataset/images/newborn_puppy/0022_ccc7e704f01d.jpg,600,871,ccc7e704f01dbf58bb328cf2f41bc14a83bd96df3640d9bdffaa5d406684a680
newborn puppy,pinterest,https://i.pinimg.com/originals/39/8c/a2/398ca2c0a39d1b91df84b3d509fd58d1.jpg,dataset/images/newborn_puppy/0023_4db7f9555ee2.jpg,900,750,4db7f9555ee268204069e80fb226bc8be9b90b5d065a82e274dab3cc920b2695
newborn puppy,pinterest,https://i.pinimg.com/originals/f8/8e/ac/f88eace68977c0865391cb9ed9c14342.jpg,dataset/images/newborn_puppy/0024_0fd188e71b9d.jpg,1440,1800,0fd188e71b9da7c2055e4079333e44e9e22a9738284d00704b7fa1e4f6d02290
newborn puppy,pinterest,https://i.pinimg.com/originals/03/6a/c7/036ac7cd91671432332025c0811c1bc3.jpg,dataset/images/newborn_puppy/0025_ef3a7c66c87c.jpg,810,1080,ef3a7c66c87c6551b8304dbc3cf0f3cd391aa7b8aed67b6ca2cc896f3ccccf2f
newborn puppy,pinterest,https://i.pinimg.com/originals/1b/7a/9a/1b7a9adabee928ea684c875413b05252.jpg,dataset/images/newborn_puppy/0026_0034fb290de1.jpg,467,700,0034fb290de186d9e304831a8250d64cc509a39413650f2ebbe1cb23abf89233
newborn puppy,pinterest,https://i.pinimg.com/originals/80/95/03/809503bf66c47a31d5bc9f893d3a46e6.jpg,dataset/images/newborn_puppy/0027_cf046f572b3e.jpg,1620,2160,cf046f572b3e5d89393ab2a9800fde75396789de2a83337ef9cc41a0302a393a
newborn puppy,pinterest,https://i.pinimg.com/originals/6d/4c/f9/6d4cf9a300587d8bf8f852c523d7fff2.jpg,dataset/images/newborn_puppy/0028_5cc7551c40e7.jpg,540,638,5cc7551c40e7f4a05313ba06ffd84eec20a3056275db2adeeb9cd2a52a6404b0
newborn puppy,pinterest,https://i.pinimg.com/originals/99/f6/94/99f6947fb4040bb4da345531806c9776.webp,dataset/images/newborn_puppy/0029_86e02aedb61d.jpg,1024,1536,86e02aedb61de60c11d600e292879c9417b395425829e62f0703c19447b6f891
newborn puppy,pinterest,https://i.pinimg.com/originals/e1/b1/88/e1b1887a551ad19a01671dcc41b9ba69.jpg,dataset/images/newborn_puppy/0030_4aee35ef7f44.jpg,500,356,4aee35ef7f44669e1cb9a8f8c530513928d27128b70bcbba2f1d891d46b0e0c4
newborn puppies,pinterest,https://i.pinimg.com/originals/92/e1/1d/92e11d54747cbf6c008de4fa76e598ac.jpg,dataset/images/newborn_puppies/0001_dbe6fd50a6a6.jpg,1080,1350,dbe6fd50a6a6e8735070b6cad362b8791a450f48c6d183004d1a9db91d6f96b8
newborn puppies,pinterest,https://i.pinimg.com/originals/46/38/bf/4638bf37705083f1d67a9b46289bc42d.jpg,dataset/images/newborn_puppies/0002_f2e80e512711.jpg,1080,1350,f2e80e512711159a6488ab130495175a96d205d08741597e9b28608d9ba6b474
newborn puppies,pinterest,https://i.pinimg.com/originals/44/65/02/4465028f1ddeaf4975b251c0f04504f4.jpg,dataset/images/newborn_puppies/0003_eb7a94d9b6ce.jpg,1080,1350,eb7a94d9b6ced9d89c88ba18a70272e4be3268bb89edfbf0831299d1dd1af5b6
newborn puppies,pinterest,https://i.pinimg.com/originals/cb/81/14/cb81141149d13d7fb9a2961c3ec602f6.jpg,dataset/images/newborn_puppies/0004_db78b67188a3.jpg,1080,1350,db78b67188a3c8e1636f3415d90e3bc245168e8044c1b05ea4e9f1027cebdc0b
newborn puppies,pinterest,https://i.pinimg.com/originals/cd/01/8a/cd018ac3519508d3a7e9379f1ed7a43b.jpg,dataset/images/newborn_puppies/0005_fef26b9543e1.jpg,1080,1350,fef26b9543e19c9ba673e0a1a16390bdafbd1dc4b598bf1a299caea42841523a
newborn puppies,pinterest,https://i.pinimg.com/originals/9f/50/c9/9f50c9713c15fee7214954e3c4ddd0c7.jpg,dataset/images/newborn_puppies/0006_1836657ec03d.jpg,1080,1350,1836657ec03d2c9291c5c9f7bbff70ea79c0a79b5bb0ade3034028bb3df3835e
newborn puppies,pinterest,https://i.pinimg.com/originals/43/b0/b3/43b0b3cac6085215c8a9cc5fa633d83a.jpg,dataset/images/newborn_puppies/0007_380fb7b9f427.jpg,1080,1350,380fb7b9f427fa42268521d6bf588eb0fb90e52a4d10f5bd283c83c9a86bdf36
newborn puppies,pinterest,https://i.pinimg.com/originals/46/8f/cc/468fcc4b903b871cbd8100beff78d807.jpg,dataset/images/newborn_puppies/0008_93ba7e8f8f9b.jpg,1080,1350,93ba7e8f8f9b660f56c4326b40d422e994dc344b612a6a2f6e114eed7808c0ec
newborn puppies,pinterest,https://i.pinimg.com/originals/34/4b/c7/344bc728607f27db718feb58ea4f1805.jpg,dataset/images/newborn_puppies/0009_3cd48ca11d08.jpg,1080,1350,3cd48ca11d08799c4256f94caa0a2cd69d50451057668ebba16f9f0b393dd742
newborn puppies,pinterest,https://i.pinimg.com/originals/d8/65/30/d8653081f9ccea183ff3f5d1479a43f2.jpg,dataset/images/newborn_puppies/0010_6c802a47d4e8.jpg,640,425,6c802a47d4e81dc73d2c8f5cbe2ef06d6ea10b174f02ae5f3e3ba92d58158817
newborn puppies,pinterest,https://i.pinimg.com/originals/bc/d2/c0/bcd2c0d523a94c6b9a3b7d08d3c2c94a.jpg,dataset/images/newborn_puppies/0011_6fa48170db0b.jpg,1080,1350,6fa48170db0b849e58914dccd04140d55dcf88cc30da13426a3f1d024905d547
newborn puppies,pinterest,https://i.pinimg.com/originals/78/c6/94/78c694892ae98624e7df28ab13997533.jpg,dataset/images/newborn_puppies/0012_0d11e88db961.jpg,751,755,0d11e88db9615938a04edcee7e160340d9a3e023558cca644892ce10283da3ca
newborn puppies,pinterest,https://i.pinimg.com/originals/05/02/0e/05020e6df0b7f220098b5019a205a148.jpg,dataset/images/newborn_puppies/0013_2baca30bc400.jpg,720,960,2baca30bc400bcd69a1d7fa1bf1bbafffa035d60312f82443b34ef4b23184b87
newborn puppies,pinterest,https://i.pinimg.com/originals/49/fd/4f/49fd4ffc46426ae004160e64b63cb175.jpg,dataset/images/newborn_puppies/0014_f9ed3de44e02.jpg,1512,2016,f9ed3de44e02c53e72cef82bf22a28483a3a38fa332c6f95db7d9b576da6ae3e
newborn puppies,pinterest,https://i.pinimg.com/originals/02/ea/3a/02ea3aa01621a92c718be3b64462975c.jpg,dataset/images/newborn_puppies/0015_0c048dbc8131.jpg,288,512,0c048dbc8131a602a02778549510852b549d97e31dfc880dbe90f62f6836f1b7
newborn puppies,pinterest,https://i.pinimg.com/originals/2d/e5/ba/2de5ba2676b29103a909798c877fc84a.jpg,dataset/images/newborn_puppies/0016_01e0cf3c3737.jpg,931,1655,01e0cf3c373737c88186cfb7ecee3555a643b4127c9759939769d0fff9d994c2
newborn puppies,pinterest,https://i.pinimg.com/originals/79/84/dd/7984dde84ccff85c2023d0dfdc5da7d0.jpg,dataset/images/newborn_puppies/0017_46b2e3427e2e.jpg,600,567,46b2e3427e2ee31a86c9d1837b3ef21afd18bff1f5b8681fc842d7010d43b9d5
newborn puppies,pinterest,https://i.pinimg.com/originals/c9/9f/47/c99f47940d34191868a2a5ccafbcedab.jpg,dataset/images/newborn_puppies/0018_2c7a8a57f700.jpg,1080,1080,2c7a8a57f700daba7345b3251fe05abcf002b864a9e634e8d3a837bdd724225d
newborn puppies,pinterest,https://i.pinimg.com/originals/c9/9e/be/c99ebe2447ed697a60eb48d64cd3303d.jpg,dataset/images/newborn_puppies/0019_b42b090c6a9d.jpg,1080,1920,b42b090c6a9dc36cfddb63c7934b30ffe07b543456e1a00437b70a10898f0577
newborn puppies,pinterest,https://i.pinimg.com/originals/7e/7e/a8/7e7ea89bfb5cf4182cf7e5c69ff81e96.jpg,dataset/images/newborn_puppies/0020_3aec878f6856.jpg,2448,3264,3aec878f68569c99fbf31105ad228d4bf422ac4ab455c52c1d15b9ab7f93cde2
newborn puppies,pinterest,https://i.pinimg.com/originals/82/50/b7/8250b796bd35017cb8e6d0fd5fa8e100.jpg,dataset/images/newborn_puppies/0021_6c12ab6f0be7.jpg,626,1112,6c12ab6f0be7f253e4313634a525612b0b34025f8ed403ba2ef2a679e1e87c82
newborn puppies,pinterest,https://i.pinimg.com/originals/c5/f6/55/c5f65522d2d5c33b7b417b0b4ffeaccc.jpg,dataset/images/newborn_puppies/0022_8b81537550a0.jpg,675,1132,8b81537550a0c51ee924a3a849cbb4c3385cb56652b991bd1fe17b36c7fc9b41
newborn puppies,pinterest,https://i.pinimg.com/originals/8d/6d/5f/8d6d5fc845f6988a00b21029c2c36b0d.jpg,dataset/images/newborn_puppies/0023_bbd556ddb669.jpg,675,1200,bbd556ddb66911ca533926a138a189366d39b7f6f36c1bc4bab16cd421202e6b
newborn puppies,pinterest,https://i.pinimg.com/originals/02/00/62/020062e1b4f16cdeccf59f56f34f7826.jpg,dataset/images/newborn_puppies/0024_43a20fa52955.jpg,288,512,43a20fa52955f38bae94ed0aea916de0f171e01a9ae8b83d1e9eabdf4e20259c
newborn puppies,pinterest,https://i.pinimg.com/originals/e8/ac/5c/e8ac5c0f3af83192f440a0bef3440c72.jpg,dataset/images/newborn_puppies/0025_c62d7ad28786.jpg,1170,1545,c62d7ad28786c0e742f0c0f4b30226c8fafdf745306ee7d9d286e18a2718b265
newborn puppies,pinterest,https://i.pinimg.com/videos/thumbnails/originals/25/40/48/254048ea26f6d1a371409a03f31caaee.0000000.jpg,dataset/images/newborn_puppies/0026_591bea1dcd71.jpg,720,960,591bea1dcd71e13a281da2839def86418ef71ac13f9d6f55b6ae28f48497e20e
newborn puppies,pinterest,https://i.pinimg.com/originals/a0/ff/ce/a0ffced8b619f5d49f7f6e9df2b66d9f.jpg,dataset/images/newborn_puppies/0027_fd9672ff220a.jpg,3024,4032,fd9672ff220ab1593c578737366bb6650be40c9160f347325da97ad93f524a19
newborn puppies,pinterest,https://i.pinimg.com/videos/thumbnails/originals/f1/83/a1/f183a1c5378ac542d1db4ca8e4577b06.0000000.jpg,dataset/images/newborn_puppies/0028_f71b3bbecdef.jpg,720,960,f71b3bbecdef2f68b2416ec9b4d0a07b2452c19caf0de3cc802646f657a08799
newborn puppies,pinterest,https://i.pinimg.com/originals/66/5e/c8/665ec896d1be65ae4b73a71766df6c20.jpg,dataset/images/newborn_puppies/0029_51c332cda9ea.jpg,3024,4032,51c332cda9eab8e94181f325465a6a096606106af422be4278b2260713f685c8
newborn puppies,pinterest,https://i.pinimg.com/originals/50/b7/82/50b782bbb500a57a0f41fa668868670b.jpg,dataset/images/newborn_puppies/0030_36fdf4cec76c.jpg,1000,665,36fdf4cec76c36adbbad00d2d863c9fc8045cd894daf6a3fe42eda256ba134f7
puppy photography,pinterest,https://i.pinimg.com/originals/94/aa/fd/94aafd3aa372a17f20cdb8ff38322418.jpg,dataset/images/puppy_photography/0001_f25c6e370422.jpg,760,937,f25c6e37042253ef9365ad1c175deb872dd66ab1dda86c08d58bcf78e0565c84
puppy photography,pinterest,https://i.pinimg.com/originals/e7/3c/b7/e73cb788d54bcc1e653f7b56dd8c1623.jpg,dataset/images/puppy_photography/0002_ab35ad953c3f.jpg,1080,1513,ab35ad953c3f01049c6896322954b7d7ff08abe54eb0aedf9798e3839e4cc88d
puppy photography,pinterest,https://i.pinimg.com/originals/21/2f/c8/212fc8c86b4b30cdaff1e9e1d7ae377a.jpg,dataset/images/puppy_photography/0003_fe595a71973c.jpg,640,640,fe595a71973c4561f70d3c9f09e50cf5c2c8861adb31861f2d1326b8e2ff4c46
puppy photography,pinterest,https://i.pinimg.com/originals/3a/42/34/3a423499fcdf71f1d1b4237256957465.jpg,dataset/images/puppy_photography/0004_2493a1974802.jpg,768,1376,2493a197480226cea8bbf547d7b313e73764f14d9401103dbe38139d667a9881
puppy photography,pinterest,https://i.pinimg.com/originals/61/7a/03/617a032c91678c37343209bb6bef2f6d.jpg,dataset/images/puppy_photography/0005_cc204db5ad28.jpg,880,1100,cc204db5ad2831b4e3f791f5ef48cd15fcd2c7e36459e4aadefe8efc125b7a1f
puppy photography,pinterest,https://i.pinimg.com/originals/99/66/f0/9966f00ef904c8b45e1fe800f3d99ef4.jpg,dataset/images/puppy_photography/0006_a01ecf9b1df2.jpg,640,800,a01ecf9b1df25c022f1a090512db6b4549bfe87cf041f1d88b9d6ead9a9e888b
puppy photography,pinterest,https://i.pinimg.com/originals/5f/e8/30/5fe830b0b6d2f6e47a18a5e7298f1548.jpg,dataset/images/puppy_photography/0007_282d2bb33eee.jpg,1024,768,282d2bb33eeef72b3808d9148c17c30b4f901db213a8577f3bf7ef2596d1c6c7
puppy photography,pinterest,https://i.pinimg.com/originals/ba/0a/f2/ba0af2d062e3b55daf0c344dcdafaf2e.jpg,dataset/images/puppy_photography/0008_5d2525b2c2ee.jpg,880,1181,5d2525b2c2eefa155dce56e6135af52484911177bc9f9476176e177e38c53f2a
puppy photography,pinterest,https://i.pinimg.com/originals/ad/d4/fc/add4fc4af5d9c59f362de9ec9d457d81.jpg,dataset/images/puppy_photography/0009_78ddf3bec019.jpg,760,1251,78ddf3bec019fb28da7e153fe4005e2326a38fb2ff166bd662e28fff562e2a43
puppy photography,pinterest,https://i.pinimg.com/originals/9e/df/9b/9edf9b6c85ec664ea6da30d59993faa5.jpg,dataset/images/puppy_photography/0010_0465e5505fab.jpg,1280,1600,0465e5505fab4a6add4a63d16a420621bc1f8b2059fa787efd12d2dc61d7eff1
puppy photography,pinterest,https://i.pinimg.com/originals/09/4f/d7/094fd7986550925c21dc05ddd95c01e2.jpg,dataset/images/puppy_photography/0011_024d5509c660.jpg,1440,1920,024d5509c660745ae529ebd90a9f923af44419aeb32aa83a000ac60e7146ed51
puppy photography,pinterest,https://i.pinimg.com/originals/f3/00/5c/f3005c0536b51ded4d24f34353c42bf4.jpg,dataset/images/puppy_photography/0012_ee2649ab73aa.jpg,1080,2400,ee2649ab73aa87414e525e38851a76b9ece784ce55905a763e9d1c6ce6a516dd
puppy photography,pinterest,https://i.pinimg.com/originals/12/c8/3d/12c83d296c37790406740c393059739b.jpg,dataset/images/puppy_photography/0013_18dfe0059b07.jpg,474,712,18dfe0059b070f33187e468caf5d3f19dd60d87017c37f3b1119c20d97843c3e
puppy photography,pinterest,https://i.pinimg.com/originals/56/09/12/560912e7d77c09323496764358f253a1.jpg,dataset/images/puppy_photography/0014_fdd1878d0971.jpg,564,845,fdd1878d0971f2a8c0b146c07720bac38b373d597a090fdd7093a4725310a13f
puppy photography,pinterest,https://i.pinimg.com/originals/b4/2b/46/b42b461ae898ed61de45f543141ae503.jpg,dataset/images/puppy_photography/0015_3bf6fb668b55.jpg,736,1180,3bf6fb668b55d135b0b5050af2480d98505ce570b15be3c8cdce7d5cc55d8694
puppy photography,pinterest,https://i.pinimg.com/originals/3c/c4/85/3cc485a8808a9f6067c578c60691b9d4.jpg,dataset/images/puppy_photography/0016_d447dc3a154c.jpg,980,1470,d447dc3a154cbcbf17b259ca5b38c7629c5e8d6eb2947a4a80f593e91904654a
puppy photography,pinterest,https://i.pinimg.com/originals/95/86/24/9586243e87e5575c5bf7eb81a39febd1.jpg,dataset/images/puppy_photography/0017_80701d0325fb.jpg,1440,1797,80701d0325fb736022dc42bbaa84d8324f3c4b9900cee972e696a9eddac1782b
puppy photography,pinterest,https://i.pinimg.com/originals/50/d9/87/50d9879dc208ed29a34fb43f59366199.jpg,dataset/images/puppy_photography/0018_4b3827ec7d3c.jpg,2251,4001,4b3827ec7d3ce356ee64f5609cac3458765d44feb499dcb26dee3195575b91d3
puppy photography,pinterest,https://i.pinimg.com/originals/c3/e6/e3/c3e6e33ce6f549557f9e2e5125e33f2c.jpg,dataset/images/puppy_photography/0019_0ee41d533697.jpg,720,1280,0ee41d5336971ded9e51e0bf5f1c6693ed9ff3fbadecb5b09b1050d3e1cee39b
puppy photography,pinterest,https://i.pinimg.com/originals/06/e3/fc/06e3fc15f12ea91af0bfef25c4a9916b.jpg,dataset/images/puppy_photography/0020_712568e77c52.jpg,736,736,712568e77c525c8dada1608144b405d1152c23dd80dcd126e9cf0f5f980b46ee
puppy photography,pinterest,https://i.pinimg.com/originals/02/a2/f7/02a2f758b7302b7f9696f090b1f6d428.jpg,dataset/images/puppy_photography/0021_c842b1ae40f0.jpg,540,860,c842b1ae40f09a1eacd892bdaf115cf16fc78155976a674cd64b37a0b3d2cc59
puppy photography,pinterest,https://i.pinimg.com/originals/92/dc/78/92dc786cb923c383cae7ae91e9a55a50.jpg,dataset/images/puppy_photography/0022_d069a4c6f445.jpg,736,1308,d069a4c6f445b9f64436ab1f5081ba072d54a3b51876f2415e49ae0f758f4184
puppy photography,pinterest,https://i.pinimg.com/originals/67/09/f1/6709f1e8aea034f0481a97b4fe228f15.jpg,dataset/images/puppy_photography/0023_4f84afb94250.jpg,580,755,4f84afb942502a6197004e6cfd70f27083881a9d84ac7b2b7f112c2421ba1865
puppy photography,pinterest,https://i.pinimg.com/originals/6b/36/7f/6b367f53e5df858d867aa45ab0ea93ca.jpg,dataset/images/puppy_photography/0024_5b7b88ba582c.jpg,980,1470,5b7b88ba582c16aa29ab2a4b730094fc4eef266e0cff0e5dbaab64ce96b564f9
puppy photography,pinterest,https://i.pinimg.com/originals/82/97/de/8297dee2d3f3e92a18cca6191d35938d.jpg,dataset/images/puppy_photography/0025_2a9a89f4eac0.jpg,474,711,2a9a89f4eac0054b020e1e0b0513525d448897639f2bd55100c96edb695f7107
puppy photography,pinterest,https://i.pinimg.com/originals/be/f5/9f/bef59f13bb8cd85820428947a266d4e3.jpg,dataset/images/puppy_photography/0026_a37597f04161.jpg,728,1018,a37597f04161875d5c87096b14839f105ac99f6ebad16b9f236dfa0b6c8519f1
puppy photography,pinterest,https://i.pinimg.com/originals/7c/00/bc/7c00bc9d9e68749fcb3c7dc59b6cf09a.jpg,dataset/images/puppy_photography/0027_d80769911f0d.jpg,880,1100,d80769911f0db17103c17cd2c251b6357e3bc205355277cc851e03c1a37316fb
puppy photography,pinterest,https://i.pinimg.com/originals/47/15/85/471585ac4efdd66975de3bc1e96392a3.jpg,dataset/images/puppy_photography/0028_992fb0a35cb8.jpg,563,844,992fb0a35cb8b058a7593cc00b279ee742c265e2fa0ff4aa59d8bd39a995f9dd
puppy photography,pinterest,https://i.pinimg.com/originals/7b/6d/bf/7b6dbff3cb2f704e0d6eef038e5e4f25.jpg,dataset/images/puppy_photography/0029_0c26e08689d4.jpg,1080,1920,0c26e08689d497da419188b705ac255eeb187be19a59e5626fe7590972f748d1
puppy photography,pinterest,https://i.pinimg.com/originals/2d/05/aa/2d05aa565ca8bac59521d72da5c59d91.jpg,dataset/images/puppy_photography/0030_504ab03c2d4c.jpg,720,1280,504ab03c2d4c090770a0035513c6c14fcac4d0c0f27eb5df3f35c808bcd5935b
puppy candid photo,pinterest,https://i.pinimg.com/originals/fa/80/d9/fa80d984f0d9db228e92068046a7c67a.jpg,dataset/images/puppy_candid_photo/0001_d80204cdd5a4.jpg,2448,3264,d80204cdd5a43daa794070fd7a22b59f20fc4955ee5a51e0916e47a1331f4d0a
puppy candid photo,pinterest,https://i.pinimg.com/originals/0d/41/c3/0d41c3e7e30d51da05c6caf45a61dd7b.jpg,dataset/images/puppy_candid_photo/0002_803402a64a63.jpg,1440,1440,803402a64a63fea49ce13078c14d8610e4be17bba1ea76ae39c4eb0c5256c135
puppy candid photo,pinterest,https://i.pinimg.com/originals/71/4c/80/714c80dd6e159d87369972f231c5f1af.jpg,dataset/images/puppy_candid_photo/0003_ce58d113460c.jpg,1190,1600,ce58d113460ccc0b963f5665488c7a92ff934e531915d9da9ee19c09c4d2b3f0
puppy candid photo,pinterest,https://i.pinimg.com/originals/70/98/14/7098149c9a996fda0d45ddbb664f743a.jpg,dataset/images/puppy_candid_photo/0004_0e41cfe0fdf5.jpg,900,1200,0e41cfe0fdf5cf90e59ce723e60867709a7f1c8e6e18e69944edcdafd4a4cb78
puppy candid photo,pinterest,https://i.pinimg.com/originals/fc/fd/bd/fcfdbdc4c8eaf7e8961bf2aae749c250.jpg,dataset/images/puppy_candid_photo/0005_75187585417f.jpg,1440,1800,75187585417fa7af81d72dd84acaedd8c32034a870aea13b045af3604078d974
puppy candid photo,pinterest,https://i.pinimg.com/originals/1f/8b/6e/1f8b6ebeb7ea3d80cacf01a2972cb1cf.jpg,dataset/images/puppy_candid_photo/0006_a5cdbd2515bf.jpg,736,1308,a5cdbd2515bf61b76b5547f49890366fe3809ff1da9d01ceaf33f4f6118f4e73
puppy candid photo,pinterest,https://i.pinimg.com/originals/78/22/c5/7822c5e58e08ccc14c1806bdfe11fd83.jpg,dataset/images/puppy_candid_photo/0007_d1da9f661062.jpg,1080,1481,d1da9f6610622394296e104a6085e0bbcede389e1fd3a5218a43a864deeddb6a
puppy candid photo,pinterest,https://i.pinimg.com/originals/9b/1d/fa/9b1dfa28df8793607a0effb76fd7fbd1.jpg,dataset/images/puppy_candid_photo/0008_c849ffd43625.jpg,795,1200,c849ffd4362564e290c1e99941cda9b8492e94fa012ab0a5e774d064a9e036cd
puppy candid photo,pinterest,https://i.pinimg.com/originals/42/b7/f0/42b7f081a1538900ca9ae6739698ad05.jpg,dataset/images/puppy_candid_photo/0009_ad8698bf5035.jpg,3024,4032,ad8698bf503584ea79f2dfccc16b1390f2d97e76c90cb6404028fab4769793e0
puppy candid photo,pinterest,https://i.pinimg.com/originals/c1/27/e4/c127e482afbd10e911e2494ab79101fb.jpg,dataset/images/puppy_candid_photo/0010_26c3fd1e6a2b.jpg,1100,730,26c3fd1e6a2baaa9df74d050c5bd0b8b2996bb54a1fbcd1624c8e28dcb9153c2
puppy candid photo,pinterest,https://i.pinimg.com/originals/82/e4/33/82e4330758374452ff874bce8222ad9f.jpg,dataset/images/puppy_candid_photo/0011_e0fdec2172d8.jpg,1206,1471,e0fdec2172d872ff1b2ad6bc43812906996be1257651ba4661b5161e3fbbbd5a
puppy candid photo,pinterest,https://i.pinimg.com/originals/19/bc/31/19bc318ba253cae2e2e4f4683e60a6b8.jpg,dataset/images/puppy_candid_photo/0012_3fd41a367497.jpg,750,999,3fd41a36749737a6194123cff05ed4476de7cb65a0aff1822895c2a46612130a
puppy candid photo,pinterest,https://i.pinimg.com/originals/35/01/63/350163e4f2b012ad5da62b51222bafab.jpg,dataset/images/puppy_candid_photo/0013_429a07db72e8.jpg,1080,1080,429a07db72e86b7618179c9085d341fd598e0696d10acd963ff96b35ed16372e
puppy candid photo,pinterest,https://i.pinimg.com/originals/f0/73/89/f07389aeecb7b03092bb3d23fd519363.jpg,dataset/images/puppy_candid_photo/0014_4f6d0d048110.jpg,1440,1440,4f6d0d048110fd24d5a072089250b96522732064cdb0d764f1e362985d56bc22
puppy candid photo,pinterest,https://i.pinimg.com/originals/d1/a1/d5/d1a1d5a6bf0998a6bba38588a1c07880.jpg,dataset/images/puppy_candid_photo/0015_c724c680c83d.jpg,564,845,c724c680c83d4b8c9fc937901651da903a5e1852d01bd49ae0794c17c381a19d
puppy candid photo,pinterest,https://i.pinimg.com/originals/06/da/0c/06da0c96b8ced8e0a79778122f225bc2.jpg,dataset/images/puppy_candid_photo/0016_d427f1edddf9.jpg,564,705,d427f1edddf9e399b1898d6e8057399733f56e178f44845a830d86e6402a61e5
puppy candid photo,pinterest,https://i.pinimg.com/originals/ca/eb/1a/caeb1a897de8c0930d8fb6be47cbe9ec.jpg,dataset/images/puppy_candid_photo/0017_648327c966b9.jpg,736,981,648327c966b922efd1c5604d308fe330c47cab91de3dd18b490bc50da0cb04b9
puppy candid photo,pinterest,https://i.pinimg.com/originals/08/dc/dd/08dcddcb1677005be125a7b2dfe5d799.jpg,dataset/images/puppy_candid_photo/0018_3031129e8d53.jpg,1284,1534,3031129e8d5303923c299e0309377548e715fc6add52c954c8719cf29354f4f7
puppy candid photo,pinterest,https://i.pinimg.com/originals/14/b7/f1/14b7f10dce2552f9a5a5e9e1f61adf28.jpg,dataset/images/puppy_candid_photo/0019_4aa4e535a28a.jpg,900,1200,4aa4e535a28a9da0f4dd739000ee19c8237da37c1628b24bf3e9bf1e6b6057a6
puppy candid photo,pinterest,https://i.pinimg.com/originals/f8/bb/75/f8bb752b0797e04e6ab9ba8f1a8edf2c.jpg,dataset/images/puppy_candid_photo/0020_c1af1ca6bd3b.jpg,878,928,c1af1ca6bd3ba7567cfdb8134967fb122afa97ba3321ae27fa00055a992cbcb2
puppy candid photo,pinterest,https://i.pinimg.com/originals/44/0e/5c/440e5c83bee7f6a9c5769659da8969cd.jpg,dataset/images/puppy_candid_photo/0021_9a7d627999df.jpg,884,1572,9a7d627999df660ff83caca245efa5d16e42ca08ad19dfa8c33c0782d347a0aa
puppy candid photo,pinterest,https://i.pinimg.com/originals/89/09/97/890997231cf7f0a66ba0816fc8af70bb.jpg,dataset/images/puppy_candid_photo/0022_765bef765b1a.jpg,828,1021,765bef765b1a89a80b58cbfd5ddc120f408826f54b15a84236ef92b682fcf001
puppy candid photo,pinterest,https://i.pinimg.com/originals/60/17/ea/6017ea6392bc716855c5690438140e91.jpg,dataset/images/puppy_candid_photo/0023_77f7f0fa7998.jpg,960,574,77f7f0fa7998277342ff7c0dc2b0e63dea58f04a248d4022f5430edc031c38e4
puppy candid photo,pinterest,https://i.pinimg.com/originals/c0/69/26/c069265ed8b8ce01c10a6a72746a464b.jpg,dataset/images/puppy_candid_photo/0024_901341ed0f11.jpg,547,960,901341ed0f11cd0ddf5261209d7b7a93b6702ca19b009e833e3c810acf4470a6
puppy candid photo,pinterest,https://i.pinimg.com/originals/31/df/a7/31dfa7fac4a45c7d890081c18aa588fa.jpg,dataset/images/puppy_candid_photo/0025_ed421f45efe9.jpg,736,1104,ed421f45efe929943a735f5f882b3961802da8afc8ddf7f0cc97e71b5c47ef47
puppy candid photo,pinterest,https://i.pinimg.com/originals/2e/3b/9f/2e3b9ff86e378adf897cebe6c21fdb36.jpg,dataset/images/puppy_candid_photo/0026_e181c1ea9d04.jpg,2006,3025,e181c1ea9d046b61679d1704a9e685278970f9cd6c027cc20306e66c4d3875d9
puppy candid photo,pinterest,https://i.pinimg.com/originals/ae/f8/43/aef84333237ea084fdae29df29a8b57b.jpg,dataset/images/puppy_candid_photo/0027_c59c785f575a.jpg,683,1024,c59c785f575a9fa88fb3ae37965ee79c46d4f0ec696702fb7849fb6c2d44d473
puppy candid photo,pinterest,https://i.pinimg.com/originals/c8/bf/e4/c8bfe4b14f09e82f643cf0b64be0927d.jpg,dataset/images/puppy_candid_photo/0028_dbdffb15fb30.jpg,1168,1752,dbdffb15fb30ba2aa90f9c6e60f7822eb72089554e6190827866f42a0908e3fd
puppy candid photo,pinterest,https://i.pinimg.com/originals/41/cf/9f/41cf9f40da7e1f9f650bedab3a5889a7.jpg,dataset/images/puppy_candid_photo/0029_3a1b9dced91a.jpg,800,1200,3a1b9dced91a35ef272ee29c5c70966be4737625a301e76ad9b4bb4cf4c88d14
puppy candid photo,pinterest,https://i.pinimg.com/originals/99/0c/c7/990cc709dc48f9fc1acef545a3fe51d2.jpg,dataset/images/puppy_candid_photo/0030_d14546eba05a.jpg,480,480,d14546eba05abb84b603a35f835a38184f37279d9024944e1dd3d70b78a4332e
puppy lifestyle photography,pinterest,https://i.pinimg.com/originals/44/2d/f3/442df30fb4cdcbe891a80ac710755674.jpg,dataset/images/puppy_lifestyle_photography/0001_acb3723353c7.jpg,1920,2560,acb3723353c75725528d3a6cf6a869abe42ad7547fc9f59f126ed11cf01864f2
puppy lifestyle photography,pinterest,https://i.pinimg.com/originals/e6/74/c3/e674c34b59fb98f85fcc44a25e2fae33.jpg,dataset/images/puppy_lifestyle_photography/0002_69488e09cfa0.jpg,1080,1920,69488e09cfa0081110c7c6541d3fdd8179a08113f0fc3ecf36d4916dfdd6ef81
puppy lifestyle photography,pinterest,https://i.pinimg.com/originals/02/a1/b9/02a1b9a5a178d9a43bb7f04e643455cc.jpg,dataset/images/puppy_lifestyle_photography/0003_2b565c509b73.jpg,1280,1706,2b565c509b731d2dca14fef4cb21209c90070c07bb85be5cb8c539e619a89bfa
puppy lifestyle photography,pinterest,https://i.pinimg.com/originals/75/82/4d/75824d4c15d22f9b2dc3160133fed467.jpg,dataset/images/puppy_lifestyle_photography/0004_21d4b4db09f2.jpg,1536,2304,21d4b4db09f2e0146d141a6a371cdaa04d30401423f5bb5ec2dd7bab94f24f0b
puppy lifestyle photography,pinterest,https://i.pinimg.com/originals/f2/20/d4/f220d431b201e9daa264ee4adc2f7a4f.jpg,dataset/images/puppy_lifestyle_photography/0005_f681fae5f823.jpg,1125,1491,f681fae5f823bf783288689cf513be89bd2a1b76efdf2fe81dc5657c90b4710f
puppy lifestyle photography,pinterest,https://i.pinimg.com/originals/f0/fa/5d/f0fa5df9fe4a5bc69390705cbb630e09.jpg,dataset/images/puppy_lifestyle_photography/0006_f14d55b9f269.jpg,736,1104,f14d55b9f269e2c098038eca10787e675440e58006af1f7f39353d35e4fbbd0d
puppy lifestyle photography,pinterest,https://i.pinimg.com/originals/73/2a/78/732a78d9ae74584b8492cb248e44b466.jpg,dataset/images/puppy_lifestyle_photography/0007_cb0dd9592b00.jpg,564,846,cb0dd9592b0032a039deb6165739b88d883e0fac13c3fef9288136673590eb57
puppy lifestyle photography,pinterest,https://i.pinimg.com/originals/6a/e5/ec/6ae5ec298eae29e40d4dc9fc026d2f54.jpg,dataset/images/puppy_lifestyle_photography/0008_1e203d0fdc95.jpg,1920,1920,1e203d0fdc9506275b72bbd0d3a34e635873ea821debac3331abc6f15e0bed5a
puppy lifestyle photography,pinterest,https://i.pinimg.com/originals/2f/60/ce/2f60ce49b643a5f2d80c4ad37a6786bd.jpg,dataset/images/puppy_lifestyle_photography/0009_1a4a81a4a5d2.jpg,1440,1920,1a4a81a4a5d25fbbaa0ecfbb78ab7ea6a1fb13f3b6d0fb10527cde045d6844fa
puppy lifestyle photography,pinterest,https://i.pinimg.com/originals/d6/0e/a9/d60ea94320292c72afa72fc70e57a9e9.jpg,dataset/images/puppy_lifestyle_photography/0010_d3b5a65ba6c0.jpg,768,1376,d3b5a65ba6c035934d84540efe99bebdd6bb372f1ced5e2e652ce9690e979213
puppy lifestyle photography,pinterest,https://i.pinimg.com/originals/ce/f7/9b/cef79ba583cbea32f0b67f8e49db9582.jpg,dataset/images/puppy_lifestyle_photography/0011_072ac1916f69.jpg,721,1080,072ac1916f699bbab6094729eac2184b78ed853639515cefe0251117b81198aa
puppy lifestyle photography,pinterest,https://i.pinimg.com/originals/dd/8e/db/dd8edb944de8471f5fe1ab42f3f191b3.jpg,dataset/images/puppy_lifestyle_photography/0012_0da1565249a0.jpg,1440,1919,0da1565249a03466e20d226ac92c5a882557af05b39e3c4c17a87240bc592c3e
puppy lifestyle photography,pinterest,https://i.pinimg.com/originals/7d/93/7e/7d937e47b0c07c9ad36c2bf7f7d06bac.jpg,dataset/images/puppy_lifestyle_photography/0013_97c854c67171.jpg,1040,1384,97c854c6717109bbd5c783a742163856146d867e62e69c97681004138c845f89
puppy lifestyle photography,pinterest,https://i.pinimg.com/originals/71/2c/60/712c60c96baf5ea24bf129accf4a0be7.jpg,dataset/images/puppy_lifestyle_photography/0014_76f180251d89.jpg,1080,1920,76f180251d896512f66a45182aed02d859b9a7c9772bd43d6d51b743c5289dea
puppy lifestyle photography,pinterest,https://i.pinimg.com/originals/3f/d3/92/3fd39224910a8678d62f5c73916652a3.jpg,dataset/images/puppy_lifestyle_photography/0015_3a660300c4b1.jpg,1440,1919,3a660300c4b1cab62802276671bdcd2b89b492f99bcce64d0c8c2ad39f714551
puppy lifestyle photography,pinterest,https://i.pinimg.com/originals/8f/9b/26/8f9b26e0c144cd461800a2645192f008.jpg,dataset/images/puppy_lifestyle_photography/0016_9a487d668b64.jpg,1440,1919,9a487d668b6445edb87ca1521c63c4bd9095f68c69c18769600aeb782757da1e
puppy lifestyle photography,pinterest,https://i.pinimg.com/originals/5f/52/c3/5f52c3a3ce214d57829ad3d04000735a.jpg,dataset/images/puppy_lifestyle_photography/0017_510aec8f674e.jpg,1440,1919,510aec8f674e9702d8253144d41d6dc5da3763c9a345e847517e94c14fc39dc2
puppy lifestyle photography,pinterest,https://i.pinimg.com/originals/4b/c5/ad/4bc5ad758947a6753c82df73863a7f82.jpg,dataset/images/puppy_lifestyle_photography/0018_fd5113791792.jpg,1440,1919,fd51137917928962037a0ab2a673297e66ff919262a5f213197d333bba4cbb25
puppy lifestyle photography,pinterest,https://i.pinimg.com/originals/37/12/e3/3712e3e89f7cdb3d3b2b4cd88da2c027.jpg,dataset/images/puppy_lifestyle_photography/0019_5276f116eb49.jpg,1440,1919,5276f116eb49ce9a2ab33a32b9ed654e5d6572967bda132297ad0d3d209c52e4
puppy lifestyle photography,pinterest,https://i.pinimg.com/originals/c0/c6/82/c0c682ab7667417703209430a128bfda.jpg,dataset/images/puppy_lifestyle_photography/0020_2b6487f5990d.jpg,1440,1919,2b6487f5990dff396bd9f334ad353a9409ec72b136ac31fd8d01b8348b635735
puppy lifestyle photography,pinterest,https://i.pinimg.com/originals/83/33/8e/83338e2bc6263b261765c9a4ec07f7db.jpg,dataset/images/puppy_lifestyle_photography/0021_071fbcb21540.jpg,1440,1919,071fbcb21540adc22b270f41a14df29d5d22db25c04eef4a8f46e4c5bbe913b9
puppy lifestyle photography,pinterest,https://i.pinimg.com/originals/6e/37/9d/6e379de53720a50d00829b8ab90130c6.jpg,dataset/images/puppy_lifestyle_photography/0022_44a5293f1c30.jpg,1440,1919,44a5293f1c30e103910dcecc3a5fa1b175a05769f63791397b91f7fabf497985
puppy lifestyle photography,pinterest,https://i.pinimg.com/originals/1e/01/4a/1e014a0fd701942e96f68ed4b075a39c.jpg,dataset/images/puppy_lifestyle_photography/0023_8150fe46dec5.jpg,1440,1919,8150fe46dec5586e88600046068272c907aa1f197446665d2dcf3adf750bf690
puppy lifestyle photography,pinterest,https://i.pinimg.com/originals/41/24/6a/41246addf221d0276fea8ffd88e9ce08.jpg,dataset/images/puppy_lifestyle_photography/0024_36a5f654353f.jpg,1440,1919,36a5f654353f5ee57f212fd7e1e3905e407c85603d44fac73e644109f2819867
puppy lifestyle photography,pinterest,https://i.pinimg.com/originals/70/fc/76/70fc760042b86beb2751a0eecccce7e5.jpg,dataset/images/puppy_lifestyle_photography/0025_c35012b95efa.jpg,1440,1919,c35012b95efaba030c4d25a2f1592690b0ac812409ac69db7d5c8a26f0a12011
puppy lifestyle photography,pinterest,https://i.pinimg.com/originals/71/ab/db/71abdb667bba36ea220309bb8ec4a5ec.jpg,dataset/images/puppy_lifestyle_photography/0026_fdef0342d0a5.jpg,1440,1919,fdef0342d0a5ca4c6882d114d2439b8d40ebc91a5b83bb2ddd841f2e75f4745b
puppy lifestyle photography,pinterest,https://i.pinimg.com/originals/bb/a3/9c/bba39c4f0ee3d2edbe5930569d66283f.jpg,dataset/images/puppy_lifestyle_photography/0027_04d55a3baa82.jpg,750,860,04d55a3baa82cf772bf40cbd200d2cb6fc4515708075b24de5a9211234d0d0fa
puppy lifestyle photography,pinterest,https://i.pinimg.com/originals/d4/10/8b/d4108bf06ccac963c11c4b1a428120e8.jpg,dataset/images/puppy_lifestyle_photography/0028_e83759057d38.jpg,1440,1919,e83759057d388d19809807c4d392598e123969c7c1d52d5acbed6e0e7a10ffb5
puppy lifestyle photography,pinterest,https://i.pinimg.com/originals/d5/ac/4c/d5ac4cd15a1cec92c028baca7a2f4d00.jpg,dataset/images/puppy_lifestyle_photography/0029_a1699b99d876.jpg,564,846,a1699b99d876dd362cedd2ecc97a5e9430225e7d47f048723e110f5319399de8
puppy lifestyle photography,pinterest,https://i.pinimg.com/originals/a2/e2/33/a2e2332ba74a0b8da24111e85432a02b.jpg,dataset/images/puppy_lifestyle_photography/0030_45d6503a30e2.jpg,1080,1350,45d6503a30e2a9fb4829c5aba24598a3ccb693befd3d135c110c900636fe9d03
puppy natural photo,pinterest,https://i.pinimg.com/originals/06/62/05/066205d65af2a20e51be67123784943d.jpg,dataset/images/puppy_natural_photo/0001_3caf2752ff3a.jpg,960,638,3caf2752ff3aaacd2b2468b3bfd7160455383e503ab1e86d1a33c73c442956ef
puppy natural photo,pinterest,https://i.pinimg.com/originals/3a/3d/4b/3a3d4b04d70cc293fadf195b4e1a7bcb.jpg,dataset/images/puppy_natural_photo/0002_5fee2951a333.jpg,564,705,5fee2951a333def0ffc078d9dc00d89c957e4a2de2a1fe2b1ce1e594bd3a6c7f
puppy natural photo,pinterest,https://i.pinimg.com/originals/44/4d/b3/444db33c2953091798da47207d45a0a9.jpg,dataset/images/puppy_natural_photo/0003_21dce5a175b7.jpg,720,719,21dce5a175b7b0cd60f623323bb1e06b0b950589c5c7c567309b43eeb0975e5f
puppy natural photo,pinterest,https://i.pinimg.com/originals/f7/fe/14/f7fe14bed52071a4f5fbc104fe1cfcf1.jpg,dataset/images/puppy_natural_photo/0004_f72b37bbef50.jpg,675,1200,f72b37bbef50fd3e34eafc588580a3750c3ddd12790f8cc546e8498e801a2f4b
puppy natural photo,pinterest,https://i.pinimg.com/originals/44/c8/11/44c81169086863127a6c6f8b53d23744.jpg,dataset/images/puppy_natural_photo/0005_6c280f1bac53.jpg,736,1308,6c280f1bac530c6ff4768688f1fc6320b417e91684d53f751a353059458d2906
puppy natural photo,pinterest,https://i.pinimg.com/originals/17/6d/62/176d624ac6f8a2c1167171f6cce60c01.jpg,dataset/images/puppy_natural_photo/0006_a8eabf23a192.jpg,1024,1536,a8eabf23a1926d33731897cacc7c1e43beb53fb6314eeab7580d6ed67a276fd5
puppy natural photo,pinterest,https://i.pinimg.com/originals/f1/d6/7d/f1d67d8768a52eb3c36c6d278c8be636.jpg,dataset/images/puppy_natural_photo/0007_e03c17b1d8cd.jpg,940,1671,e03c17b1d8cd4292b458af89dc103ef1c7fbcceb4a441b20dedbc5134ec6f398
puppy natural photo,pinterest,https://i.pinimg.com/originals/8d/62/3d/8d623d29d00789fcf27ffe0e44d6d8f4.jpg,dataset/images/puppy_natural_photo/0008_b017c037fcf7.jpg,1000,1334,b017c037fcf70b876f7b50734a1f51fd9b0ec8ea2e18ae58a9703490d8251727
puppy natural photo,pinterest,https://i.pinimg.com/originals/de/e2/70/dee270013cbf81fe02746270f590e0df.jpg,dataset/images/puppy_natural_photo/0009_b3e4bb091adf.jpg,1280,1640,b3e4bb091adf2e0e3e261c9acaf7da63d8dfe069c7ba82c200aa048179d8f538
puppy natural photo,pinterest,https://i.pinimg.com/originals/ec/62/6c/ec626c59dbe9f2f99a27a960a5e66f86.jpg,dataset/images/puppy_natural_photo/0010_445e323f35af.jpg,400,600,445e323f35afc3a4a1c3cacfe6e114c3493debafd2b81b95171cea65546898b1
puppy natural photo,pinterest,https://i.pinimg.com/originals/98/93/7f/98937faa490a74577e7e58e21c2eb035.jpg,dataset/images/puppy_natural_photo/0011_96736a57e54f.jpg,2304,4096,96736a57e54fa9a046b409370a154c26750315c53a00041e5dc193b077ac1cab
puppy natural photo,pinterest,https://i.pinimg.com/originals/1d/6d/93/1d6d9317ff91a9a85d2bcbccf484c6ca.jpg,dataset/images/puppy_natural_photo/0012_dc5b48f453f0.jpg,600,600,dc5b48f453f056a6a2cd33ba275feb51aa75f1ebf3868a98d5c2d4765cdd1ebd
puppy natural photo,pinterest,https://i.pinimg.com/originals/ba/7d/3f/ba7d3fec00b66fa4c39184b6d65b8903.jpg,dataset/images/puppy_natural_photo/0013_9ad1b4b65e54.jpg,1122,1122,9ad1b4b65e54301d5791e9f8c92253ffad1348be2bdb8cb6885e187f86b14fc6
puppy natural photo,pinterest,https://i.pinimg.com/originals/92/21/ba/9221ba65886d085ff1b76425d0139a9b.jpg,dataset/images/puppy_natural_photo/0014_dbfe9d8334ad.jpg,349,524,dbfe9d8334ad9dee7a9ce6bdd84ddeccc2127b0de909e71faf46b1d5c45318bc
puppy natural photo,pinterest,https://i.pinimg.com/originals/88/9e/30/889e306f928a7cb8f5ec7c559686f8d6.jpg,dataset/images/puppy_natural_photo/0015_c30dae3b2b93.jpg,540,960,c30dae3b2b9353694f9719a4fe66a1abe3af65bd64a47765d43358787780fb9b
puppy natural photo,pinterest,https://i.pinimg.com/originals/78/be/f7/78bef75219948bd4bdb0583f66dfda3a.jpg,dataset/images/puppy_natural_photo/0016_dd990e1e964c.jpg,735,968,dd990e1e964c025e6ff626b4fd8e4048e7bbd68bc78996705e7a8c4a8bb941f5
puppy natural photo,pinterest,https://i.pinimg.com/originals/2a/b1/a9/2ab1a9fa155aaa51b43dab233d8d3c87.jpg,dataset/images/puppy_natural_photo/0017_157db4ea5d2b.jpg,1080,1080,157db4ea5d2b74a9046fa638563bf47aaa0a12d5b2fb0102216f582168dff298
puppy natural photo,pinterest,https://i.pinimg.com/originals/28/a0/16/28a016bd033d9f83cce0aa8bfb832fc7.jpg,dataset/images/puppy_natural_photo/0018_2f303a32d614.jpg,736,1038,2f303a32d614c3063a3498cb0966ef55b29fd6df2a27f8d692c3ba5ccdcabbec
puppy natural photo,pinterest,https://i.pinimg.com/originals/3b/7c/fb/3b7cfb0baaf46d4df61e7e159cacbdf3.jpg,dataset/images/puppy_natural_photo/0019_fa31aec15ace.jpg,736,736,fa31aec15ace319eda85913ef9e595929f25c4b9235c7f78ac9a70f445468d87
puppy natural photo,pinterest,https://i.pinimg.com/originals/8b/46/59/8b46593423246eab1625f25aea55ea23.jpg,dataset/images/puppy_natural_photo/0020_aa7fb205c944.jpg,600,900,aa7fb205c944a03486b960e5c0232683642154051a99be9e955b5e46cd78223f
puppy natural photo,pinterest,https://i.pinimg.com/originals/b0/a4/87/b0a487822982ebde418d0cb29a428b29.jpg,dataset/images/puppy_natural_photo/0021_e1de586e4790.jpg,683,1024,e1de586e4790d0fc411b8c8a094757b3b8d36378322042b2e4e0958aef6dc8ca
puppy natural photo,pinterest,https://i.pinimg.com/originals/3e/ba/70/3eba70b7600c637b789ba2f4917de26c.jpg,dataset/images/puppy_natural_photo/0022_cafe8fa0ccb3.jpg,620,930,cafe8fa0ccb323c5ea9cc22ab708b67660f9785842b79bcdcc415ed612f31ca8
puppy natural photo,pinterest,https://i.pinimg.com/originals/ca/d7/5c/cad75c71ab6ad2335c9731b0c4f4afcb.jpg,dataset/images/puppy_natural_photo/0023_f223573d14d6.jpg,605,957,f223573d14d662b4498a8b2f8b301f4efedae5e6501ca253e5ba17335914d66c
puppy natural photo,pinterest,https://i.pinimg.com/originals/78/fb/8c/78fb8cb45e4331572cf7e0316e052bf2.jpg,dataset/images/puppy_natural_photo/0024_28c77fb24555.jpg,375,492,28c77fb245552b64b934a3fe0c4af5d105f403560e0dc12324e42d1a8b75219b
puppy natural photo,pinterest,https://i.pinimg.com/originals/70/9d/b3/709db37ac9b10108ec9f34c22beff0bd.jpg,dataset/images/puppy_natural_photo/0025_4ef9e3e6d93a.jpg,470,584,4ef9e3e6d93a62d608329aac93817a6e71c717dbd7c2883ef0138770a9020b42
puppy natural photo,pinterest,https://i.pinimg.com/originals/eb/f1/4b/ebf14b307b772ccb7c0ddc82306cf835.jpg,dataset/images/puppy_natural_photo/0026_c97e24f8d133.jpg,564,846,c97e24f8d133330a915510882c9238d31fbcc3897632405b4753c249e56f1f57
puppy natural photo,pinterest,https://i.pinimg.com/originals/29/66/12/29661299c6a4b7250920af09363d8138.jpg,dataset/images/puppy_natural_photo/0027_488837b2e940.jpg,360,640,488837b2e940f4631d69f1ef99924bc31cd9745b98173afea8a4e6102b90b953
puppy natural photo,pinterest,https://i.pinimg.com/originals/30/37/07/30370798885ae68aae184909ecf3e7bf.jpg,dataset/images/puppy_natural_photo/0028_7a30823c1910.jpg,1440,1800,7a30823c1910dc54949fa01768e8b7aca2e354cae9d29bda38f025a69ce64a12
puppy natural photo,pinterest,https://i.pinimg.com/originals/05/2a/50/052a5027698330849e5b15343daf8058.jpg,dataset/images/puppy_natural_photo/0029_3799d4195d3c.jpg,473,649,3799d4195d3ccd8adc405c35e1ccd2512cb2a9d6f9376c09246b11368f30f10d
puppy natural photo,pinterest,https://i.pinimg.com/originals/28/5d/38/285d38968889b0924fd84383928cb8b3.jpg,dataset/images/puppy_natural_photo/0030_e4a7ce80c912.jpg,700,700,e4a7ce80c9129ebce380702194e71714988ce27991be72b9296d02ae06228c75
puppy phone photo,pinterest,https://i.pinimg.com/originals/74/6f/20/746f2025a9b69a3c2bcba25e298f8b7b.jpg,dataset/images/puppy_phone_photo/0001_147133e3cce0.jpg,1080,1920,147133e3cce05b1c4995dc2b403c04d4aa8e8296948f16116bd43d2c2d17ceb3
puppy phone photo,pinterest,https://i.pinimg.com/originals/4e/7d/64/4e7d640cfaf7a301fdcb17c880aa251e.jpg,dataset/images/puppy_phone_photo/0002_112eb680c711.jpg,736,740,112eb680c71128826b83ce7108ad352a16bc86f925b63ad53d71dfc8ecce3eb9
puppy phone photo,pinterest,https://i.pinimg.com/originals/59/81/04/59810430e65b79020dce9d46af3281e7.jpg,dataset/images/puppy_phone_photo/0003_324bb74444c0.jpg,360,640,324bb74444c0cd92eb41bd3d1e86356614d7badc8b51d680ecef290f4401f986
puppy phone photo,pinterest,https://i.pinimg.com/originals/48/96/7b/48967bcbc55a5d195142c45dc68f7520.jpg,dataset/images/puppy_phone_photo/0004_e4e14c97e82c.jpg,377,574,e4e14c97e82c6792cfc3feb329360a2fa1434e51053dd31e723c62f404b1b24b
puppy phone photo,pinterest,https://i.pinimg.com/originals/90/5a/69/905a69367d7b1a40e5c99c51f89b1deb.jpg,dataset/images/puppy_phone_photo/0005_f85eaf38807f.jpg,720,1558,f85eaf38807f874579d6dcd4e87b54eabe71d0e16ed72cbf9422280a9745fb6b
puppy phone photo,pinterest,https://i.pinimg.com/originals/b8/c6/c5/b8c6c5a10e0eb23332684badd715b66f.jpg,dataset/images/puppy_phone_photo/0006_0259826cdcb9.jpg,1432,1448,0259826cdcb901f29fd2358567c2c2f3920f21a84a70329dc475f282ca632951
puppy phone photo,pinterest,https://i.pinimg.com/originals/5a/56/3b/5a563bd56343500a058e2a37f826a692.jpg,dataset/images/puppy_phone_photo/0007_38e4816840a5.jpg,1562,1933,38e4816840a546e908b867cfc7b416b86bbd106eb40200ad2279fe505279ff73
puppy phone photo,pinterest,https://i.pinimg.com/originals/e4/97/a5/e497a5c031821ee32ddc2cc4fb4f4dc1.jpg,dataset/images/puppy_phone_photo/0008_3e7a368be8b0.jpg,564,1003,3e7a368be8b0882323048394847eadde8b7a027a2a6142b1d69b112309afeef6
puppy phone photo,pinterest,https://i.pinimg.com/originals/f3/b6/9c/f3b69c8310db0d03fd8421fd599084ef.jpg,dataset/images/puppy_phone_photo/0009_adae4d1db7d2.jpg,730,844,adae4d1db7d2595b64c85b9a96969ca70c8613373ceec338c3b79fc3034fa02d
puppy phone photo,pinterest,https://i.pinimg.com/originals/8b/e4/1c/8be41cccda418626e659c89acb099821.jpg,dataset/images/puppy_phone_photo/0010_c48fde8318f3.jpg,1396,1486,c48fde8318f33ecf83ef2f92397f76ba4b3b70e90d6b7522d99e16db845dd679
puppy phone photo,pinterest,https://i.pinimg.com/originals/ab/ce/29/abce291dd4b02755b8158cc4f6737a06.jpg,dataset/images/puppy_phone_photo/0011_e12355e0824f.jpg,674,1198,e12355e0824f6fc0b21645505c066f7f48498c187f5c9d707852d3e0888dd879
puppy phone photo,pinterest,https://i.pinimg.com/originals/86/35/79/863579b41186c4260b1979248da7d416.jpg,dataset/images/puppy_phone_photo/0012_8799e2fd9106.jpg,1080,1080,8799e2fd9106c43ae505351eb56fecb2f949e73c031548b398b05e714f4d86f8
puppy phone photo,pinterest,https://i.pinimg.com/originals/89/41/b5/8941b54f46250f0c2c7056a6404a0688.jpg,dataset/images/puppy_phone_photo/0013_66f1733e44ec.jpg,1080,1131,66f1733e44ec09d66d6e090f337c99937a13b4bf9fedf57131b01f20df1407dd
puppy phone photo,pinterest,https://i.pinimg.com/originals/f4/d9/50/f4d950822ea6124b4a5b3f92ff3437f0.jpg,dataset/images/puppy_phone_photo/0014_f591ec0a59e6.jpg,1179,1526,f591ec0a59e65c2eeb75f596c300a62d101e511f4aa39e5fcb068025ad51698a
puppy phone photo,pinterest,https://i.pinimg.com/originals/e4/74/57/e47457d8c0889d6c3f1ba778b6dc9e2e.jpg,dataset/images/puppy_phone_photo/0015_29aae30d75b9.jpg,829,1472,29aae30d75b968fd525879e7644d26546473dda6815cfdc9cdc8a6866e37fcd3
puppy phone photo,pinterest,https://i.pinimg.com/originals/20/3b/56/203b56a9bd53e73f50d9b36324abb355.jpg,dataset/images/puppy_phone_photo/0016_a766fb059549.jpg,736,1308,a766fb05954925469469d0f4828a343d46535a0a324c52c1757570e3698dc09b
puppy phone photo,pinterest,https://i.pinimg.com/originals/62/93/32/629332008f5597c9d0c2a91718f898fd.jpg,dataset/images/puppy_phone_photo/0017_0dd38f7b70ef.jpg,1080,1380,0dd38f7b70ef1b566d4f9f28a18316ece57e03c1447dc2514d380d9f13cb3324
puppy phone photo,pinterest,https://i.pinimg.com/originals/67/e4/04/67e4048c7a482d426110ea5c643068e6.jpg,dataset/images/puppy_phone_photo/0018_44a27ac24e96.jpg,502,716,44a27ac24e9634eb6b182cd948f6a419bf4bf87765d912a3ab2a9a773e1a5f9f
puppy phone photo,pinterest,https://i.pinimg.com/originals/f4/d2/0c/f4d20c4cfb3af340f05f193f6a3fbf4b.jpg,dataset/images/puppy_phone_photo/0019_4e6a44341e06.jpg,562,560,4e6a44341e062dece8c4184b8acc63162ce257d30ecbc18c78cbcafe661a7642
puppy phone photo,pinterest,https://i.pinimg.com/originals/56/80/4c/56804c82fbdc307c7cbbc06b97d51f20.jpg,dataset/images/puppy_phone_photo/0020_dd81ced6f684.jpg,1080,1080,dd81ced6f6845f1686f69e21ab7dfba168b8095651e58aecaf6e0ea41190a1fe
puppy phone photo,pinterest,https://i.pinimg.com/originals/2c/3d/61/2c3d612e7a23bbbba33a97c903fc2aa9.jpg,dataset/images/puppy_phone_photo/0021_d4b00a05867c.jpg,676,1200,d4b00a05867c565865c548090fd85b87eb69ac8d242bc4118be15deeda6e414a
puppy phone photo,pinterest,https://i.pinimg.com/originals/71/a8/e3/71a8e34805cc8da09500eee7a926bc7f.jpg,dataset/images/puppy_phone_photo/0022_4160bc877de5.jpg,736,736,4160bc877de5bcd65b543e58eb413941868861c01204c6117c6cbdcf7cf046a2
puppy phone photo,pinterest,https://i.pinimg.com/originals/43/03/b8/4303b8f526661c9de40ba0b69c319a68.webp,dataset/images/puppy_phone_photo/0023_1c334bc8bde1.jpg,1024,1536,1c334bc8bde15fe0580b386c9fd5a9ba80f1bcfd5ae4b3113dbb13170a458f19
puppy phone photo,pinterest,https://i.pinimg.com/originals/e0/63/63/e06363c764e89f062cdcf90067dd8ede.jpg,dataset/images/puppy_phone_photo/0024_823f03d925d4.jpg,828,1530,823f03d925d470ed343565bc83bc3c0962386004da4477180f90370b10c457c6
puppy phone photo,pinterest,https://i.pinimg.com/originals/20/ae/ac/20aeac6f56eb010f8b65225d0704382b.jpg,dataset/images/puppy_phone_photo/0025_69a4b9efb98d.jpg,736,736,69a4b9efb98d24bf98cd97b46d88f48e0a926daa0d44ed311fcc2fb96d83956f
puppy phone photo,pinterest,https://i.pinimg.com/originals/94/fa/6c/94fa6c8b042899ede7af0feb9516a413.jpg,dataset/images/puppy_phone_photo/0026_31db1c5841d0.jpg,1179,1547,31db1c5841d016533cd3a6ee646e3dbf5dfa7b3a1a4bbc2ebd28b44df75b2c86
puppy phone photo,pinterest,https://i.pinimg.com/originals/4e/37/92/4e3792a7fda68697ddfb0bc996f43c6e.jpg,dataset/images/puppy_phone_photo/0027_f057843fbf7d.jpg,556,556,f057843fbf7db70d16fdfb852a3ab6a15dd61f067f118bb68b0c56e25b86c8ab
puppy phone photo,pinterest,https://i.pinimg.com/originals/5d/3b/a4/5d3ba4a7353de1f3aa7e28832f02ff4f.jpg,dataset/images/puppy_phone_photo/0028_df8a4be052c3.jpg,616,1280,df8a4be052c304ab6ce2f6609abf352e2a0dda83cf6bb21c441988f1031e17a5
puppy phone photo,pinterest,https://i.pinimg.com/originals/2f/f3/68/2ff36892313e8859a5014eb79631049d.jpg,dataset/images/puppy_phone_photo/0029_2b3720202ff0.jpg,1143,2048,2b3720202ff01a7b8ce9a88f029903cb274d31661b3d65d84501a0aefeadce92
puppy phone photo,pinterest,https://i.pinimg.com/originals/af/41/a2/af41a2eb2b205213b4c09d94ce3567a1.jpg,dataset/images/puppy_phone_photo/0030_fbe4d8dd0162.jpg,640,640,fbe4d8dd01621c60756eaeb52f13158d8021fa813dd9384a350d2955d009a2c0
puppy face,pinterest,https://i.pinimg.com/originals/e7/63/61/e76361ae9e122bfbf0f8edabc07d5de4.jpg,dataset/images/puppy_face/0001_f83200c02dfc.jpg,564,317,f83200c02dfc02e0676c6f91e87182d6c4f4d6d1a818b10fe4008f4b4ddda681
puppy face,pinterest,https://i.pinimg.com/originals/9d/89/6e/9d896e35258fb22b2af0fc6a6520ab7e.jpg,dataset/images/puppy_face/0002_419cb3e83ea1.jpg,663,900,419cb3e83ea1d0a2f4d0c1e1b9cbba00976b184bc50a10657461fa5c082928ef
puppy face,pinterest,https://i.pinimg.com/originals/74/06/fd/7406fd51645ce4af6000d767fdbe97dd.jpg,dataset/images/puppy_face/0003_043d975f61b4.jpg,403,403,043d975f61b46d2343cb06fc994559cce06713dafecdd63af9f335cf045559d7
puppy face,pinterest,https://i.pinimg.com/originals/31/ef/98/31ef981333994ed28126adeaaa07cd7f.jpg,dataset/images/puppy_face/0004_afc7fbd56c9f.jpg,1470,1450,afc7fbd56c9fa3348e5aaea3b5e6047d838d111a7a4827681a9ad72db00b7231
puppy face,pinterest,https://i.pinimg.com/originals/3d/67/b0/3d67b0a45c223ee47caf7739830891b7.jpg,dataset/images/puppy_face/0005_b5aef25d1a17.jpg,1152,2048,b5aef25d1a1701c4b06ea6b2d6b6f55c4d23f02f7c62b677ab73581016931a44
puppy face,pinterest,https://i.pinimg.com/originals/99/b8/d2/99b8d255f5b241ee2aa8238b89ec9cdc.jpg,dataset/images/puppy_face/0006_2d8db762748b.jpg,564,889,2d8db762748bdfc6aac427635abda2913f430b9715ca45a03824b7c6d0127399
puppy face,pinterest,https://i.pinimg.com/originals/4a/eb/4f/4aeb4fd726af588517c73cb244292fce.jpg,dataset/images/puppy_face/0007_b4550b72f8b0.jpg,720,720,b4550b72f8b016949ba1d37becd87ee571ad0285fa767d04b6d90933542c4623
puppy face,pinterest,https://i.pinimg.com/originals/1f/70/f4/1f70f4368e113227d6fee44611e1251e.jpg,dataset/images/puppy_face/0008_76db73a8c6b7.jpg,1070,790,76db73a8c6b7cc36af7f71ed0b0a5c9fb8af9b85545e1b55532f1be7f3bab664
puppy face,pinterest,https://i.pinimg.com/originals/ee/25/db/ee25db4f57b8af1aea97b533c770b178.jpg,dataset/images/puppy_face/0009_38c0dd129cae.jpg,1459,1421,38c0dd129caed0a42ae0bfb1b2b86b24ef6798ffa8481e5807b53059488079e5
puppy face,pinterest,https://i.pinimg.com/originals/44/8e/ed/448eedd10b46f91d32f2ce8cbc125bac.jpg,dataset/images/puppy_face/0010_0aeb5830ed0e.jpg,2448,3264,0aeb5830ed0e143dc67e0a63cb354a4e2c101009e8393b675d6e84e77896ddd5
puppy face,pinterest,https://i.pinimg.com/originals/68/ff/d4/68ffd413ebf63f033bd36d9abd973ed0.jpg,dataset/images/puppy_face/0011_73041122f6dd.jpg,894,822,73041122f6dd4c7ae9a6bfdb52f5e3d2fc6b7dc0e25e6c4cf82b95db701cac48
puppy face,pinterest,https://i.pinimg.com/originals/7a/a9/4a/7aa94abd614e3000f7f05e038515909e.jpg,dataset/images/puppy_face/0012_439259578342.jpg,1022,1022,43925957834221d7d1f9a0259ac21a0fae42de00711f8cfba995a03f7b5d5604
puppy face,pinterest,https://i.pinimg.com/originals/dc/57/8e/dc578ec1b44f32fb403589fe8094098e.jpg,dataset/images/puppy_face/0013_e1a1be91e973.jpg,828,714,e1a1be91e9738019bba6fda79eabefcfad397b679659bbadfc8251f951e91afe
puppy face,pinterest,https://i.pinimg.com/originals/2f/65/f4/2f65f4a56d1eeb015f7db1c1e13079a1.jpg,dataset/images/puppy_face/0014_8377bc4e3573.jpg,600,590,8377bc4e3573826f84fc1058dd905d2c937783d6fed99a89b23939e156d70f60
puppy face,pinterest,https://i.pinimg.com/originals/43/97/7c/43977cdc6b558119a80d0fa81758cbbe.jpg,dataset/images/puppy_face/0015_907f5ebbd5ce.jpg,959,958,907f5ebbd5cee12911fe4f9f4414e2f5e878aa4a6c994b39c9955b628fa9e0fd
puppy face,pinterest,https://i.pinimg.com/originals/be/0a/36/be0a3668b48098bfa09e71a4394802a1.jpg,dataset/images/puppy_face/0016_e0212d1caa8e.jpg,474,474,e0212d1caa8eacea6a053859b8f8e3c0ab3bfbd950f2410732f74a11d83a143a
puppy face,pinterest,https://i.pinimg.com/originals/81/6f/db/816fdb2485a9ba0fd1c3ff4c9c44d194.jpg,dataset/images/puppy_face/0017_0e559ae83ce6.jpg,735,974,0e559ae83ce6d10455ca5ce98658264bc157142e918c710b3139303b96a0eba2
puppy face,pinterest,https://i.pinimg.com/originals/ad/9c/5f/ad9c5f153a9d1a42f36716bb7f88c90f.jpg,dataset/images/puppy_face/0018_4f092992f0d8.jpg,640,640,4f092992f0d86aec915a0f56a437771bbf65e103a09fc371c53b5cbeac69895d
puppy face,pinterest,https://i.pinimg.com/originals/89/28/78/8928780db25a7e63d4842b02504a1b10.jpg,dataset/images/puppy_face/0019_807d56e2aa7d.jpg,1266,1638,807d56e2aa7d7e936abdc1b990553c9d9730590c9803b9dbe023794ee6692cac
puppy face,pinterest,https://i.pinimg.com/originals/0b/d6/59/0bd65928a6bf475c8dfd508b1b759450.jpg,dataset/images/puppy_face/0020_683739499335.jpg,834,604,6837394993355eaf0de10dc11e1b77670156389ab649db57afef1c921acb57ab
puppy face,pinterest,https://i.pinimg.com/originals/f0/0d/09/f00d0982f67073a6d030f030d1b09249.jpg,dataset/images/puppy_face/0021_2ca18b0bf05e.jpg,735,785,2ca18b0bf05e5fe0ebf6273dddfcab625279d505c9c4e3233cf48601df521017
puppy face,pinterest,https://i.pinimg.com/originals/36/44/97/3644978eb7dd32bd5bd5c2434fae00cb.webp,dataset/images/puppy_face/0022_7d7ad899fa53.jpg,640,833,7d7ad899fa53345ba27dd7d51700166af52e80189ebd086bcc0abd4066305b06
puppy face,pinterest,https://i.pinimg.com/originals/e0/fe/57/e0fe57c177453578ace508af72801119.jpg,dataset/images/puppy_face/0023_d5dc405ddc17.jpg,479,564,d5dc405ddc170ad2e0ad9f959839fc314c56b7514698ae6c23aeb1706594b736
puppy face,pinterest,https://i.pinimg.com/originals/85/8d/c7/858dc764056ae8f6b61865f6cb42aec1.jpg,dataset/images/puppy_face/0024_7c9c23fed859.jpg,1138,1200,7c9c23fed85964e05e7e64e00af810fbd52e0fb3b33b8ecf24b3c918487a6a16
puppy face,pinterest,https://i.pinimg.com/originals/c3/d6/b2/c3d6b2c9364148c513bd927e1af5797a.jpg,dataset/images/puppy_face/0025_175dae8a4011.jpg,1080,1080,175dae8a4011228ec8460c883cea096e39df1ee5c800f691f7de5128cc2eff8b
puppy face,pinterest,https://i.pinimg.com/originals/b2/45/55/b245551865db7d341a6e2bb628159604.jpg,dataset/images/puppy_face/0026_40fb901a9c92.jpg,1080,1080,40fb901a9c92d7acf5b8e446c5cb9e2987d39273251a2fded0d3a5d1fff75de9
puppy face,pinterest,https://i.pinimg.com/originals/15/15/7e/15157ecfcef3a6a6c136290bed970a59.jpg,dataset/images/puppy_face/0027_3156bac2d515.jpg,736,889,3156bac2d51503c603423d21fce614aca4407ca06f5f4d339e1357b8a7f4ba07
puppy face,pinterest,https://i.pinimg.com/originals/c7/d5/1b/c7d51b69e121c9b9dc17628c1ab5651b.jpg,dataset/images/puppy_face/0028_06edddb99444.jpg,474,645,06edddb994444d7865168a1f36f8358740d1f8488d85382dd42ceaf490c532f3
puppy face,pinterest,https://i.pinimg.com/originals/19/11/0a/19110a75dc2d2724cb8cb9a7676f0e76.jpg,dataset/images/puppy_face/0029_f8afec200702.jpg,1425,1455,f8afec2007025cc80c22eb75673490d42aa0e00d59f9f901078f4269b57e8d58
puppy face,pinterest,https://i.pinimg.com/originals/b9/96/04/b99604b98daaf76522a3c8872ca91f67.jpg,dataset/images/puppy_face/0030_3f4972768972.jpg,1080,1920,3f4972768972184559118f86cf743cd9436c8fe13b7de4217356b4b18b7d8575
puppy face close up,pinterest,https://i.pinimg.com/originals/db/93/24/db9324483c83f0b6eacbf17bfb4686b1.jpg,dataset/images/puppy_face_close_up/0001_4d3cdf2fc9a5.jpg,736,1308,4d3cdf2fc9a5146c7bec1dceb5aabfed2b4c4d996f1c5c5182a45e19dd835a9c
puppy face close up,pinterest,https://i.pinimg.com/originals/e1/c2/89/e1c2896abf5ab40021e65224b4215d80.jpg,dataset/images/puppy_face_close_up/0002_c9a6c9cfff91.jpg,283,450,c9a6c9cfff91ef4a0edf89fbbf027e957f81839c605aa850a375a563b2ca055e
puppy face close up,pinterest,https://i.pinimg.com/originals/cb/1d/07/cb1d07a74e43fa6177ad424a36a193cd.jpg,dataset/images/puppy_face_close_up/0003_eeb40476f0d4.jpg,524,498,eeb40476f0d4dcb7ac6a613a5d4b78bcfde00bdcc6a48a83e98b041760892266
puppy face close up,pinterest,https://i.pinimg.com/originals/b8/89/d4/b889d4df3ec4e5e0a6c03ac5271de5e4.jpg,dataset/images/puppy_face_close_up/0004_5d36693097b9.jpg,736,981,5d36693097b922c35838d3906635dad525b5905a72675ab078c600b03f28e1ea
puppy face close up,pinterest,https://i.pinimg.com/originals/f7/02/27/f70227133ba5cb692b2525a39785501f.jpg,dataset/images/puppy_face_close_up/0005_e66b8ba96c65.jpg,934,1192,e66b8ba96c65acd4179fa960dc63fcc12b657513211d0748f3f13bf5906d1af8
puppy face close up,pinterest,https://i.pinimg.com/originals/ff/69/3a/ff693ac70098818d3b5163aa15812747.jpg,dataset/images/puppy_face_close_up/0006_519c37584fc6.jpg,398,398,519c37584fc6e500e043ee361c93559a58aacecf001ecdec8ca55fafc9e9c011
puppy face close up,pinterest,https://i.pinimg.com/originals/93/40/bd/9340bdc0ac6e7a3acb40d6adf696da8d.jpg,dataset/images/puppy_face_close_up/0007_163dbaf2f540.jpg,1179,1601,163dbaf2f540c526b1f7593a1c388a8c670d28a151b9913b3a9d96b765d96e75
puppy face close up,pinterest,https://i.pinimg.com/originals/bd/30/f8/bd30f8edfbd6ebeb9279c639e6f008ea.jpg,dataset/images/puppy_face_close_up/0008_25f7f7d309a8.jpg,564,479,25f7f7d309a8b59fa4aa125ac075e9d12bc6fcdb73ffa39fa2206c8f1aaf9de0
puppy face close up,pinterest,https://i.pinimg.com/originals/7f/e8/5d/7fe85d01da17b678a8922f0e68e002cb.jpg,dataset/images/puppy_face_close_up/0009_6cd661516015.jpg,736,736,6cd6615160154e54e15bab7e52c89a04ec71fd4dcb95752ee034e7bd5db1d17a
puppy face close up,pinterest,https://i.pinimg.com/originals/a7/f1/7e/a7f17e54184f5c74fe10c5dcfa946088.jpg,dataset/images/puppy_face_close_up/0010_eb44176d98ea.jpg,668,552,eb44176d98ea2bfa49366616d39125eb4346b46c375f287f356a6d24042f6b96
puppy face close up,pinterest,https://i.pinimg.com/originals/59/01/db/5901dbbcb47a394bf685bf78a540593b.jpg,dataset/images/puppy_face_close_up/0011_5ed654fd8217.jpg,600,615,5ed654fd82171a1bc9b7b6d4b03808a9bc1e97b64d9b14de9252f107e1a83dad
puppy face close up,pinterest,https://i.pinimg.com/originals/68/b9/07/68b907c68116ead03ba465dd82321375.jpg,dataset/images/puppy_face_close_up/0012_efd422014987.jpg,720,720,efd422014987ba9ebebca97ac1014d970503b5471ce602009f564218f0ae2c14
puppy face close up,pinterest,https://i.pinimg.com/originals/c6/05/e4/c605e436bdc188bc0f86bad0c46b9434.webp,dataset/images/puppy_face_close_up/0013_43bead927c8d.jpg,1080,1080,43bead927c8de3802916d747daccd59d80103371ae4fe211a1741179c62d5a3e
puppy face close up,pinterest,https://i.pinimg.com/originals/59/71/37/59713773b1683bc57f1db585dda02768.jpg,dataset/images/puppy_face_close_up/0014_3ab1e5457d54.jpg,1455,1425,3ab1e5457d5467e727d36b89dec51868adab07eca271ac7ddea4220fb4ca9502
puppy face close up,pinterest,https://i.pinimg.com/originals/7f/4f/93/7f4f93fc30bfd1bbf3af262b1b6e6ea3.jpg,dataset/images/puppy_face_close_up/0015_e827abcc3ee8.jpg,1080,1920,e827abcc3ee893efb7a83aa66eab5323692b8f02681c2d32fecc2c75b090f099
puppy face close up,pinterest,https://i.pinimg.com/originals/ff/ac/6c/ffac6cad73b1a1e04c0993c94de067ce.jpg,dataset/images/puppy_face_close_up/0016_ee0970082c46.jpg,640,688,ee0970082c4667be5fb84eac24d7417c669edd46f5884689bd72ac4ea6ca69df
puppy face close up,pinterest,https://i.pinimg.com/originals/4c/d5/66/4cd5669a097b54a24889ce22c1c2d461.jpg,dataset/images/puppy_face_close_up/0017_5d78517878d8.jpg,1080,1424,5d78517878d89793e4e73ebec5359d78b2e4fc17156091bd38c21811bd5c8ca6
puppy face close up,pinterest,https://i.pinimg.com/originals/0d/8e/80/0d8e80aab2e387a09bfcec41e5037f93.jpg,dataset/images/puppy_face_close_up/0018_4830f5f8290e.jpg,640,640,4830f5f8290e3351c4896e1c32da213e5b647be91b9ec48560b6bf53433ed196
puppy face close up,pinterest,https://i.pinimg.com/originals/21/83/f9/2183f9215acdbd2fd1f210cce5b3513d.jpg,dataset/images/puppy_face_close_up/0019_b9df97053bf7.jpg,1126,2002,b9df97053bf7561da2e613ddff93a034588e913e823444b21fcebaf9bd2bc7e3
puppy face close up,pinterest,https://i.pinimg.com/originals/13/90/92/139092879afd412b6c7882c8203eade9.jpg,dataset/images/puppy_face_close_up/0020_739ac53675b2.jpg,600,615,739ac53675b2a28ec6ba3a365d31c60436f1145adef96fcae177763fa0f00651
puppy face close up,pinterest,https://i.pinimg.com/originals/f7/d0/55/f7d055d76e8d42f2c4047be59723a792.jpg,dataset/images/puppy_face_close_up/0021_0d25282cea16.jpg,720,606,0d25282cea16774a87a145dbc25582c979e0b104c452bbdaabf86ef9baa1fa37
puppy face close up,pinterest,https://i.pinimg.com/originals/77/4c/a9/774ca99de0cfe398ae986e1041a5b19e.jpg,dataset/images/puppy_face_close_up/0022_53bc2c1fc5cc.jpg,1170,1280,53bc2c1fc5cca6fbcd15e26a316058f2467e7ad86be2cee6e0af008d84fac1b5
puppy face close up,pinterest,https://i.pinimg.com/originals/b1/0e/3e/b10e3e314668dea937a0a8f34480dad9.jpg,dataset/images/puppy_face_close_up/0023_7ac05df03c5d.jpg,736,414,7ac05df03c5d9ea09fc6c6753167c78f155e13c2186e8a53a3933974e1edbe36
puppy face close up,pinterest,https://i.pinimg.com/originals/0e/7c/3e/0e7c3edad93dd208ce0fc6a4f24c5226.jpg,dataset/images/puppy_face_close_up/0024_d6fe37cbe9a6.jpg,498,747,d6fe37cbe9a68dbd43351e01c4f3473dd49a33d39ce369759b62613c6a0cf7a4
puppy face close up,pinterest,https://i.pinimg.com/originals/6b/24/f8/6b24f872d41ba5f21bfc30e8562be205.jpg,dataset/images/puppy_face_close_up/0025_0b3d0be4f998.jpg,600,615,0b3d0be4f99883dd6f07e673fbc984c00bb797489b07b76d90c04f7f274264a8
puppy face close up,pinterest,https://i.pinimg.com/originals/a9/3b/d2/a93bd27a389fa8247138075b99d56cab.jpg,dataset/images/puppy_face_close_up/0026_fbc0dcd7727d.jpg,598,492,fbc0dcd7727dcda53366f88441ff4675edf87b351973e81a1d2819fd8253cf8d
puppy face close up,pinterest,https://i.pinimg.com/originals/1a/50/bb/1a50bbb261d5081bcca653b1d55f6fee.jpg,dataset/images/puppy_face_close_up/0027_25bc40c83092.jpg,720,739,25bc40c83092bad7bee99445330133a43caff602b955b3f55d4ac0c715e309d6
puppy face close up,pinterest,https://i.pinimg.com/originals/67/89/7c/67897cd2c1566619b4a847bc6ae63cab.jpg,dataset/images/puppy_face_close_up/0028_6e03c914247e.jpg,872,1263,6e03c914247ece7d91889f66122ae586cde8c8e2af899a3af32085541fd5814f
puppy face close up,pinterest,https://i.pinimg.com/originals/93/97/4b/93974b692f5aa6e518ab1db983ef56ff.jpg,dataset/images/puppy_face_close_up/0029_c554f1c741c8.jpg,600,615,c554f1c741c887124de16b9132623a291b5c58305c24ab5ba9d6ed3b5a653024
puppy face close up,pinterest,https://i.pinimg.com/originals/71/9d/16/719d16f788ba0b259846dc4cfce0b1f8.jpg,dataset/images/puppy_face_close_up/0030_b473706e2212.jpg,600,600,b473706e22129d7593ae8ae3555c9e505730abbf51cef44e370ae041801a8e48
puppy close up,pinterest,https://i.pinimg.com/originals/c4/0f/d4/c40fd46bc6a0528b2eafba4f097c8244.jpg,dataset/images/puppy_close_up/0001_bdc6634c06f9.jpg,640,640,bdc6634c06f99a7ea39ce33b488e7e3a01ddd65354ac3210c25b1843c802e6b7
puppy close up,pinterest,https://i.pinimg.com/originals/7b/a8/14/7ba814ae74977630817f7481f82ad8fe.jpg,dataset/images/puppy_close_up/0002_321017952483.jpg,600,615,321017952483ab2e579a2e5fe8d1f32be25ac559727140a00b2c0f801db06287
puppy close up,pinterest,https://i.pinimg.com/originals/7e/a3/7b/7ea37bdca105c16b1021ff80ba9ed9cf.jpg,dataset/images/puppy_close_up/0003_1d61cdffbb5a.jpg,650,650,1d61cdffbb5a3f4ae3f2bb2dd835253320298039b4e2de18861c8b7591ac8c05
puppy close up,pinterest,https://i.pinimg.com/originals/a9/d5/da/a9d5dad35802308e04054453f437b347.jpg,dataset/images/puppy_close_up/0004_3b9840428764.jpg,600,615,3b9840428764b1e0b885aa29f75561edc3afdd348568fe1d2369b4cd6ba2c08f
puppy close up,pinterest,https://i.pinimg.com/originals/6c/be/39/6cbe399311aa54d652c47b3f15328964.jpg,dataset/images/puppy_close_up/0005_751f83d14ca7.jpg,736,939,751f83d14ca7fc3f3b0e6a87555b238b19d76a391c1976d19453ac338c85903f
puppy close up,pinterest,https://i.pinimg.com/originals/02/83/62/028362020c9362e09b4572f280b6687d.jpg,dataset/images/puppy_close_up/0006_c22a379fdf16.jpg,474,632,c22a379fdf1668890d8bb14de9fa4b5e5c67b4519a09a1e44155a28471b8a0c8
puppy close up,pinterest,https://i.pinimg.com/originals/b8/41/81/b841813f8ce82ecebda336d26db5fa18.jpg,dataset/images/puppy_close_up/0007_549129e3fc68.jpg,720,720,549129e3fc68dfe634e3e13575f7e93c8e103e392107e816cdca389175f475d2
puppy close up,pinterest,https://i.pinimg.com/originals/a4/2b/db/a42bdb01a32293fdafbf226ec22df863.jpg,dataset/images/puppy_close_up/0008_d9d80df48c9d.jpg,749,932,d9d80df48c9db2683bb063918fb1a75e26a49289227f4a80486c3f8a2472e553
puppy close up,pinterest,https://i.pinimg.com/originals/53/89/a3/5389a3590c8b66cf3a540650685ef03d.jpg,dataset/images/puppy_close_up/0009_1d8adc4dc0e6.jpg,473,533,1d8adc4dc0e6929f928794dfac1d8e7f8f3e37bd6dbcf49f3e3fb1aaab955fda
puppy close up,pinterest,https://i.pinimg.com/originals/25/70/50/2570500867412ecaa902942c76428471.jpg,dataset/images/puppy_close_up/0010_75a928f8e307.jpg,800,1200,75a928f8e3077cc2fdf12dd0c773ba315d9d47024e39cf1d60fffe1e9bd29e7d
puppy close up,pinterest,https://i.pinimg.com/originals/d0/89/a8/d089a86094612bd055bcce06c516b3f5.jpg,dataset/images/puppy_close_up/0011_b8956fd4bb46.jpg,736,720,b8956fd4bb463f0e9ad314923749ee19f2d9fe95a8113ef121f32f7db41510ea
puppy close up,pinterest,https://i.pinimg.com/originals/e8/5b/d3/e85bd36bfd56671e77529f8671236683.jpg,dataset/images/puppy_close_up/0012_2683079b90f8.jpg,500,333,2683079b90f8d68bbdebae291b0ce6d0622b21047509eadbc4385423390b37d6
puppy close up,pinterest,https://i.pinimg.com/originals/ed/33/0f/ed330f20ec99fc5205c9ae7d4a4d374e.jpg,dataset/images/puppy_close_up/0013_37b7bbc774f3.jpg,650,650,37b7bbc774f36edafeefbd3d8f6d40d5484f114069a610dbdb2296301a545487
puppy close up,pinterest,https://i.pinimg.com/originals/1c/11/d1/1c11d1b08dcb123d3f08f0c890ce1021.jpg,dataset/images/puppy_close_up/0014_fa8beb1492b3.jpg,1080,1350,fa8beb1492b31f6987c061fc83d7beceb2cd3aae147afe67a84fe5a33b1291a1
puppy close up,pinterest,https://i.pinimg.com/originals/89/c3/21/89c321e10a7fbadc8a075590ae4345b8.jpg,dataset/images/puppy_close_up/0015_efe62be52032.jpg,600,615,efe62be5203218d626ab1c9332f6fd0ab2dec53bc206778c6d4cb05916c71639
puppy close up,pinterest,https://i.pinimg.com/originals/a3/fe/a4/a3fea41042c303d22b92edd8fa342241.jpg,dataset/images/puppy_close_up/0016_38b5f6637fa3.jpg,600,615,38b5f6637fa34faffe2794e07382714f699c2eae381026faad878003d3a7749d
puppy close up,pinterest,https://i.pinimg.com/originals/bd/27/4f/bd274fa82f0ee8609278b1c30e3d204e.jpg,dataset/images/puppy_close_up/0017_62459ca905f1.jpg,3024,3024,62459ca905f1e8e05b3ee7b5573c56b559bae969578d25e3678305949325bc71
puppy close up,pinterest,https://i.pinimg.com/originals/14/4a/8c/144a8c7f86934a95ddc9bae848be6428.jpg,dataset/images/puppy_close_up/0018_ce4a389962cf.jpg,640,640,ce4a389962cf0e66c870453cab589648fc8bbaee27d2bf58d7f5d62d7e1aab8f
puppy close up,pinterest,https://i.pinimg.com/originals/85/d5/77/85d5770822b6d6df0c02adc6933cdda0.jpg,dataset/images/puppy_close_up/0019_8365abc93c4c.jpg,1080,1920,8365abc93c4c02e6e3218276af93c6240935fdbc80c0befef9dda44f99357665
puppy close up,pinterest,https://i.pinimg.com/originals/ff/58/78/ff5878f76b2e234f4852481d1cbb614a.jpg,dataset/images/puppy_close_up/0020_2e11d2de1476.jpg,1010,1391,2e11d2de1476262669a21d247035ab5dcedb2f9ef634f0dcbf99676ba767bfff
puppy close up,pinterest,https://i.pinimg.com/originals/e2/58/b5/e258b5ae2b1cf8195d33743570dbe498.jpg,dataset/images/puppy_close_up/0021_9212e5b391f0.jpg,960,960,9212e5b391f05fdea7e5a5714c8daef9cc018dbec57e34d7842b874fde28b50b
puppy close up,pinterest,https://i.pinimg.com/originals/f1/41/02/f1410227b91b53b19a1c7e5565c603fa.jpg,dataset/images/puppy_close_up/0022_94da4ff1fc35.jpg,646,877,94da4ff1fc35519b73944bdb1eb4241bb81b1a8d3761922ad5e2edffcb9c2f3c
puppy close up,pinterest,https://i.pinimg.com/originals/12/b3/38/12b3381d41d3c2e1a69cbdb730b65371.jpg,dataset/images/puppy_close_up/0023_c70ffc49bd5d.jpg,640,640,c70ffc49bd5d4f477ca4c9d728308e5514029aa35230b44e01a22b8512d1f6e8
puppy close up,pinterest,https://i.pinimg.com/originals/3a/fe/6b/3afe6b7697e95c181a245549c62b9310.jpg,dataset/images/puppy_close_up/0024_bc79cefa8172.jpg,564,846,bc79cefa81723a9f7398e58451016146a244b36e065cce58f552f590e3198a28
puppy close up,pinterest,https://i.pinimg.com/originals/e0/bd/c3/e0bdc3d941b71e0ca7120f7f545028b1.webp,dataset/images/puppy_close_up/0025_e856c35ad39a.jpg,376,565,e856c35ad39a4f1e5bbd9a1b726fc25c39f619ffe9ffc0508f749ff09f045470
puppy close up,pinterest,https://i.pinimg.com/originals/7a/a9/f8/7aa9f81dc672a376ffcb6d816a633ff6.jpg,dataset/images/puppy_close_up/0026_3480136dc962.jpg,960,1280,3480136dc962b76c05faedc4654c2abfaacfc0f748a21c6f7b65419b5948fdcb
puppy close up,pinterest,https://i.pinimg.com/originals/55/f2/fc/55f2fce89697aa57d9df750efa51c5bb.jpg,dataset/images/puppy_close_up/0027_58b77d34bf56.jpg,728,1148,58b77d34bf56ee79b497864ad22b7ab95aaf9b7f9ed0e0cfc8bc7f9eeb7535d8
puppy close up,pinterest,https://i.pinimg.com/originals/eb/49/6b/eb496b2425fc54806e99a122cad952ed.jpg,dataset/images/puppy_close_up/0028_e49bd8cce24c.jpg,1080,1080,e49bd8cce24cb0eada98662716e341de4712b426394af95a21859d0974197435
puppy close up,pinterest,https://i.pinimg.com/originals/ba/2a/e5/ba2ae5ca3b95d2e821d430469a819df7.jpg,dataset/images/puppy_close_up/0029_781247ec7fd0.jpg,984,1295,781247ec7fd09a75d08c28af24168813c8b168103d7e7a29f87495ff67a5ad55
puppy close up,pinterest,https://i.pinimg.com/originals/5c/2e/63/5c2e63405627889763f7adbc170ffbd4.jpg,dataset/images/puppy_close_up/0030_3de41d4dc643.jpg,600,615,3de41d4dc643eb47f8d3d535b093e61962d8bae4cd43c75b43155abca15faa8f
puppy eyes,pinterest,https://i.pinimg.com/originals/28/37/b2/2837b2a50c73a6dab404b3150500aa5a.jpg,dataset/images/puppy_eyes/0001_a6b58a461c40.jpg,335,340,a6b58a461c40239855706f3c14674ef15654162038fc2e67ac29b58cfa7e0b7f
puppy eyes,pinterest,https://i.pinimg.com/originals/45/60/b5/4560b5621e4c13320769e48ff1374bc7.jpg,dataset/images/puppy_eyes/0002_10c83446b3ee.jpg,564,889,10c83446b3ee7269cd5d7322e233bc4cdc611fbc75860afc789523936e221e50
puppy eyes,pinterest,https://i.pinimg.com/originals/68/e1/80/68e180b8e713d2360c5ca36bd0c0b105.jpg,dataset/images/puppy_eyes/0003_79a7179555a7.jpg,429,428,79a7179555a7a322f61e1819ab57516aac033744e190b696832df6606a5f6a1a
puppy eyes,pinterest,https://i.pinimg.com/originals/90/4c/41/904c413430f86e3c8b6f11b5b288e6c2.jpg,dataset/images/puppy_eyes/0004_d8874131d1c0.jpg,1080,1920,d8874131d1c0c41eb6618920269afc2d7c50e8724e3ae8c3b307bb099aa7983f
puppy eyes,pinterest,https://i.pinimg.com/originals/2b/78/0b/2b780bf87e945a04ac6d2e21d1104ab9.jpg,dataset/images/puppy_eyes/0005_c41c4c50de52.jpg,1440,1920,c41c4c50de525b9c370ec0b1bee61b0115ea7bf484b17538d50248127f37a288
puppy eyes,pinterest,https://i.pinimg.com/originals/8e/47/37/8e47375581b8d4e2940436218870ac05.jpg,dataset/images/puppy_eyes/0006_960d403f7247.jpg,1198,996,960d403f724701b8b82c9805d84ee24313640e689f5f799924c1976b6126b614
puppy eyes,pinterest,https://i.pinimg.com/originals/cb/06/ed/cb06ed9a9fd1316fb75f5c10f4602322.jpg,dataset/images/puppy_eyes/0007_942674b3e109.jpg,736,981,942674b3e109084eccb0032c94004d6ad9fed879105acf9748d2ac7d57a97316
puppy eyes,pinterest,https://i.pinimg.com/originals/51/4d/ee/514dee2699ec4e39f46aa0d3c7754e74.jpg,dataset/images/puppy_eyes/0008_2d296c9224d4.jpg,640,640,2d296c9224d44fc7c6cec855ba467df51210686d783814223808bc14fc87913c
puppy eyes,pinterest,https://i.pinimg.com/originals/20/dd/b3/20ddb3d9dfab497ea840a1535bef9ffb.jpg,dataset/images/puppy_eyes/0009_c888b40be42d.jpg,1242,1644,c888b40be42d97b6206da4151673038f92b7318d4f492be97b065724d78e2da5
puppy eyes,pinterest,https://i.pinimg.com/originals/02/e3/18/02e318675c48f4b5bc181c9ff0e4bdcb.jpg,dataset/images/puppy_eyes/0010_9432b3871eb7.jpg,720,578,9432b3871eb7cce539b5aaed46b30f46dbbe1d3414416b7a88434ca5ca511564
puppy eyes,pinterest,https://i.pinimg.com/originals/b8/9b/e8/b89be8fe39c82a5ba6282b85d9aa28f7.jpg,dataset/images/puppy_eyes/0011_c08b13547ed4.jpg,533,680,c08b13547ed489d436cc33427d8b473a7b78e53effcc7629e69da07a44729b2d
puppy eyes,pinterest,https://i.pinimg.com/originals/39/47/58/394758d12218c1636a188ee745de2077.jpg,dataset/images/puppy_eyes/0012_ca5506965285.jpg,3264,3264,ca550696528521f543a33fbb0b531f6c79a1478dc01125934574ae8c9b00724f
puppy eyes,pinterest,https://i.pinimg.com/originals/c4/52/9b/c4529b492e6c26a05d3453121ad44197.jpg,dataset/images/puppy_eyes/0013_d5b84a52f4c0.jpg,1289,1080,d5b84a52f4c05766f3d224d8a6100cabc9e6d155e46eef80adb0f96219ae3860
puppy eyes,pinterest,https://i.pinimg.com/originals/57/0d/3c/570d3cf77376afd852c7986e527bd4d3.jpg,dataset/images/puppy_eyes/0014_5ce091fb0637.jpg,1200,1167,5ce091fb063780bf07c6d4cb7f9078c938b3b8a4f77be8ab30da18e7addd6819
puppy eyes,pinterest,https://i.pinimg.com/originals/f2/db/19/f2db194ae5a517b442b42b4b9a428f35.jpg,dataset/images/puppy_eyes/0015_b4dbbd679f17.jpg,1440,1440,b4dbbd679f176a34080598ee56ab52d32c1e5fcb447b70523ba978cfcafb7991
puppy eyes,pinterest,https://i.pinimg.com/originals/3b/ae/f3/3baef3d4b9121d7ce068d02136df59a7.jpg,dataset/images/puppy_eyes/0016_78950ac9a7db.jpg,680,648,78950ac9a7dbf78ce65d0a4605867b0059c3ffc7c89ab25c8555445fade94806
puppy eyes,pinterest,https://i.pinimg.com/originals/e3/5a/f6/e35af6a69b1ebfe07befb5476d17e96d.jpg,dataset/images/puppy_eyes/0017_d69c9131dae6.jpg,992,1280,d69c9131dae6bc404d855467506dbe2b91d0e6b2bfcc55e23d70fda94b8c9a47
puppy eyes,pinterest,https://i.pinimg.com/originals/a7/21/aa/a721aa9fbff518f28ec55bd13ba56215.jpg,dataset/images/puppy_eyes/0018_d761bf9309b6.jpg,1078,1817,d761bf9309b6e8438bcb08ffcf703c9614c82d227c78843b49a820abf95adfca
puppy eyes,pinterest,https://i.pinimg.com/originals/b1/48/ac/b148aca94fa9d54adc02c791767f9158.jpg,dataset/images/puppy_eyes/0019_95475d94b8cd.jpg,1200,900,95475d94b8cdb2ee1b7576ea06a3b17cd9e34440690f5546198c9fadf59e20b5
puppy eyes,pinterest,https://i.pinimg.com/originals/0b/a1/a8/0ba1a8761e2ccbf1454cebed5c20f173.jpg,dataset/images/puppy_eyes/0020_a4c6b875e5ad.jpg,900,1200,a4c6b875e5ad41e787fd8436b718839d66e4a81d7590b9ccb23ee0cf5015a253
puppy eyes,pinterest,https://i.pinimg.com/originals/f3/9d/23/f39d23a219cb5f8ad0264a0ad0ba94be.jpg,dataset/images/puppy_eyes/0021_e9abcf3b4326.jpg,1080,1078,e9abcf3b4326ef2b6f5d7b0de5a0ba5306df3744416de1d7ad716907373d1d05
puppy eyes,pinterest,https://i.pinimg.com/originals/09/f9/8d/09f98d02b3c457397fc87a7516d3b968.jpg,dataset/images/puppy_eyes/0022_9d716eae981d.jpg,720,857,9d716eae981d7abf52c2ee691d6bc155a3fecdfdea145844fdd17d565ef7485c
puppy eyes,pinterest,https://i.pinimg.com/originals/7c/fa/a6/7cfaa69dff4fe36da6d5ab2e1d732d30.jpg,dataset/images/puppy_eyes/0023_433460a0b31b.jpg,1200,1200,433460a0b31b132ded04b8542e0497e2ff7c3ba189bc73286c40528fc5dd92fe
puppy eyes,pinterest,https://i.pinimg.com/originals/72/96/c1/7296c1751ae738a691ea77c606c27157.jpg,dataset/images/puppy_eyes/0024_b2c4410b7ca9.jpg,288,576,b2c4410b7ca9188e5368f47d60325a18b74458f1935ed6364a80e3a4e946621d
puppy eyes,pinterest,https://i.pinimg.com/originals/97/71/03/97710306d9b891e99f669b8340339b62.jpg,dataset/images/puppy_eyes/0025_2f8d8b2febdc.jpg,1024,1024,2f8d8b2febdc1b2a63028ca227e61fc8371e087107aa9fd8dd1a29fa70aa3efd
puppy eyes,pinterest,https://i.pinimg.com/originals/f8/c7/c4/f8c7c42d6f33244b7645d6212012cb44.jpg,dataset/images/puppy_eyes/0026_0e5e56157310.jpg,736,981,0e5e5615731071af3aa9a56bc6ac7d3cd6fc023e742a844e7b196450e35f9ded
puppy eyes,pinterest,https://i.pinimg.com/originals/b9/e8/49/b9e8491ec883e58099f2402a859d9e04.jpg,dataset/images/puppy_eyes/0027_7845a6af5b0a.jpg,1320,1643,7845a6af5b0a3fa29e61f8f234bd5601411b1ba20abc1b294e7c060c255d51f2
puppy eyes,pinterest,https://i.pinimg.com/originals/35/c3/64/35c364a5bbc7e42d16beaee29a521397.jpg,dataset/images/puppy_eyes/0028_f56d2bbb774d.jpg,676,1200,f56d2bbb774da086b48b4325e4126ab3c8b6e86330918461fd901b976f4ba0bd
puppy eyes,pinterest,https://i.pinimg.com/originals/1f/1c/90/1f1c909d3f681a18618b6d77a49db8e7.jpg,dataset/images/puppy_eyes/0029_77d3d99a136e.jpg,1168,1752,77d3d99a136ef5b9e93ce7c49a3baa66a64d6bd9ce26dc9f1163a22d054b42eb
puppy eyes,pinterest,https://i.pinimg.com/originals/03/05/5b/03055b84c5c0d24a6e7d8de7e6efac03.jpg,dataset/images/puppy_eyes/0030_6ad4957e81ce.jpg,1440,1440,6ad4957e81ce984d1b4050ae11bbd6d78c1a8234a583c8b1706fa84f81ec4455
puppy head,pinterest,https://i.pinimg.com/originals/12/05/4b/12054b1c88b990c043768703b0dbd0a9.jpg,dataset/images/puppy_head/0001_afe3f18c4b00.jpg,603,535,afe3f18c4b000f68cd8a6731ceff4c75bc81ada62bcde9311e8ec2044516ab47
puppy head,pinterest,https://i.pinimg.com/originals/f5/70/a1/f570a1e7e7983804a83e1f3d678a9c88.jpg,dataset/images/puppy_head/0002_3853b1574473.jpg,2048,2048,3853b1574473e70a31ca4f5e77d442c636504a3313fe96d312c49cf8eef07a4a
puppy head,pinterest,https://i.pinimg.com/originals/bb/e4/ba/bbe4ba89120d85f4d1d07363e58dbfea.jpg,dataset/images/puppy_head/0003_302776272973.jpg,750,654,302776272973eb11b864fdf30b8ba1c0ac973319964f14a05efbb6f4a2fdf416
puppy head,pinterest,https://i.pinimg.com/originals/de/b5/00/deb50018ad88c72165f49891b20d9238.jpg,dataset/images/puppy_head/0004_a065cf601d76.jpg,1440,1440,a065cf601d7610b92047fbea773747ae19044502aac48f3d0250d3f4562bf660
puppy head,pinterest,https://i.pinimg.com/originals/c1/43/8c/c1438c9d7a7b2352534e7d4090f75b62.webp,dataset/images/puppy_head/0005_3c8e34f61c17.jpg,1200,1250,3c8e34f61c177350b37d7bc4f4e47380e2982ab1ebfe6c16e33ad8b5938cec35
puppy head,pinterest,https://i.pinimg.com/originals/70/0e/f9/700ef99633188f3705e039c3c042d49c.jpg,dataset/images/puppy_head/0006_0f4eed59b68a.jpg,950,950,0f4eed59b68a1c4650a411da57545967dbdef46b3f24b5e8ec093bd50f99a122
puppy head,pinterest,https://i.pinimg.com/originals/b0/8d/59/b08d59adb64019b527fb83728c7b7cd2.jpg,dataset/images/puppy_head/0007_119b38572089.jpg,1080,1351,119b38572089e8a5b1f44c80b999dac98b0c29d957ac98fbc03bbe3e48f6dcf5
puppy head,pinterest,https://i.pinimg.com/originals/fb/92/c2/fb92c2a70690be3dd8bd0e489978755a.jpg,dataset/images/puppy_head/0008_808f70216a2b.jpg,950,950,808f70216a2bba716507718fcc733a9a79c962f26d8e1100850b41b6a8d9f8ca
puppy head,pinterest,https://i.pinimg.com/originals/42/f7/6a/42f76ae3e3502f0f3775655d451bb303.jpg,dataset/images/puppy_head/0009_eaf09e07200c.jpg,900,857,eaf09e07200c51f59a1d45f0dbe19eae2d8f8843535269d2dd299fe9589025b0
puppy head,pinterest,https://i.pinimg.com/originals/a9/1c/8d/a91c8d0f0a2498aed394a7c3b9067622.jpg,dataset/images/puppy_head/0010_c41d271fed68.jpg,1024,1536,c41d271fed68bcfb685c85159fb6c3aa3de333b89daae9d8c0617d3b6e8057ed
puppy head,pinterest,https://i.pinimg.com/originals/81/c6/0c/81c60c32002ccd1c1e158d11eb39081b.jpg,dataset/images/puppy_head/0011_32b672dcba1d.jpg,1440,1440,32b672dcba1d5f697b5a081f8a024fd52b74cddb4abb2e103c49b841a3a0bad0
puppy head,pinterest,https://i.pinimg.com/originals/5e/e3/9f/5ee39f6181b00e88f07ee4c52755997a.jpg,dataset/images/puppy_head/0012_be301862b73c.jpg,1024,1024,be301862b73cdfda5bde9c0632831098a9335efe3894b75ed082f6e42ca078eb
puppy head,pinterest,https://i.pinimg.com/originals/fb/41/7b/fb417b1fd4a49d3a5799894a4becdd79.jpg,dataset/images/puppy_head/0013_49ff2a292747.jpg,736,734,49ff2a2927470a0f2b8a2a0eeab176c908cdd94f5224bfd440a6b9fbbb07a4c7
puppy head,pinterest,https://i.pinimg.com/originals/d4/1b/32/d41b32ea79aebeedf7acf0bba987d768.jpg,dataset/images/puppy_head/0014_0770fdee7bd3.jpg,638,469,0770fdee7bd3ac19bd08f1875360203d8b295a8ef1b5b27b9cd2d74780400a3d
puppy head,pinterest,https://i.pinimg.com/originals/2b/06/45/2b06456b6e6225cc85518156691b6054.jpg,dataset/images/puppy_head/0015_1028cf8917d0.jpg,300,450,1028cf8917d01c461c5c4053d93baad3ab40ba48367a58cc63ffcf717b179d3c
puppy head,pinterest,https://i.pinimg.com/originals/6e/ec/0c/6eec0ce94f7d5ef62a20599cea3a22f0.jpg,dataset/images/puppy_head/0016_f2a3f9baf9aa.jpg,800,800,f2a3f9baf9aa3def5f073442d2e239529f79aa595b7760ad91eebaffd1691dbb
puppy head,pinterest,https://i.pinimg.com/originals/4b/3c/d0/4b3cd0bb75914e1db76e56ac7f93c45b.jpg,dataset/images/puppy_head/0017_ebbe6f4c9226.jpg,483,604,ebbe6f4c92267b85a04ce16b0fa5f2790bca4c5aa8f9e96b076e0c6a4fdde6e0
puppy head,pinterest,https://i.pinimg.com/originals/b1/d3/80/b1d3800e9e87ab1e5fde7e87375e0b01.jpg,dataset/images/puppy_head/0018_a78f813f3e87.jpg,536,819,a78f813f3e87ffe4f8805c1b327a489ecf708bc93b6a01c1f67438b9e1d78b84
puppy head,pinterest,https://i.pinimg.com/originals/e4/92/8c/e4928c485c373565fd2c3c9ebb8e33d4.jpg,dataset/images/puppy_head/0019_5e8a8bebe645.jpg,1029,1677,5e8a8bebe645bd39eff0d8c0cc5ce8cc61ce1689c1563011c0c78badc0046aa9
puppy head,pinterest,https://i.pinimg.com/originals/22/a3/e0/22a3e0ff1145a4215420858d44a8fa15.jpg,dataset/images/puppy_head/0020_ca09b367f37f.jpg,675,1200,ca09b367f37f278bb4fd661650929f9007082854e665ca134a0529f54ccdc6d2
puppy head,pinterest,https://i.pinimg.com/originals/2a/1f/93/2a1f9335ff42c8febc88a58b5296fa46.jpg,dataset/images/puppy_head/0021_3e66e1077b94.jpg,771,1028,3e66e1077b94f48ae4a7d1e223b99fec4e0a8953082caadebc92daac83b3882a
puppy head,pinterest,https://i.pinimg.com/originals/2d/66/ca/2d66ca366ca30a1e1374ad2ae8dc3165.jpg,dataset/images/puppy_head/0022_b00dc87ca5a3.jpg,735,599,b00dc87ca5a3c63c4d38bfd213058121133f756bf427dea2d88ddb70be964d00
puppy head,pinterest,https://i.pinimg.com/originals/68/66/9a/68669a6c8c4b4e80bad6cc6a3f53498e.jpg,dataset/images/puppy_head/0023_e5ea94c3d421.jpg,420,420,e5ea94c3d4216248db09300fb97a80b0722597e3ee5ef336ebcfb5b2f3382912
puppy head,pinterest,https://i.pinimg.com/originals/ff/92/77/ff92773bed592b9864d99bb698e5a283.jpg,dataset/images/puppy_head/0024_fd688d9aaabf.jpg,1490,1392,fd688d9aaabf4e3693eac88a5f5e2f95c5b69bac812cea2ddab7c780fec2599a
puppy head,pinterest,https://i.pinimg.com/originals/c3/d8/d1/c3d8d15f9bc304b536822b3756d5efd5.jpg,dataset/images/puppy_head/0025_451595f42cc7.jpg,750,920,451595f42cc77166c26e9cb53ef08d734ad984adf366b054d9fbee4e9ceb5465
puppy head,pinterest,https://i.pinimg.com/originals/0c/b1/b7/0cb1b7a865d0a8d22bf72c34f8de3283.jpg,dataset/images/puppy_head/0026_ee4c90d6d66e.jpg,1078,980,ee4c90d6d66e05df1aaa95949a532ca1ec50bdcd7fa3d7cfddadf9892696f9d0
puppy head,pinterest,https://i.pinimg.com/originals/06/39/95/063995d1dab6c66e5cab52b7cc995b60.jpg,dataset/images/puppy_head/0027_fb848dd612d8.jpg,600,600,fb848dd612d8b697c4cad5983c7db8c169a0f1999a141feb0c6efed3520ee420
puppy head,pinterest,https://i.pinimg.com/originals/01/38/1c/01381c060d1162f6cc06dd77673bee66.jpg,dataset/images/puppy_head/0028_f310271e65c9.jpg,828,1000,f310271e65c9df92ef7a20d5f3f7ea460b2d44ca9abbdae3537d38ff15387cef
puppy head,pinterest,https://i.pinimg.com/originals/db/5b/b9/db5bb9ce2f95c5ca463f36114259e688.jpg,dataset/images/puppy_head/0029_0fa61d8f1dd5.jpg,540,456,0fa61d8f1dd592810d95ea413a5ba5d31356639c41f24cba9590ba97d8acf916
puppy head,pinterest,https://i.pinimg.com/originals/49/fd/97/49fd97eab55c97a339db39e87f0b4163.jpg,dataset/images/puppy_head/0030_17ab2d4a53b6.jpg,429,429,17ab2d4a53b674a152a4a3ff6c001aad25f619d6d44069e289186ec6a11ff6ac
puppy portrait,pinterest,https://i.pinimg.com/originals/d0/27/00/d0270046239581962b09e2ded021d300.jpg,dataset/images/puppy_portrait/0001_8ecd39158b65.jpg,847,1024,8ecd39158b65840b8c3b4a902fe1e831e7610a896bb3f5978435e6d04c60c329
puppy portrait,pinterest,https://i.pinimg.com/originals/ea/62/28/ea622865844dc377fafd95f87e7161bc.jpg,dataset/images/puppy_portrait/0002_b593890b3b23.jpg,675,1200,b593890b3b23dd382f07b2ba707ecfb2f7bde90182a47df2898b7fd3210df9f1
puppy portrait,pinterest,https://i.pinimg.com/originals/99/52/b2/9952b20026cc9734740e8d8bd0098768.jpg,dataset/images/puppy_portrait/0003_aa0a7384c965.jpg,1440,1920,aa0a7384c965763a06f788b050e86cae35f14bb2785b6e2dca15764d89e30482
puppy portrait,pinterest,https://i.pinimg.com/originals/20/46/63/204663358f771b408d290306d4a91027.jpg,dataset/images/puppy_portrait/0004_3efa58e2bc69.jpg,1168,1560,3efa58e2bc69d419cbbe941878d75740a6cb859fa79e82e2b1f81093836320c5
puppy portrait,pinterest,https://i.pinimg.com/originals/72/56/e1/7256e1817ee759af4b6a43135f145e3c.jpg,dataset/images/puppy_portrait/0005_d631d16d9665.jpg,4267,4267,d631d16d966526a70c0db215d21e84527fd41b998e2edacf3ee9c0d9090b2905
puppy portrait,pinterest,https://i.pinimg.com/originals/89/db/fa/89dbfa37bf6339e5b970c952a84d43e2.jpg,dataset/images/puppy_portrait/0006_117fbbc3f83e.jpg,345,613,117fbbc3f83ebf9f495b7796594a011f2c5cc08726ae8aea52d3262648ec7bd8
puppy portrait,pinterest,https://i.pinimg.com/originals/57/89/cd/5789cdfba7afc79db0edc0b842cf5a6d.jpg,dataset/images/puppy_portrait/0007_6f1b2bcfb3dd.jpg,1820,3247,6f1b2bcfb3dd800aed067d4d721f10d28b42640ddd6c01be394407a4d06ed5ae
puppy portrait,pinterest,https://i.pinimg.com/originals/54/6f/a6/546fa6b63c52607e35ff2d11cd2060bb.jpg,dataset/images/puppy_portrait/0008_79092add8d0f.jpg,675,1200,79092add8d0f697a8ee4671765f7edb0edd00b5a93a4c1ec21659f922d5b8d47
puppy portrait,pinterest,https://i.pinimg.com/originals/6c/6b/d8/6c6bd861fe35c8c1e868defc1baf15ad.jpg,dataset/images/puppy_portrait/0009_cb6fec7cba07.jpg,417,626,cb6fec7cba07cbd5c3d516844a948ab45eb86f01b733d0db9ad4fd0cb47a489d
puppy portrait,pinterest,https://i.pinimg.com/originals/53/2a/ce/532ace255aee4c45351e373e651bf53c.webp,dataset/images/puppy_portrait/0010_8a13e3857f0a.jpg,832,1248,8a13e3857f0a1b6f200df63c6271867589cdd6bd0a4ae56b358390a898bec409
puppy portrait,pinterest,https://i.pinimg.com/originals/0e/41/67/0e41673cc6e067a411ae07d3297b58bf.jpg,dataset/images/puppy_portrait/0011_ad9d58fc60b0.jpg,720,1280,ad9d58fc60b0eabc0f9621a9b844c18169b88efdd59917d13e5035ac3a20a8f3
puppy portrait,pinterest,https://i.pinimg.com/originals/da/4e/09/da4e092425f21f0529252b56c6201ddf.webp,dataset/images/puppy_portrait/0012_de9cc4410bc6.jpg,1080,1920,de9cc4410bc6f5884a435af9e719b8947ab5c5b056d2153f4a80da8a886898fd
puppy portrait,pinterest,https://i.pinimg.com/originals/b7/6c/c4/b76cc4d75e8031e9d71184764573051a.jpg,dataset/images/puppy_portrait/0013_8f1e1c4edaa0.jpg,1920,2560,8f1e1c4edaa06b1c2086458e24dcbc2a2b7b92354b5447d8abde42f03a4baf6f
puppy portrait,pinterest,https://i.pinimg.com/originals/c1/6c/f6/c16cf606ef40ef5ce5611376f33a9c25.jpg,dataset/images/puppy_portrait/0014_7ba7145f75c7.jpg,4318,7676,7ba7145f75c7ef03dff6470a3c996aa4bfcbd573a87b29e1697f13dae427f062
puppy portrait,pinterest,https://i.pinimg.com/originals/27/f4/c3/27f4c3989ce9c14796af312778c8cf81.jpg,dataset/images/puppy_portrait/0015_b81364540faa.jpg,896,1152,b81364540faa3bddcf595c65db0fd337743300cdc756d66e2160d8dda3432c0c
puppy portrait,pinterest,https://i.pinimg.com/originals/e5/c7/05/e5c705031713b7e92484ba9eb27a4c12.jpg,dataset/images/puppy_portrait/0016_99b3f173da26.jpg,864,1152,99b3f173da26e22760d4ccffb03367c91a2d275fd2e723e4f4f9164498705be9
puppy portrait,pinterest,https://i.pinimg.com/originals/db/0e/c3/db0ec367e82eb14b74fc965a9548a544.jpg,dataset/images/puppy_portrait/0017_419c60f0ba0b.jpg,1200,1800,419c60f0ba0b14962d1fa33e7499f8e5364666b04b0c721c5be4c5b56400c070
puppy portrait,pinterest,https://i.pinimg.com/originals/bd/4e/be/bd4ebe603950e96d049d89cc2b710a25.jpg,dataset/images/puppy_portrait/0018_602529a3a67a.jpg,1080,1080,602529a3a67ace3341107480cb2f0ef9ac86b0a1711446224153f82a66b4822b
puppy portrait,pinterest,https://i.pinimg.com/originals/63/c0/fc/63c0fcf98dcad07854ae1a29ce776cb5.jpg,dataset/images/puppy_portrait/0019_b46d8de2dd28.jpg,640,960,b46d8de2dd28ae12f9c2900ad406d8601a17e2d6bb2f812f11db4506807f9dff
puppy portrait,pinterest,https://i.pinimg.com/originals/5b/6a/75/5b6a754d21f879d23faa27e858717787.jpg,dataset/images/puppy_portrait/0020_0c56bd8abae4.jpg,1080,1350,0c56bd8abae48b5aca25b7af1fe6b767efbfc78d3f0fd2ec31d91cf977ab3006
puppy portrait,pinterest,https://i.pinimg.com/originals/84/05/45/840545a6df51428823e4baf92cea4c7f.jpg,dataset/images/puppy_portrait/0021_5d1f12d13975.jpg,744,1000,5d1f12d139753eb3d3670e5a5871876d4a6b360f983bd4ee2341d844a353cb37
puppy portrait,pinterest,https://i.pinimg.com/originals/1b/79/1a/1b791a31ad52d04fb28815b8cfab9345.jpg,dataset/images/puppy_portrait/0022_7e0b59d00b5e.jpg,1080,1350,7e0b59d00b5e48345c97b9860b7b4dafb665fd5fb8318c9859ff173615544a0f
puppy portrait,pinterest,https://i.pinimg.com/originals/8b/50/f8/8b50f8a185610128c6cee903b82b68ce.jpg,dataset/images/puppy_portrait/0023_683bc73af12e.jpg,728,1018,683bc73af12e93c0fc2d9a2add183a3684b11e07f1f06f8a11f815cf8c3d600e
puppy portrait,pinterest,https://i.pinimg.com/originals/f3/c3/af/f3c3af637be6178e68239211f4482ed5.jpg,dataset/images/puppy_portrait/0024_35736c55561a.jpg,736,920,35736c55561a2e6763314034839ab686b841195c914855f03cdf429ba7ce002e
puppy portrait,pinterest,https://i.pinimg.com/originals/30/20/a8/3020a8761daec3a978661bdd32b9e359.jpg,dataset/images/puppy_portrait/0025_6f9fad2e8196.jpg,736,1313,6f9fad2e8196083c341dab4c439b70d67571da5e00aa1d70ff57bd0d2e38fa59
puppy portrait,pinterest,https://i.pinimg.com/originals/4b/7e/7e/4b7e7e05f21d4b4db38961f072018e2a.jpg,dataset/images/puppy_portrait/0026_93f9ea372d83.jpg,810,1440,93f9ea372d83a09c2bd12c32dfce078e621f31a3114b3b1fd1d084f034d44d62
puppy portrait,pinterest,https://i.pinimg.com/originals/a7/c6/cd/a7c6cdad4f2ac24c340de9d50111c225.jpg,dataset/images/puppy_portrait/0027_5ad4d8a64f26.jpg,666,1000,5ad4d8a64f262008638eebdc2280bcc8bfa2d59ae4e61e1f1aaf7d8987f1a67b
puppy portrait,pinterest,https://i.pinimg.com/originals/c0/00/5f/c0005fe49cfac7c850c20a373f838fa2.jpg,dataset/images/puppy_portrait/0028_bff384ffdddd.jpg,736,920,bff384ffddddf4854be7df02b74bb3d80ced8f98775122ea655f2433039ac8b7
puppy portrait,pinterest,https://i.pinimg.com/originals/62/f5/42/62f54208d8d54c0d693580b5cf9b84ef.jpg,dataset/images/puppy_portrait/0029_b9570a388ab7.jpg,1414,2121,b9570a388ab7bc86b28a98eb6905328d95b5910c487269452c3941252896abb2
puppy portrait,pinterest,https://i.pinimg.com/originals/9b/84/0e/9b840ed30398c23ebc090d8dd0cd4d06.jpg,dataset/images/puppy_portrait/0030_2b43da480aec.jpg,1440,1800,2b43da480aec0843ecc39a66188c17817aad2b5ea1a7dee119d27140b7708dfc
puppy side profile,pinterest,https://i.pinimg.com/originals/41/5c/dc/415cdc8c6f22d34b31a5ef9ab3aa9d8b.jpg,dataset/images/puppy_side_profile/0001_ca510b6b9004.jpg,500,750,ca510b6b900482528e52ec0fec22b4728dce5f2bc824c8adeca0757542e17496
puppy side profile,pinterest,https://i.pinimg.com/originals/73/42/b8/7342b8ece143a6b2ea4f849a2ec9814a.jpg,dataset/images/puppy_side_profile/0002_bf97db7e0666.jpg,750,924,bf97db7e0666079211dee72a7a4328ee7ac33cbc2c1b05e6e995832ab1698a34
puppy side profile,pinterest,https://i.pinimg.com/originals/37/f9/d7/37f9d7729876ba5bc6cbd7f7777e4799.jpg,dataset/images/puppy_side_profile/0003_87ac44aace8f.jpg,576,546,87ac44aace8fc553026940cb5ebeef6f38960d3d4327a252f4eb4b5f4d5683e8
puppy side profile,pinterest,https://i.pinimg.com/originals/0d/46/97/0d4697a6f66bef92d2d84f00cfe9a41a.jpg,dataset/images/puppy_side_profile/0004_1e8dbc1d9f30.jpg,1500,1500,1e8dbc1d9f309a426e369352a283aff41c498d5e45d93d0d7c85e98c89dabbae
puppy side profile,pinterest,https://i.pinimg.com/originals/ae/ff/72/aeff72d4e8f02aba8449abb8d1ab4efc.jpg,dataset/images/puppy_side_profile/0005_c3bee390c37d.jpg,1496,1386,c3bee390c37d3ce8e704776f55d197b1d236130c02b73c31a430caaa009b6e9c
puppy side profile,pinterest,https://i.pinimg.com/originals/ea/66/d8/ea66d875ab242fb448cb8070c1d436e3.jpg,dataset/images/puppy_side_profile/0006_0187a1b0df62.jpg,1213,1003,0187a1b0df62cc4ec034ae4511a25658fcc0f4b8d3c926a8cdcf1faece69bb5b
puppy side profile,pinterest,https://i.pinimg.com/originals/c0/2c/9c/c02c9c6966ba0a9367bcc8c166d76e2d.jpg,dataset/images/puppy_side_profile/0007_d4123c5b6127.jpg,4838,3456,d4123c5b61276878e5883796286c38a97bee5bf417e3477091fb5cd67408138b
puppy side profile,pinterest,https://i.pinimg.com/originals/01/5c/94/015c948ed1ec28789744d88544fcdfdc.jpg,dataset/images/puppy_side_profile/0008_dec3c8baed2a.jpg,3219,4507,dec3c8baed2ab91e459dee163aacf123bdca4200fe6ea8a9ad5c4c3ed891a2f2
puppy side profile,pinterest,https://i.pinimg.com/originals/01/c4/b6/01c4b6d3dc9a0f56b1de0ec8170015f3.jpg,dataset/images/puppy_side_profile/0009_7bccb966bcf2.jpg,374,557,7bccb966bcf2d3561b0ceacba6f068da9e99b7cf02df165bfdccf8ae63763762
puppy side profile,pinterest,https://i.pinimg.com/originals/07/ff/be/07ffbe5ff3bcbe2ffb5cd800bd1ad600.jpg,dataset/images/puppy_side_profile/0010_eb977a8ecd7b.jpg,626,626,eb977a8ecd7b379a85378d27fdf12b35ce24369b2abae03df8316a3c262faa5c
puppy side profile,pinterest,https://i.pinimg.com/originals/66/fb/fc/66fbfcd0fd796a201b0a46bb54b5f9a6.jpg,dataset/images/puppy_side_profile/0011_8ae310260bfd.jpg,800,892,8ae310260bfdd9ebf89e80da29d68c152351fd72f7a45632d1b29c1842756b29
puppy side profile,pinterest,https://i.pinimg.com/originals/bc/ea/59/bcea59d3019da13289f1d2a1b16b7727.jpg,dataset/images/puppy_side_profile/0012_2e8b43aa87a7.jpg,1024,825,2e8b43aa87a7431de8bb2a6a8ccf63c9d3bbfc0889c0b2329154946b27b508d8
puppy side profile,pinterest,https://i.pinimg.com/originals/31/13/87/311387eacea40235abb76cbe16a504c7.jpg,dataset/images/puppy_side_profile/0013_89bb6e4fe42b.jpg,7680,4320,89bb6e4fe42b3fae078f6fd65a0a7210bf407949e566a859cee9526949be1659
puppy side profile,pinterest,https://i.pinimg.com/originals/06/a6/38/06a63809fe269a6159a6f12c27f73fe4.jpg,dataset/images/puppy_side_profile/0014_815d1e5c5bd6.jpg,458,612,815d1e5c5bd668566e0cb518384dcab98c26728a22b1d751c80151d54da37aa1
puppy side profile,pinterest,https://i.pinimg.com/originals/e8/d0/08/e8d008635857597796c130b453e1220d.jpg,dataset/images/puppy_side_profile/0015_6acda9e1d783.jpg,736,981,6acda9e1d7836741bee78aef6debdb99c81263e0570a291c1c7a774ff42e5a46
puppy side profile,pinterest,https://i.pinimg.com/originals/3e/57/10/3e571028748b6ca9f5d1c2f6ba04a749.jpg,dataset/images/puppy_side_profile/0016_59136f505853.jpg,600,887,59136f505853a10cb1fc03950e61cb7ac1fbc1cea49642b53facf95bdbdbde56
puppy side profile,pinterest,https://i.pinimg.com/originals/e5/40/db/e540db429694657cb3f7fe094e2fb813.jpg,dataset/images/puppy_side_profile/0017_9140e1e55ef6.jpg,1080,1920,9140e1e55ef66092d0056c46e6dc1c4a1a92db375a882cecdc812d41f8ac39e9
puppy side profile,pinterest,https://i.pinimg.com/originals/3e/37/0c/3e370cf9408f9d455082ab67a84fa6eb.jpg,dataset/images/puppy_side_profile/0018_8c188388eb23.jpg,360,450,8c188388eb2338d360c77247b558a7d3c1253a5bb926c57d7f22c4946f309b63
puppy side profile,pinterest,https://i.pinimg.com/originals/a9/ea/36/a9ea3624b58a02f2aa9f02cbcad538c2.jpg,dataset/images/puppy_side_profile/0019_f0950ad95136.jpg,612,482,f0950ad951367e55afaca57b889beca87a42c314c404cc3758917a48e3aca23a
puppy side profile,pinterest,https://i.pinimg.com/originals/ed/ed/5a/eded5a95c063ce449f5dba033c5d7cfc.jpg,dataset/images/puppy_side_profile/0020_6f89b64595e6.jpg,2448,3264,6f89b64595e6638ed1526ea5e87b281d947aab2c42d118bd45ac072599c22084
puppy side profile,pinterest,https://i.pinimg.com/originals/15/f2/43/15f24378c3b9ece9e131aad7f511defd.jpg,dataset/images/puppy_side_profile/0021_b980ac99ebb1.jpg,800,533,b980ac99ebb108cdb3dde9f3adc9ba8daeea36e15572657d6c9c32878b132480
puppy side profile,pinterest,https://i.pinimg.com/originals/05/d9/c0/05d9c0a580813bac4f36a56e11878cda.jpg,dataset/images/puppy_side_profile/0022_ecb001d55c7c.jpg,960,870,ecb001d55c7c0363e9017d0dd2bce59bd35088edc685236a26fcd28ce30010a0
puppy side profile,pinterest,https://i.pinimg.com/originals/8d/41/ae/8d41ae64540833c844d522e7ec30c8e5.jpg,dataset/images/puppy_side_profile/0023_1c1eb12a36ef.jpg,1024,683,1c1eb12a36ef9ba18464a6c7112c3c14788a874ecfeabfcc88fc9cf8ba3e4f21
puppy side profile,pinterest,https://i.pinimg.com/originals/b5/dc/54/b5dc541aa717145dc92ee71222368273.jpg,dataset/images/puppy_side_profile/0024_13267b04f498.jpg,674,960,13267b04f49804874dc3a0f8470bdd0c4a9c9c33fd06a093485a1c689892278f
puppy side profile,pinterest,https://i.pinimg.com/originals/26/73/89/2673891e9b74015d4018643fe8d3db20.jpg,dataset/images/puppy_side_profile/0025_aa3de16f1c1b.jpg,564,752,aa3de16f1c1bbba2f42a7cc8bb468bf744f28a7163139b7b41547b928705ab75
puppy side profile,pinterest,https://i.pinimg.com/originals/c8/1e/2b/c81e2b4b2e93c92a8cac481d7a2a9f2b.jpg,dataset/images/puppy_side_profile/0026_92269e845483.jpg,1200,1600,92269e845483cd1a22aa0f627740001f4d6f5a7ad10a6603ca84b0d08c496110
puppy side profile,pinterest,https://i.pinimg.com/originals/61/1b/f4/611bf43a829f013e2a9e7bbc8f273494.jpg,dataset/images/puppy_side_profile/0027_264a7d57bb4a.jpg,533,800,264a7d57bb4aca1aa38a61b29d1c8cf2e96354e10538fd69d521f71623462794
puppy side profile,pinterest,https://i.pinimg.com/originals/de/16/93/de16932f40cb8aabf9231d748e7bce7a.jpg,dataset/images/puppy_side_profile/0028_c61b74c2fade.jpg,960,942,c61b74c2fade201cab5c443ee9366494df78c03ba2e4bd29f760c27ea4ed4b64
puppy side profile,pinterest,https://i.pinimg.com/originals/00/8c/a6/008ca6a0c1635807154f6b056ddb7eca.jpg,dataset/images/puppy_side_profile/0029_062321076968.jpg,750,732,062321076968b3d68b5ef656db369f012693bca0161a617439cdb6172b9bccef
puppy side profile,pinterest,https://i.pinimg.com/originals/81/fb/fa/81fbfacce5e805d6f4b57db28528957c.jpg,dataset/images/puppy_side_profile/0030_b55c62828f2e.jpg,626,626,b55c62828f2ed71103c819b3cacac0ff3541ff596bd067bf94c03b2901165d43
puppy looking at camera,pinterest,https://i.pinimg.com/originals/d9/a6/9b/d9a69bbc1d8827f8d7e90cbd1fd68c88.jpg,dataset/images/puppy_looking_at_camera/0001_bc2cfe383714.jpg,650,650,bc2cfe3837148cd2004b427acc39e8830e2cc12e51a3f0616ac8b6da99e96ade
puppy looking at camera,pinterest,https://i.pinimg.com/originals/74/bf/5f/74bf5f8511aa5de6d251579d3cad39fe.jpg,dataset/images/puppy_looking_at_camera/0002_f379e1cff6cf.jpg,961,1200,f379e1cff6cf36f51820cb6ab3c5e9c2b3fa87b9d91e4499fa1af61360f822e6
puppy looking at camera,pinterest,https://i.pinimg.com/originals/99/79/84/99798481822c52e6feb6bb15ce26b972.jpg,dataset/images/puppy_looking_at_camera/0003_50ae07f68ab3.jpg,736,981,50ae07f68ab3cac1a98aa9ab213df161b1856f3fb7760506b04233958b90528c
puppy looking at camera,pinterest,https://i.pinimg.com/originals/86/84/57/868457c39ac2f160956b61ebdb6a5de8.jpg,dataset/images/puppy_looking_at_camera/0004_c719ab1118d5.jpg,1298,1598,c719ab1118d54ec523c05dea8437c6514f2d947b73dc22a5b0dcd0c50cd2abea
puppy looking at camera,pinterest,https://i.pinimg.com/originals/da/36/17/da36175d0404181dc6151eb9fef0f599.jpg,dataset/images/puppy_looking_at_camera/0005_6c9908562f0b.jpg,736,925,6c9908562f0b550ce6690d1fc584131cf87bb9b5dd03b9a31234c88f03596b09
puppy looking at camera,pinterest,https://i.pinimg.com/originals/db/14/5f/db145f3b7eef940c9cd4a089b7acb3e3.jpg,dataset/images/puppy_looking_at_camera/0006_cbc01d82ae54.jpg,1215,1640,cbc01d82ae5455456957a4aae61cfd24630d05ce80588995f24d359a82d03062
puppy looking at camera,pinterest,https://i.pinimg.com/originals/1d/d3/fa/1dd3fa3a4f25d1abd981e9bdd1d3e5ab.jpg,dataset/images/puppy_looking_at_camera/0007_bbba03f98d64.jpg,1960,980,bbba03f98d643a899cf84e4f0b82e1dc527e407f51b4443b9ef8d92fcc567e8f
puppy looking at camera,pinterest,https://i.pinimg.com/originals/6f/45/c5/6f45c5344ad0bf947a1ee20220ca7ffa.webp,dataset/images/puppy_looking_at_camera/0008_49f13497613f.jpg,736,736,49f13497613f0263b3ec5f8fb1b214d257ff0258eed408e211cdc616f0058fa2
puppy looking at camera,pinterest,https://i.pinimg.com/originals/52/5d/e8/525de8dae204859819c1db0cd4523ff0.jpg,dataset/images/puppy_looking_at_camera/0009_90cba1a6c06f.jpg,1064,1014,90cba1a6c06f96941401dd4fa4a157935116430ac82ec32e7c99588dada584c9
puppy looking at camera,pinterest,https://i.pinimg.com/originals/0f/c2/9d/0fc29db44acf7554f86fa710ede1059f.jpg,dataset/images/puppy_looking_at_camera/0010_685fe7304c2f.jpg,720,704,685fe7304c2fa8a388283f53dd062d30624728e5b96cc1eeb9ae1f738f909338
puppy looking at camera,pinterest,https://i.pinimg.com/originals/43/19/3a/43193ad2774a52c8bc77424af4df275c.jpg,dataset/images/puppy_looking_at_camera/0011_614de2a89860.jpg,680,663,614de2a898607e939ef14e58f3b15338d026f6a1476dc05decd65e181d898057
puppy looking at camera,pinterest,https://i.pinimg.com/originals/e1/c3/d1/e1c3d1d7b75637c11f2f993522aaab07.jpg,dataset/images/puppy_looking_at_camera/0012_68137743c2c7.jpg,1576,1316,68137743c2c7e57d0d888663fd2acdfe4fcaa64275c2e8123924d0b4d0cd4379
puppy looking at camera,pinterest,https://i.pinimg.com/originals/c0/13/24/c01324357e6afa6fd182052ed4fcdc36.jpg,dataset/images/puppy_looking_at_camera/0013_2366b2d8e6af.jpg,517,548,2366b2d8e6afcc73b26681abb0c5efd3e0dc2eaec4e3255794b516d5b7dcd14f
puppy looking at camera,pinterest,https://i.pinimg.com/originals/8b/1a/43/8b1a4361e96b67b94557a9cde35898e3.jpg,dataset/images/puppy_looking_at_camera/0014_6a55213f48b8.jpg,630,419,6a55213f48b8b0d23a57a657a42ce2b692120e9fe4c9058af5d39e1c03514ec5
puppy looking at camera,pinterest,https://i.pinimg.com/originals/bb/00/7b/bb007b4c0a8f0852de409c262ac8ca60.jpg,dataset/images/puppy_looking_at_camera/0015_2abe547cf930.jpg,1080,1080,2abe547cf930aea8209865da1550e3e045ecab3874922f5b4ffe76cc94b70a76
puppy looking at camera,pinterest,https://i.pinimg.com/originals/06/a7/33/06a733476026dff5316cdf9d0442258b.jpg,dataset/images/puppy_looking_at_camera/0016_ebdcd8ab4c4f.jpg,500,500,ebdcd8ab4c4f00a23726747ec635716d44bdfcd6553c8ee3dfb629fb1f7fa362
puppy looking at camera,pinterest,https://i.pinimg.com/originals/7d/5b/d3/7d5bd31ea1648689d9d26ed8c6fed5ae.jpg,dataset/images/puppy_looking_at_camera/0017_3f3e54e2fb98.jpg,650,650,3f3e54e2fb98865d5810cdab60ec6eabba881cb6505799fd66f266eee799a152
puppy looking at camera,pinterest,https://i.pinimg.com/originals/da/c0/cb/dac0cb4469f9a5fb9db9e367f3bdf27f.jpg,dataset/images/puppy_looking_at_camera/0018_0363b24690fa.jpg,647,629,0363b24690fa44bb8507bc4b8bd6f982a566f4e15c29588b4d5c40e73c24e4f8
puppy looking at camera,pinterest,https://i.pinimg.com/originals/47/c2/fd/47c2fdb33f2413e5fc0e722fb552962d.jpg,dataset/images/puppy_looking_at_camera/0019_0df707bee2c4.jpg,1080,1080,0df707bee2c4232ab805db0df03033f44601ba26a3bb4fceb92b11de7e09b318
puppy looking at camera,pinterest,https://i.pinimg.com/originals/81/1d/18/811d18a8406a109601b06f7019294cff.jpg,dataset/images/puppy_looking_at_camera/0020_7b4701fbc777.jpg,736,889,7b4701fbc77747c61541f6c4de37be96cdff7400d1e0b99a95ad293106f28dec
puppy looking at camera,pinterest,https://i.pinimg.com/originals/1c/2c/ce/1c2cce9793b1511873bd7e50640be742.jpg,dataset/images/puppy_looking_at_camera/0021_ed4aaa253983.jpg,720,605,ed4aaa253983f2f9bf720a7d9fed07e82e6df5db8561e0d290177eca8c7c71fe
puppy looking at camera,pinterest,https://i.pinimg.com/originals/6f/30/5d/6f305d853d19aa6139c2acb8472d73a9.jpg,dataset/images/puppy_looking_at_camera/0022_8ec5c62402f3.jpg,736,736,8ec5c62402f3ba66f8185b1029bfc9eff28ab5bdf6820fa7f0c77b16c46a3661
puppy looking at camera,pinterest,https://i.pinimg.com/originals/b9/e0/88/b9e0885558f1c3490bae771bf935467f.jpg,dataset/images/puppy_looking_at_camera/0023_c6ce03f7b204.jpg,2048,2048,c6ce03f7b2046ce5456c3d406edd75475ea6e6dd9fcf3a296d0c87cc7f24b6d1
puppy looking at camera,pinterest,https://i.pinimg.com/originals/60/3c/c2/603cc20519c3b6aa936e7f68661130f5.jpg,dataset/images/puppy_looking_at_camera/0024_ea8afa975b98.jpg,2360,2360,ea8afa975b98efb84f52e27fe0a89c8ab83d8b2773fddc1dc1b3a60acdf92aed
puppy looking at camera,pinterest,https://i.pinimg.com/originals/b7/32/2e/b7322e32b30887ecbe037567f3901c08.jpg,dataset/images/puppy_looking_at_camera/0025_297904a265be.jpg,736,736,297904a265be3d1e78c53a407a606e0e2bf97768c6d531b63cf9585847aa3ec7
puppy looking at camera,pinterest,https://i.pinimg.com/originals/72/7c/3b/727c3b3a3a1cbf056296b3751f529593.jpg,dataset/images/puppy_looking_at_camera/0026_6c514c084c8b.jpg,650,650,6c514c084c8b8dc996c2703f1f58ae6052373580a69b5ff78cdcdde799ab4192
puppy looking at camera,pinterest,https://i.pinimg.com/originals/85/f0/1c/85f01c3d27efdb0928e8127098c871de.jpg,dataset/images/puppy_looking_at_camera/0027_a470565d20e8.jpg,980,980,a470565d20e80c788157fb1a77897e8de4a512a4f2809132d7d893ca7a9f5d92
puppy looking at camera,pinterest,https://i.pinimg.com/originals/53/9c/76/539c762016cf40090997e057164e1db8.jpg,dataset/images/puppy_looking_at_camera/0028_e70b38dad743.jpg,650,827,e70b38dad743fe4be78ff51bdc11b403a8e19801156372058b0d42a05dc37769
puppy looking at camera,pinterest,https://i.pinimg.com/originals/7b/95/9b/7b959bdd36980e323cbc49c3fbe83891.jpg,dataset/images/puppy_looking_at_camera/0029_62556f280a24.jpg,400,534,62556f280a2452beee2b5fa177224820852c15543da464cf1df73124cac305ac
puppy looking at camera,pinterest,https://i.pinimg.com/originals/9c/71/f6/9c71f62ae4a28088dc7c170dd7fafc0a.jpg,dataset/images/puppy_looking_at_camera/0030_49071cfa4ee3.jpg,1024,1536,49071cfa4ee329eb4a6828286b7103e622678d2bcbd159e023328c0496708b69
puppy looking away,pinterest,https://i.pinimg.com/originals/65/c5/81/65c5812ac9872e4341c39982034eab68.jpg,dataset/images/puppy_looking_away/0001_8219e36573e6.jpg,568,687,8219e36573e62f2bd2733d81438ead84564741a4fe9577213d9ef21d2867a1ca
puppy looking away,pinterest,https://i.pinimg.com/originals/47/82/da/4782daf6945fc9cd30ee90c641648291.jpg,dataset/images/puppy_looking_away/0002_041c2935f69a.jpg,450,675,041c2935f69a6acab97c53efeefa65940543e75963ac6ad6b8f40f9f69fe4010
puppy looking away,pinterest,https://i.pinimg.com/originals/74/92/ec/7492ecc4102f108275f4e6b3f351d2de.jpg,dataset/images/puppy_looking_away/0003_ef3ece466d9e.jpg,703,554,ef3ece466d9e548f80fc84104830f463687c8d3fa6502f4b43a037c5b7b9668f
puppy looking away,pinterest,https://i.pinimg.com/originals/4b/32/cd/4b32cd0a36438b37656ddaa0010f24f4.jpg,dataset/images/puppy_looking_away/0004_3581e68ef0f7.jpg,1125,1125,3581e68ef0f7aceec775d842ddbabdf8f77ebdb08afe4494a7dacaa0fa5ce332
puppy looking away,pinterest,https://i.pinimg.com/originals/4f/8e/ec/4f8eece78352e07ccf4b672ed300d6c3.jpg,dataset/images/puppy_looking_away/0005_ed8e6269f228.jpg,307,273,ed8e6269f2283416c3fdeb34a2fb78a01c137fa8ca9c5ebe6e6c00147b1373a3
puppy looking away,pinterest,https://i.pinimg.com/originals/36/49/e4/3649e4ddcdfc3f703b1a2370cf0e1b04.jpg,dataset/images/puppy_looking_away/0006_3a8af6a850e9.jpg,640,640,3a8af6a850e9819f27855e48d73b0258d06bb3b10e6044a438da2bb846ea5562
puppy looking away,pinterest,https://i.pinimg.com/originals/03/3c/27/033c278deeb607127d1273bb8bbffba3.jpg,dataset/images/puppy_looking_away/0007_3486885e4632.jpg,1170,987,3486885e4632c8074ce35737ae120ea9a7ac28623a092b4c2c1a8004814bbdf3
puppy looking away,pinterest,https://i.pinimg.com/originals/b9/4b/88/b94b886fbe456ac5d5efba07a228b95a.jpg,dataset/images/puppy_looking_away/0008_a5fede0e70f9.jpg,768,768,a5fede0e70f9749909a545adf9db300113ea75ab85e5fe84459529e97edb1038
puppy looking away,pinterest,https://i.pinimg.com/originals/49/ab/cd/49abcdf97c53c0814ac985c1b4c01333.jpg,dataset/images/puppy_looking_away/0009_38be32de2629.jpg,431,532,38be32de26293414a3f39eb2b95c70311d087a3170f59d86be73f6fd9695c53f
puppy looking away,pinterest,https://i.pinimg.com/originals/bc/2b/c3/bc2bc32a85e3f75c48ae318477a03542.jpg,dataset/images/puppy_looking_away/0010_ed663603dab7.jpg,708,993,ed663603dab70f5de1e2df10479ba0cf3724a87c5448f5ee9249801ed3d4e414
puppy looking away,pinterest,https://i.pinimg.com/originals/26/06/a4/2606a49991f35b7b7d1c54abfd896655.jpg,dataset/images/puppy_looking_away/0011_92b825486c96.jpg,1242,1226,92b825486c96436ae5cc9c35fa086b66b18d0e58ec0f787a853f0180bc72033d
puppy looking away,pinterest,https://i.pinimg.com/originals/ee/c6/f6/eec6f6ad45a315c632469390cd4bc980.jpg,dataset/images/puppy_looking_away/0012_1718d1c8df46.jpg,681,681,1718d1c8df4679efcdc0c717b258d7b324eb5adc24ef3ade35b793b74b1a7f16
puppy looking away,pinterest,https://i.pinimg.com/originals/05/d6/b9/05d6b9a29f9dc6ed812b43d31fc32ff3.jpg,dataset/images/puppy_looking_away/0013_c80cc5d1a263.jpg,2448,3264,c80cc5d1a263e79789b470a45c5f3a876e865b03521a708867cdee06c8641a6c
puppy looking away,pinterest,https://i.pinimg.com/originals/c6/77/73/c6777369c540d393987c79050ddc326e.jpg,dataset/images/puppy_looking_away/0014_0754aaa3a8c0.jpg,626,626,0754aaa3a8c0f2509e461a30aa192b2589f8240c2cb6683644a71f0d3063c367
puppy looking away,pinterest,https://i.pinimg.com/originals/66/87/1a/66871ac3ad4dc30a0652d06b3d416632.jpg,dataset/images/puppy_looking_away/0015_bec615ae2745.jpg,600,900,bec615ae2745bc22f22b5f3fe598f5489992b5295ea5cf2a41f52924d37d83a0
puppy looking away,pinterest,https://i.pinimg.com/originals/7f/c3/82/7fc382d795b9395e3c343ca0e01fe0a0.jpg,dataset/images/puppy_looking_away/0016_06915ffd0621.jpg,470,726,06915ffd06218b64f62466bbfeb168ccd18f67e1e5e447644a6ebcefb37d6e49
puppy looking away,pinterest,https://i.pinimg.com/originals/c9/24/ec/c924ec70d22d8341c7522cd891f06f8d.jpg,dataset/images/puppy_looking_away/0017_feb3aaa80b85.jpg,640,960,feb3aaa80b85ad1f5bdd63e6184c9399fe4faf79f06deb6afed068f88843cc18
puppy looking away,pinterest,https://i.pinimg.com/originals/8d/92/fd/8d92fd5aa242109a75e75da3cb61cb80.jpg,dataset/images/puppy_looking_away/0018_0b9948199daa.jpg,1080,1620,0b9948199daa2fa5769c6485e68b6a13dc02229a0803136ecf71c5cf52006d0c
puppy looking away,pinterest,https://i.pinimg.com/originals/92/af/89/92af894c2c9d1fe439a2c6d0c307f2c5.jpg,dataset/images/puppy_looking_away/0019_22b547a136ee.jpg,996,1280,22b547a136eef039d481a5ba7a358c6c5d02ae57de69b7a2971e203ac043cc4c
puppy looking away,pinterest,https://i.pinimg.com/originals/9b/c3/f4/9bc3f44c39dbd61e03487606642ae493.jpg,dataset/images/puppy_looking_away/0020_b53d0de2a34f.jpg,1632,1224,b53d0de2a34f5a3591bfa885b66ebb182f526c32276c0feb82e29ab91bb197a2
puppy looking away,pinterest,https://i.pinimg.com/originals/a5/7c/af/a57caff5cf9cb49cc468e9049cce5ba7.jpg,dataset/images/puppy_looking_away/0021_ecc5248a2ee5.jpg,864,922,ecc5248a2ee5592db61b03632e15801e423f30c8cf004246273e9a12ea362001
puppy looking away,pinterest,https://i.pinimg.com/originals/0d/12/a1/0d12a1c5ede87d2822c121a908d4eaed.jpg,dataset/images/puppy_looking_away/0022_c1bff08d95c4.jpg,906,901,c1bff08d95c444834aacd68ffc2ceeab93aa85b54eaf9ffd5e815691371945de
puppy looking away,pinterest,https://i.pinimg.com/originals/b9/10/7f/b9107fbb19eb49c78b0d058f2a09d770.jpg,dataset/images/puppy_looking_away/0023_876d66b679a3.jpg,477,448,876d66b679a3c7a5e24e43195fc48cb4fd3a880334d3665457cd6ab7d63900de
puppy looking away,pinterest,https://i.pinimg.com/originals/a3/52/cd/a352cd9f8b811f2793ce862e22bf8876.jpg,dataset/images/puppy_looking_away/0024_1ddfabb3f37c.jpg,800,533,1ddfabb3f37c7a351e7755b520180b11fdae3cde788a3fb4c3557d0f7facee3a
puppy looking away,pinterest,https://i.pinimg.com/originals/29/bd/8c/29bd8cf036afc9c92864b94a0738f17a.jpg,dataset/images/puppy_looking_away/0025_ebe2333377ba.jpg,1080,1080,ebe2333377ba75fc40ab31cbb07f869594467a53d6ce176adbb0ce25a6beb841
puppy looking away,pinterest,https://i.pinimg.com/originals/e5/26/c5/e526c5a6faedb7e94f2367b6bddd76c6.jpg,dataset/images/puppy_looking_away/0026_c20772eff062.jpg,2287,1563,c20772eff0627fbf0bdf9d1bb14af3f21bf4d081ecb40073106643eaa5bbe605
puppy looking away,pinterest,https://i.pinimg.com/originals/34/74/a1/3474a1ae5d2cd2530a2df8af557a6a22.jpg,dataset/images/puppy_looking_away/0027_4d13f10dcfb2.jpg,1319,1572,4d13f10dcfb23868c325c860ae5ce75acbeed3d0c954e8e1734136ef02679b50
puppy looking away,pinterest,https://i.pinimg.com/originals/e1/e5/83/e1e5835ebd626e4ad2e4d95ba1916a35.jpg,dataset/images/puppy_looking_away/0028_12bc5564b396.jpg,977,906,12bc5564b396c49e8103eea5f5c47894b9761461e1c6fa6b816b4878a3af04ed
puppy looking away,pinterest,https://i.pinimg.com/originals/70/3d/cc/703dcc6db7eee09294bc833afb4e4619.jpg,dataset/images/puppy_looking_away/0029_27602775e776.jpg,609,819,27602775e776a6acdad5e0793c1f72f3018202f7d66bac91842d73b39028dd32
puppy looking away,pinterest,https://i.pinimg.com/originals/39/c1/01/39c101b94e5e04e63db39585eeb66272.jpg,dataset/images/puppy_looking_away/0030_aef710b2b877.jpg,740,1024,aef710b2b87768dce0c18c09700f8551b53dd0560db440c022ef09f6f76fc9b2
puppy full body,pinterest,https://i.pinimg.com/originals/d4/e3/95/d4e3952c45aeba189d281260d0b166e3.jpg,dataset/images/puppy_full_body/0001_b0d7afb5f82e.jpg,1072,1500,b0d7afb5f82e8ae768a0f75e9937dd56218b7a51d3381f188a6c12707b510889
puppy full body,pinterest,https://i.pinimg.com/originals/40/74/ae/4074ae5c6296bd5ef6c0f4f597c52ad9.jpg,dataset/images/puppy_full_body/0002_756b8c20f09a.jpg,642,560,756b8c20f09a0cfafdebbf0ce9a8018eb70d59e6c877f262fa46b10b50f3c816
puppy full body,pinterest,https://i.pinimg.com/originals/b5/34/40/b5344016fc261fde480e95f446efbbbe.jpg,dataset/images/puppy_full_body/0003_0a0d2a587f9b.jpg,612,385,0a0d2a587f9b73644be16fb5f4a445b46fbc4b06c8f86b9ceb3e3a68e6ec4cf3
puppy full body,pinterest,https://i.pinimg.com/originals/98/a8/f3/98a8f35699b1dbf0e06075cbc1901a78.jpg,dataset/images/puppy_full_body/0004_8fa9a216609d.jpg,1080,1440,8fa9a216609d3f45a8922f23d89fd68f0c270b44b344d4854e661af529a61106
puppy full body,pinterest,https://i.pinimg.com/originals/8b/69/e9/8b69e95b07570f5074f3d87b5bb4ee27.jpg,dataset/images/puppy_full_body/0005_cb41dded6944.jpg,926,1104,cb41dded69440bbebf032ebdd8179a490acab1fd0733d758e89410bfe8a2add1
puppy full body,pinterest,https://i.pinimg.com/originals/77/5f/08/775f08acc4fbbbd58a96f552bf00f42e.jpg,dataset/images/puppy_full_body/0006_0fd9c1fb88a9.jpg,750,1000,0fd9c1fb88a9612698135f9e38dcd558d3d31cc16517fff77d49cfebdcfd351b
puppy full body,pinterest,https://i.pinimg.com/originals/bb/2b/d9/bb2bd9cc1ae67b7b540d8795cf3afb9c.jpg,dataset/images/puppy_full_body/0007_e1e294927011.jpg,863,1000,e1e294927011ff89fc9ec87ee1649bbba57fa295d455599a44ae70a16544bacc
puppy full body,pinterest,https://i.pinimg.com/originals/b3/66/74/b3667426500e4b92b67958c65e98e4f8.jpg,dataset/images/puppy_full_body/0008_a7633fc4c62b.jpg,729,1000,a7633fc4c62b2781bc85064479cc4efe457bd18f0cd8dd1f7e649caa948cd7da
puppy full body,pinterest,https://i.pinimg.com/originals/1d/8c/5c/1d8c5c52523a884d30fd4fa3157eac1d.jpg,dataset/images/puppy_full_body/0009_5e6ec1d122e9.jpg,1024,1536,5e6ec1d122e90cb8de608181d29c4e88e9aab0e23ccaf5e3f1afefa40cd3cd23
puppy full body,pinterest,https://i.pinimg.com/originals/6a/94/3a/6a943a741483d1c858e62f9d0d247e5a.jpg,dataset/images/puppy_full_body/0010_bf25d8722aba.jpg,2141,3212,bf25d8722abaed9502946aca230d100b2faaa4c27d1248862f6cd9dbffcdcec5
puppy full body,pinterest,https://i.pinimg.com/originals/85/63/de/8563decc640fa29ab58925e221b0df58.jpg,dataset/images/puppy_full_body/0011_b5f4499949cf.jpg,1000,956,b5f4499949cf9724f84bd0f1545f5b31c212521ab06f6979015569fd9028da5b
puppy full body,pinterest,https://i.pinimg.com/originals/60/93/02/6093020b2115e59d52e0e28b0944c67e.jpg,dataset/images/puppy_full_body/0012_66afc6344b05.jpg,467,889,66afc6344b053889a61529deca045d01eff08d4566f71c88c173f8c9e5616894
puppy full body,pinterest,https://i.pinimg.com/originals/32/4c/42/324c424bc12a07fa87d3f429155a88f5.jpg,dataset/images/puppy_full_body/0013_577d6b6452ec.jpg,1024,1536,577d6b6452ec24b792450cb7e5a00f3985011cc145dcbf6218f2fc701210a2e8
puppy full body,pinterest,https://i.pinimg.com/originals/ed/da/c8/eddac8c5ef51bbd79a7cdbc61bebc996.jpg,dataset/images/puppy_full_body/0014_4339582b0327.jpg,825,1104,4339582b0327b4cbe051a6e0ca47cab787380bbf20beb08af7c294915a895a9b
puppy full body,pinterest,https://i.pinimg.com/originals/c3/7d/f1/c37df1b7510045a3d3c0717d551f420b.jpg,dataset/images/puppy_full_body/0015_7ef1b1b7b026.jpg,534,612,7ef1b1b7b0260e231ca79f2189610c86d6136ec6c131812d21128635e0a90cff
puppy full body,pinterest,https://i.pinimg.com/originals/bd/d0/4f/bdd04f3eb635679c9025d9a30a51e449.jpg,dataset/images/puppy_full_body/0016_0eba86c9f60f.jpg,504,592,0eba86c9f60fa3d2a03b4add8962f904105d6e7c1bdd9d03e4eec6b769b673f0
puppy full body,pinterest,https://i.pinimg.com/originals/c5/c0/23/c5c0232bac5f001a4ea2ca0c22084fd3.jpg,dataset/images/puppy_full_body/0017_421eff6452f6.jpg,746,1104,421eff6452f61d4a564161fd43c4ad2205e38421e82863281fe84d2329d0957d
puppy full body,pinterest,https://i.pinimg.com/originals/1e/85/29/1e852901cee43aa396c06945f0fa56fc.jpg,dataset/images/puppy_full_body/0018_8ebcb0bf3c0b.jpg,700,467,8ebcb0bf3c0be115ffccf6e1f5c574c647ecb1dad25c9f1adc742dba6a20f589
puppy full body,pinterest,https://i.pinimg.com/originals/01/88/7d/01887dfde14a1439996d7da1fc26ee1d.jpg,dataset/images/puppy_full_body/0019_9c5ea6fcfa5b.jpg,1242,1221,9c5ea6fcfa5bb3acd5973b17f392a9829823dd8f1661b4c5f455d051e6147af9
puppy full body,pinterest,https://i.pinimg.com/originals/71/30/1b/71301be68f01fe2fb5042c6ffda322ff.jpg,dataset/images/puppy_full_body/0020_c3da9b80018d.jpg,927,1280,c3da9b80018db759216fb63aeb8f099d910c2fe49325c3a0c7565e7531c7ef43
puppy full body,pinterest,https://i.pinimg.com/originals/97/48/91/974891ac2b832d152b55f7cfef6ef9d6.jpg,dataset/images/puppy_full_body/0021_d327e3d1ad8c.jpg,980,1600,d327e3d1ad8c3488a09ef09109a5dee2bca272d6268336f51b44c3418010c4c8
puppy full body,pinterest,https://i.pinimg.com/originals/36/58/0d/36580d363d1b9f6f2219620f368c17c1.jpg,dataset/images/puppy_full_body/0022_6826fa7e5f2e.jpg,367,365,6826fa7e5f2e3bbd63dc9ee28a429970120909a88b170516765ede4f837bc7f6
puppy full body,pinterest,https://i.pinimg.com/originals/3f/c1/9d/3fc19dde23cc5176a9d9c4905ad849c2.jpg,dataset/images/puppy_full_body/0023_74e031d5f567.jpg,567,489,74e031d5f5672c368a2d9fe79002b9dd798458eceb89537ecd9a0a4829549164
puppy full body,pinterest,https://i.pinimg.com/originals/55/e3/3e/55e33e304570cd5144046fc680c1822f.jpg,dataset/images/puppy_full_body/0024_61c813cda5a2.jpg,720,1280,61c813cda5a28d2c7c7b411a3fd78b054b9cbebb94f41ceba59a235cc47a5679
puppy full body,pinterest,https://i.pinimg.com/originals/2e/f6/3b/2ef63bf89240b2b2b2a660146b4c726a.jpg,dataset/images/puppy_full_body/0025_349b4c671df0.jpg,1353,969,349b4c671df007e95fe74334626bdd7ed0baf297d9fdaea384e2bd82bd95a600
puppy full body,pinterest,https://i.pinimg.com/originals/90/c0/b3/90c0b302390382fab10eda7018ec40eb.jpg,dataset/images/puppy_full_body/0026_5080495bdb12.jpg,2913,3331,5080495bdb124feb29432612c1847714930ba363cc812a0639e9a9bcb441c5dd
puppy full body,pinterest,https://i.pinimg.com/originals/dd/36/0a/dd360a918f7e91b5c4b235ad95112e1f.jpg,dataset/images/puppy_full_body/0027_8460fc83e7bc.jpg,736,1309,8460fc83e7bce977584f160431e9d5040ddfd787fe16dd457aa5429cc24526e1
puppy full body,pinterest,https://i.pinimg.com/originals/1e/d0/e7/1ed0e7a1ce88c4a5d29912f7321a22f1.jpg,dataset/images/puppy_full_body/0028_b9858a778e23.jpg,1000,1163,b9858a778e23e228d14edf1802849f7ff9325b14fc320f6f1921f87657480a83
puppy full body,pinterest,https://i.pinimg.com/originals/bc/6a/0a/bc6a0ab16d20b65027610e047ff55c78.jpg,dataset/images/puppy_full_body/0029_eda1c1d2be25.jpg,509,900,eda1c1d2be25d79f6aefa3074917cf876d0cf478d5d4e47906a43e382f618e27
puppy full body,pinterest,https://i.pinimg.com/originals/c7/9e/0d/c79e0d8f45019c5481f8243ed6f2de61.jpg,dataset/images/puppy_full_body/0030_9afa1b56871f.jpg,575,920,9afa1b56871f3b3522c259b9583916de23f24f7d5dcecd2c381d4a6d9f240f06
puppy side view,pinterest,https://i.pinimg.com/originals/3c/5d/95/3c5d95db2e7b7a94431d84162b2535c2.jpg,dataset/images/puppy_side_view/0001_0c4346e96038.jpg,800,494,0c4346e9603864b776c46f01106d5492186e55f04724f2e523300da20c6e3b57
puppy side view,pinterest,https://i.pinimg.com/originals/85/bb/4b/85bb4b37df09385b6c1ba21b4c6dbc01.jpg,dataset/images/puppy_side_view/0002_e32999ae530a.jpg,480,476,e32999ae530afcb7632b9d96677faee716c2cb53b80a2c0653532caeab68f9e0
puppy side view,pinterest,https://i.pinimg.com/originals/74/c8/8a/74c88afb21e762adf2aff2417e141dc2.jpg,dataset/images/puppy_side_view/0003_12e818be4b81.jpg,674,455,12e818be4b81907f547b835f8a8227b1295850e7ad0cae9beded82f2081b6d64
puppy side view,pinterest,https://i.pinimg.com/originals/4a/bd/79/4abd799a16db9a586b601f8e19bed0f4.jpg,dataset/images/puppy_side_view/0004_a3629f270baa.jpg,800,676,a3629f270baa10659201569b3287bde1c5a7ebcbe9a9149fb66c98ea248617dd
puppy side view,pinterest,https://i.pinimg.com/originals/57/d2/e9/57d2e99e803936b6a2600624c92b9b40.jpg,dataset/images/puppy_side_view/0005_8b428d1479e7.jpg,474,650,8b428d1479e74a2f3e4387ddc386173d2e305ebf67a13609fed294b02e201325
puppy side view,pinterest,https://i.pinimg.com/originals/a7/96/34/a796340a14774e23b059ab044644b0a1.jpg,dataset/images/puppy_side_view/0006_9877c627579e.jpg,564,564,9877c627579ee44bcb8188c6e23e2e408cbe01282a9f7740ef20362857fd6379
puppy side view,pinterest,https://i.pinimg.com/originals/b8/a6/54/b8a654020af6f82d7ab69a35511c5486.jpg,dataset/images/puppy_side_view/0007_d7091416ffd7.jpg,1161,1741,d7091416ffd77598861f6fec103ad7da07658277ea8249cc22c58bfe1636d6a9
puppy side view,pinterest,https://i.pinimg.com/originals/52/cd/e6/52cde68a1d7646d6479f8d141631cb7e.jpg,dataset/images/puppy_side_view/0008_56b717d0c522.jpg,1027,1920,56b717d0c5224a5f62b7610735ee119e9fa2da693b3f6eb10fa6f3970047e975
puppy side view,pinterest,https://i.pinimg.com/originals/51/3b/d2/513bd268d7cb77e7ef2ae3209e6e8b93.jpg,dataset/images/puppy_side_view/0009_71a65b66ab33.jpg,450,288,71a65b66ab33afe5a1196715a0fd7386d2c7d01a8be3c4e6734351ea717164e1
puppy side view,pinterest,https://i.pinimg.com/originals/42/d7/bc/42d7bc54912eabe290befc7cda80e876.jpg,dataset/images/puppy_side_view/0010_1d7cff377e9a.jpg,400,305,1d7cff377e9af25410497da9c7b3ef94e178150c147467c232b50e7e54ed3541
puppy side view,pinterest,https://i.pinimg.com/originals/d0/02/57/d00257c4ec11f9c9eeb0e1f55a05ffa5.jpg,dataset/images/puppy_side_view/0011_9cc10a0bd3f1.jpg,822,1104,9cc10a0bd3f1c52a3c05f534ca0a7c67a76cbedcfc53a0c24740b73d7381f74c
puppy side view,pinterest,https://i.pinimg.com/originals/e7/b8/64/e7b8647f6b404a3adde501c6f62ad484.jpg,dataset/images/puppy_side_view/0012_1911b2e00c63.jpg,1440,1440,1911b2e00c63694c8e7ec086d01e4dabdaa852e39147eebac720a29487dfb119
puppy side view,pinterest,https://i.pinimg.com/originals/21/29/b2/2129b2fda6eccf857adc2efcb778950f.jpg,dataset/images/puppy_side_view/0013_57bc3da1448b.jpg,640,905,57bc3da1448bbd77b02ad624ad195581162400cd0981d225dfe474d0500d6be2
puppy side view,pinterest,https://i.pinimg.com/originals/71/27/e9/7127e993890c9113b5bf8baf481e2d8f.jpg,dataset/images/puppy_side_view/0014_15cc9c85629a.jpg,640,960,15cc9c85629af5f2b9406171554b168aa314863aca570eb5245a16d812118edb
puppy side view,pinterest,https://i.pinimg.com/originals/2f/e9/05/2fe905809803fa04ae495dac4624db7d.jpg,dataset/images/puppy_side_view/0015_90cdb56db268.jpg,434,640,90cdb56db2683da9f40e7cf76c2aea6489393085d2207fd6b6048579c9400f4d
puppy side view,pinterest,https://i.pinimg.com/originals/18/97/09/18970922bbd7ae83f291b478d0778aee.jpg,dataset/images/puppy_side_view/0016_f914c5abe68d.jpg,1358,1300,f914c5abe68db2eac53a08b92b4d6d5861664868f26d7843a8b8c1c3b7f34526
puppy side view,pinterest,https://i.pinimg.com/originals/98/b5/fe/98b5fea8581d354b18e13263d126f8c9.jpg,dataset/images/puppy_side_view/0017_ffb7cb395224.jpg,1920,3841,ffb7cb395224e4409ed38bd84b8046186715593bb94106fa03fdba073a8bffa4
puppy side view,pinterest,https://i.pinimg.com/originals/04/92/76/0492767faa969ce1a4e24cdc8e250216.jpg,dataset/images/puppy_side_view/0018_bad3d8265e15.jpg,1000,804,bad3d8265e1515afb2f7f8cc02dc4cd282229c57651e8d095a5767c461f068d3
puppy side view,pinterest,https://i.pinimg.com/originals/ba/09/04/ba0904247db8de3190f0ed1017df5c7c.jpg,dataset/images/puppy_side_view/0019_cc19f7576cb7.jpg,275,355,cc19f7576cb74e72981a948f49947e312106e0f46ea49311acb2ac2ec75eae07
puppy side view,pinterest,https://i.pinimg.com/originals/c8/e0/73/c8e073ef199f9b5e66738a4b6692ee94.jpg,dataset/images/puppy_side_view/0020_e2e190639d38.jpg,738,709,e2e190639d38c512f21e65b7c0d3419825212f5a0eea44bd71e08dcbf9a67571
puppy side view,pinterest,https://i.pinimg.com/originals/62/3e/6e/623e6e934fd01367aef543ab50fff166.jpg,dataset/images/puppy_side_view/0021_43edcda99bc3.jpg,705,599,43edcda99bc30d02a082dfeb87131bfbd5dc2abb2d99e66e6ada24e789b158f7
puppy side view,pinterest,https://i.pinimg.com/originals/e5/06/ed/e506ed96e96200fc301006b6103606ed.jpg,dataset/images/puppy_side_view/0022_d6d7836de884.jpg,1600,1155,d6d7836de884944b1f0f8f3d03f1ae184600b7cd3599f752f9998281fdb3728b
puppy side view,pinterest,https://i.pinimg.com/originals/98/74/c2/9874c2ef0cf4cdd8e4f2854d955387e9.jpg,dataset/images/puppy_side_view/0023_36c8bcdcd227.jpg,1000,946,36c8bcdcd227edb29ebc4c2165798e17846edc65b59758d83544d82fe1b40030
puppy side view,pinterest,https://i.pinimg.com/originals/6a/c4/66/6ac4660a4cf957e90c3f7e85249eebbf.jpg,dataset/images/puppy_side_view/0024_6b73e2addc04.jpg,1175,1104,6b73e2addc04820c08c89aa5d376e33ead2ff4478db4655f070375e1fbed766e
puppy side view,pinterest,https://i.pinimg.com/originals/7d/6c/d5/7d6cd50c6e7f87e2745bf79fe2be35a4.jpg,dataset/images/puppy_side_view/0025_1cd5896f3dd1.jpg,500,761,1cd5896f3dd19a3f02d5ff2f945be9c1bc77b281bd24677e5a1bc1877ca62471
puppy side view,pinterest,https://i.pinimg.com/originals/a8/5a/97/a85a972b8df99e45224e2b3668198bb8.jpg,dataset/images/puppy_side_view/0026_9c5321b6d8b7.jpg,474,842,9c5321b6d8b7c65180a1da3760c98e28ca5db4e1cc2729932953e45be7218383
puppy side view,pinterest,https://i.pinimg.com/originals/4f/1f/e6/4f1fe6fda960ac417139de65b4aedf97.jpg,dataset/images/puppy_side_view/0027_3c4af0b1684a.jpg,498,590,3c4af0b1684a6a50963dce465cb15276eab414fdadffb30a447fec26c2e66c09
puppy side view,pinterest,https://i.pinimg.com/originals/93/20/f9/9320f9ab2bbbfea3e60bafd1f7ee5f67.jpg,dataset/images/puppy_side_view/0028_c7cd501e2641.jpg,275,406,c7cd501e2641c68cd50a95e8e8645ddc75fda855b6caa01565c92f61599c7c92
puppy side view,pinterest,https://i.pinimg.com/originals/2e/e0/9f/2ee09f7a6f43427716eba769d2a6709f.jpg,dataset/images/puppy_side_view/0029_f6074cafe54e.jpg,530,739,f6074cafe54ec36fb51c375c674233e6d63457ee1f1b21c2b5da3f32b69ce0c6
puppy side view,pinterest,https://i.pinimg.com/originals/9c/db/e2/9cdbe25d670fa2d8778d9d831c2cc914.jpg,dataset/images/puppy_side_view/0030_9a8b9b7f831c.jpg,736,736,9a8b9b7f831cf81d3bd3f751695dab285bd635f3fafef7cc3acdbc311cf3353b
puppy front view,pinterest,https://i.pinimg.com/originals/a0/38/82/a038827e91253cc55e5d698f42fb54f9.jpg,dataset/images/puppy_front_view/0001_ccae7452661b.jpg,600,900,ccae7452661b371059b409d1b52ca550485ff1865bd2c8a81be37ba61461850c
puppy front view,pinterest,https://i.pinimg.com/originals/bb/60/0f/bb600f80839d7c8df98a16d1d630ea87.jpg,dataset/images/puppy_front_view/0002_db88c6d3c2b4.jpg,492,637,db88c6d3c2b46b649fe44b4f8eb1e4ac2a59bf5e48e9ff6203c3d43657c002e7
puppy front view,pinterest,https://i.pinimg.com/originals/7c/76/99/7c769921f2c3fa127701797de9b0211e.jpg,dataset/images/puppy_front_view/0003_e48546ae205c.jpg,1536,2048,e48546ae205cdfbba044a247ab997a8635b3c414f862f2455272448af3a9afbf
puppy front view,pinterest,https://i.pinimg.com/originals/c9/a5/c8/c9a5c82a6f76c7974fe400bde0e29529.jpg,dataset/images/puppy_front_view/0004_fdc5f662c3af.jpg,469,626,fdc5f662c3af86c5abe9e11d4592c2a7a97c4b3eb0878f7f12fefdb9eb641df4
puppy front view,pinterest,https://i.pinimg.com/originals/40/79/4d/40794dbf0cc62b2a7d4e8b1b0040b1a0.jpg,dataset/images/puppy_front_view/0005_ebaaeef8eb4c.jpg,563,808,ebaaeef8eb4cc45c9f8b0083886954dcc35c41b5afc711b61ceef51ed9f3dff0
puppy front view,pinterest,https://i.pinimg.com/originals/ac/f1/e8/acf1e85696d45043389087c81f8c144a.jpg,dataset/images/puppy_front_view/0006_c35e892dffa0.jpg,434,650,c35e892dffa09f5ce8e6c6e60e23416b34e39dc9c32def500f327ba19b5c69a0
puppy front view,pinterest,https://i.pinimg.com/originals/7c/8a/ed/7c8aeda56e378273046d1fb0b1126f40.jpg,dataset/images/puppy_front_view/0007_e0e6d8e04418.jpg,1339,1784,e0e6d8e04418adc7a0509f2e1dc0d1249fa3770593325ae904b088ff1acfe353
puppy front view,pinterest,https://i.pinimg.com/originals/b6/60/03/b66003007a24489e9e570ef7c2d93629.jpg,dataset/images/puppy_front_view/0008_a982ed6952d6.jpg,676,1201,a982ed6952d6c25b300bd1e5df94d0e05952d809ec18ead34704cfcb867e88ea
puppy front view,pinterest,https://i.pinimg.com/originals/ec/e6/c9/ece6c94d86491dca9b5d8e9db12973bf.jpg,dataset/images/puppy_front_view/0009_dfada2bf5145.jpg,816,1451,dfada2bf514583592ff7cde4afca884f8910308dc45927d4ceb7b265d876aab1
puppy front view,pinterest,https://i.pinimg.com/originals/f6/a5/b8/f6a5b835a31a6d28c2ae395f2386c491.jpg,dataset/images/puppy_front_view/0010_cc65bbd69476.jpg,812,1148,cc65bbd694766bf21807511c4b169d002dafd024995d33778150dab9c9c6318f
puppy front view,pinterest,https://i.pinimg.com/originals/d4/c3/17/d4c31755eee95c2d7b2b132ee1d3f906.jpg,dataset/images/puppy_front_view/0011_3be97366ccca.jpg,1024,1536,3be97366ccca29ccf843fe5b985e45384dc429418c9e004b1a52cfa5a9ce3ce8
puppy front view,pinterest,https://i.pinimg.com/originals/57/28/79/572879658e58ccb130aa3a6b9501392b.jpg,dataset/images/puppy_front_view/0012_222e346b164d.jpg,1080,1920,222e346b164d53f49fda6ff6b18f53cd19399485188c6d428c61056ce8894768
puppy front view,pinterest,https://i.pinimg.com/originals/d0/b5/d2/d0b5d2f71c0084ddfd48d8a501f2ec1e.jpg,dataset/images/puppy_front_view/0013_e511f9ed4043.jpg,491,604,e511f9ed4043ee0d6ad1a1375136ad7bf0b34343c6a7fb44de91084b6f6a0e25
puppy front view,pinterest,https://i.pinimg.com/originals/94/8b/4a/948b4a23a6253ec11917ab16a394e4de.jpg,dataset/images/puppy_front_view/0014_10260b0cddda.jpg,564,845,10260b0cddda8f6c10e53d7d8cfa63b82d16ef10bab4b603b1c0ba5010cd06a2
puppy front view,pinterest,https://i.pinimg.com/originals/0c/7a/1b/0c7a1bad9cd7fa650026b78a360cb783.jpg,dataset/images/puppy_front_view/0015_d47cc8f0024c.jpg,447,626,d47cc8f0024c8d3ba42fa8bbfdb0494fa94e163e83a234a0b801dedc3ce41918
puppy front view,pinterest,https://i.pinimg.com/originals/6b/fd/7f/6bfd7f2218c7d08bd22bc720d37216f0.jpg,dataset/images/puppy_front_view/0016_0d3ce84ff1c7.jpg,474,641,0d3ce84ff1c7b861cb78c95f5a73240ed06e1694ff2ac50230f623d9ce41908e
puppy front view,pinterest,https://i.pinimg.com/originals/07/c4/87/07c487456f29d41ce6946bb236d84898.jpg,dataset/images/puppy_front_view/0017_a731534f40fb.jpg,634,643,a731534f40fbc604277e520d38aae393a83f14379653ccc6dd60982d922f0f14
puppy front view,pinterest,https://i.pinimg.com/originals/b8/18/fd/b818fdfd9ce4c8992f2b108a919617ad.jpg,dataset/images/puppy_front_view/0018_8efe91e87eb3.jpg,4285,3776,8efe91e87eb3b613ce9d6c3e865b5ef0f80e3ed03a3ca248a17451d2436675af
puppy front view,pinterest,https://i.pinimg.com/originals/99/4a/c8/994ac8532499a559bfb36419b04342e9.jpg,dataset/images/puppy_front_view/0019_aea67fc048ae.jpg,526,626,aea67fc048ae5e72f1158d33d848379e6e6cf28f0947d925cd3230307f1454a3
puppy front view,pinterest,https://i.pinimg.com/originals/cf/aa/c5/cfaac51b21f106e3409c9d0fc77a41a0.jpg,dataset/images/puppy_front_view/0020_a700077e12d9.jpg,735,1102,a700077e12d9539fd06886c9c28834ebe7df3de23f9ceed70bd80e9dfa613a8b
puppy front view,pinterest,https://i.pinimg.com/originals/09/8c/d1/098cd19274098d55c92dea257e9d7baa.jpg,dataset/images/puppy_front_view/0021_4dba0ec089af.jpg,1060,1413,4dba0ec089af4d603b7a1eb02da3b5ee6e86c4ceb61d96144c42c218f28f59e8
puppy front view,pinterest,https://i.pinimg.com/originals/7a/d8/be/7ad8be38b34d353ad576f3b61d79da7c.jpg,dataset/images/puppy_front_view/0022_8152e6fb4917.jpg,674,1051,8152e6fb4917a0d463b9271051b0372c2e66721ae026f21b2874093e38c21e8f
puppy front view,pinterest,https://i.pinimg.com/originals/b1/e5/f5/b1e5f5ae0fcaff83b196daad295b6832.jpg,dataset/images/puppy_front_view/0023_5763b812e206.jpg,1050,1867,5763b812e20696777ee8172d87fcbe513adec864d9de3f7fef57c3c1a39f6c4e
puppy front view,pinterest,https://i.pinimg.com/originals/63/74/cc/6374cc39cc79755714680d84cc83b3eb.jpg,dataset/images/puppy_front_view/0024_e862f0ec71a1.jpg,626,626,e862f0ec71a1a54a4793204087bd76306cc7c4f2ff0f3ab4d6df4d8a49a917ef
puppy front view,pinterest,https://i.pinimg.com/originals/5c/c7/6f/5cc76fe72d709f72be7f186ca770c92d.jpg,dataset/images/puppy_front_view/0025_d5725572fa2a.jpg,800,1200,d5725572fa2a03b3cdea629b53ee156c4cfa0695b5e38a8078279d084e696091
puppy front view,pinterest,https://i.pinimg.com/originals/75/c0/3c/75c03c8fba005e3a091cd261eb42f77c.jpg,dataset/images/puppy_front_view/0026_9051072c91d4.jpg,1224,1632,9051072c91d47fed64c8d2346d2754840729f31cdffa3fe9d2914b11a65f3298
puppy front view,pinterest,https://i.pinimg.com/originals/8c/9c/ab/8c9cab1220b1089913651d7e4c2c75c3.jpg,dataset/images/puppy_front_view/0027_5d5111306cac.jpg,277,450,5d5111306cac2b227ad3ad6673fb164e4c609d838e4295dbd3fb99a40bd40a62
puppy front view,pinterest,https://i.pinimg.com/originals/b1/3e/34/b13e340c6ce5c8baaf06c25fe2da7269.jpg,dataset/images/puppy_front_view/0028_24074007a43a.jpg,584,886,24074007a43a8284bf40795f123a0921b06ab917805a8864c172e306090f2948
puppy front view,pinterest,https://i.pinimg.com/originals/6e/14/b0/6e14b06213b07df87fa4696422c7abd6.jpg,dataset/images/puppy_front_view/0029_64d533bc1ee9.jpg,273,488,64d533bc1ee985d4e2464e56b92f20f41ce1edd529ac93d4c1252f5381ed8215
puppy front view,pinterest,https://i.pinimg.com/originals/30/cc/c5/30ccc548737f20bb4567481ea22a60f4.jpg,dataset/images/puppy_front_view/0030_67fd3846ed8f.jpg,812,1000,67fd3846ed8f0b9a47c7663b347b5a8ca4108b226b38528b96a52a10334172c2
puppy back view,pinterest,https://i.pinimg.com/originals/72/d3/6f/72d36f2177c4f2acb00c3e3aefdd099c.jpg,dataset/images/puppy_back_view/0001_bc855a3cd283.jpg,800,800,bc855a3cd283b726d757458c0d186d053395511c0d6c1305c6a68f87327d72f3
puppy back view,pinterest,https://i.pinimg.com/originals/e3/b7/1f/e3b71f00990bb9f96b689ca88f13fa91.jpg,dataset/images/puppy_back_view/0002_60b8063040c4.jpg,1000,1054,60b8063040c45cea543ade6c3df9c46be8ba53c3790aed8916e7d7bee99623eb
puppy back view,pinterest,https://i.pinimg.com/originals/9a/f2/d5/9af2d5f5fa0eb0863030635877ed2bc2.jpg,dataset/images/puppy_back_view/0003_5e9fbbdd77ed.jpg,563,1000,5e9fbbdd77ed77dd031b3b7b6788742363f3c5ef46b676357953e6d96375e705
puppy back view,pinterest,https://i.pinimg.com/originals/b3/4b/05/b34b0591d2c58bc51bfbf48b3f9a3133.jpg,dataset/images/puppy_back_view/0004_687c1651fff2.jpg,465,621,687c1651fff24ef98e4ada06c6bb4f954d0458c4ce670a7c3a2db94766d3e809
puppy back view,pinterest,https://i.pinimg.com/originals/3d/40/3b/3d403b8f1d8b55e522c5f46c8ba1f51f.jpg,dataset/images/puppy_back_view/0005_d679b839e3fd.jpg,794,1123,d679b839e3fde2ec507f6b0fa14da13ce8e79880dd74a47202e3125fe7d6f44e
puppy back view,pinterest,https://i.pinimg.com/originals/11/2c/d0/112cd0c16b3e1713841e708f05981476.jpg,dataset/images/puppy_back_view/0006_f0cc79b00dc9.jpg,333,500,f0cc79b00dc918bfb9a9555d62de5a712d13117e3618ebd10238f69f7bd616d6
puppy back view,pinterest,https://i.pinimg.com/originals/ae/03/5a/ae035a574f2701aa8f01ac4177ea5ee3.jpg,dataset/images/puppy_back_view/0007_c44161e7d0ac.jpg,720,1280,c44161e7d0ac0e48acffaae1fb4eb04c6a94722aebe798c9263b193e153dd63d
puppy back view,pinterest,https://i.pinimg.com/originals/67/b4/68/67b468c5090810ee2ec33eb45ff22a8c.webp,dataset/images/puppy_back_view/0008_390382870cf6.jpg,640,670,390382870cf692349bbac2babecc6b79dd95ddb08b815b222f8e0ffaec283bfe
puppy back view,pinterest,https://i.pinimg.com/originals/83/1f/01/831f014f85ea092e05e75b61540dec9e.jpg,dataset/images/puppy_back_view/0009_85d871a796d1.jpg,360,481,85d871a796d1bb3ff83a6ee6366578c6b34d7b7cfca0846b30646d25e4466b30
puppy back view,pinterest,https://i.pinimg.com/originals/91/f6/2d/91f62dfd70eab56d88b419945829d320.jpg,dataset/images/puppy_back_view/0010_96b3b591fc0e.jpg,2992,2992,96b3b591fc0e82d1ef8ee0b33755b58d402e6019cb0e5649f500304aeed94415
puppy back view,pinterest,https://i.pinimg.com/originals/8a/ad/05/8aad051953063fb36e13e515b410e5c5.jpg,dataset/images/puppy_back_view/0011_74227e7b3323.jpg,532,653,74227e7b332346857119db3538a1e584dfbb990e2a00c8f956395e077b5a112b
puppy back view,pinterest,https://i.pinimg.com/originals/bc/f0/06/bcf00675b246ce0dbd0404dc0455909e.jpg,dataset/images/puppy_back_view/0012_d2e1dcfe20e0.jpg,2666,2000,d2e1dcfe20e04c1edfee3ba1c7074206ec623aded95510f84f571cca4016164d
puppy back view,pinterest,https://i.pinimg.com/originals/97/37/48/9737489ffdf4ccd172e5b585ee371bdb.jpg,dataset/images/puppy_back_view/0013_18153ee9214a.jpg,2000,2000,18153ee9214a3d26c76c2f4ae6a7d6498cb18f3817891143249cf6a2afb71fa2
puppy back view,pinterest,https://i.pinimg.com/originals/d1/25/48/d12548f820fda670267c33fe04f51caa.jpg,dataset/images/puppy_back_view/0014_32a667e207e5.jpg,504,504,32a667e207e534747e19c449f6fc961ed79e344db0580dad327b123307d99262
puppy back view,pinterest,https://i.pinimg.com/originals/4f/9a/76/4f9a76ac18a684822ab53d63a0e09dd7.jpg,dataset/images/puppy_back_view/0015_e34d8a093d4c.jpg,360,640,e34d8a093d4c20b9bdbd2b588d9fbf1f5321f144bdf5ba011bbcf3f3ac3545e2
puppy back view,pinterest,https://i.pinimg.com/originals/66/3c/4b/663c4b90c97bb65b49d0c6d12ee11657.jpg,dataset/images/puppy_back_view/0016_2d03d9e76512.jpg,548,560,2d03d9e76512fa48654d0a1b3b2be5d664488960a9fd1bf2a558c6f7135d3721
puppy back view,pinterest,https://i.pinimg.com/originals/46/14/68/461468a64fda712e5f704877dd03eb00.jpg,dataset/images/puppy_back_view/0017_8a43387469e3.jpg,472,650,8a43387469e342d50143a8f77e1099d4b8987885b9c7292a5dc051d5b00c5fca
puppy back view,pinterest,https://i.pinimg.com/originals/33/d0/c9/33d0c9b1d696a2ab1b3047ae9f12dc19.jpg,dataset/images/puppy_back_view/0018_5fd5efe523d6.jpg,1201,1080,5fd5efe523d634f234e8e094a4b48e88c0b2b08f808517f7fa035ea95457499e
puppy back view,pinterest,https://i.pinimg.com/originals/05/21/8b/05218bff650683847f3daa197afd46b0.jpg,dataset/images/puppy_back_view/0019_26899bcf79de.jpg,480,640,26899bcf79de5ce9c1118e35a76e2a955bbc9b9eedcf608a455e9bd2e2959391
puppy back view,pinterest,https://i.pinimg.com/originals/35/54/50/355450b8824f13b0d303aaf9eb2f3fbc.jpg,dataset/images/puppy_back_view/0020_ca063436a1d7.jpg,1300,1266,ca063436a1d75a2277bf0438e805bad5971dc22fd3fb552139a677111f6f02d4
puppy back view,pinterest,https://i.pinimg.com/originals/ac/e0/4b/ace04b9fd4ba28e6235765eb6232466b.jpg,dataset/images/puppy_back_view/0021_3e97419817cf.jpg,1000,666,3e97419817cfdd101dc1f50d3c6159d1e3e9959510f7822dcb72ee65e43318ab
puppy back view,pinterest,https://i.pinimg.com/originals/31/70/66/317066c73e4d6fc959518aea701d5868.jpg,dataset/images/puppy_back_view/0022_0667443355ba.jpg,961,960,0667443355ba9d4902262dd9bac8fea8b030294d9f235231919dacd7ff8ed8e4
puppy back view,pinterest,https://i.pinimg.com/originals/ba/cd/dd/bacddd02bd50cff6d54bb6a5ad975671.jpg,dataset/images/puppy_back_view/0023_395ad5a5adbc.jpg,2500,2500,395ad5a5adbc1925f6f009f703919025d3b1baa878c47fcc0e8ab3b2f3cf3323
puppy back view,pinterest,https://i.pinimg.com/originals/0a/3d/06/0a3d066e4a8dc33481c1b9f35d38d48d.jpg,dataset/images/puppy_back_view/0024_580cdb04e1b4.jpg,3456,2304,580cdb04e1b49425cdd7da211241aaf9612a27212ef5b6d7f10e1a1079e09885
puppy back view,pinterest,https://i.pinimg.com/originals/b1/b7/a7/b1b7a7983550ef9cb8f29fb3cbfbad01.jpg,dataset/images/puppy_back_view/0025_87baf2847419.jpg,626,626,87baf284741912244d60c68a3a9f1ef5a900337a8a85c53b0771cdd8c65bc67e
puppy back view,pinterest,https://i.pinimg.com/originals/dc/12/e6/dc12e6c7690e10bc567fe8ea2c6cdd1b.jpg,dataset/images/puppy_back_view/0026_2b4f9a04d62a.jpg,955,1099,2b4f9a04d62a5adab7bc48110aa9553172c970d91326e2014e78fbe3936685a0
puppy back view,pinterest,https://i.pinimg.com/originals/87/17/99/8717997f69325271afd5a88f22cbf275.jpg,dataset/images/puppy_back_view/0027_2bffda33f7cc.jpg,942,1675,2bffda33f7ccf99217ff0d19c7ee4a0fe99a6b64505d3d823eb450a37abcae96
puppy back view,pinterest,https://i.pinimg.com/originals/27/94/1b/27941bb70cecc64d7f1c7658fc264556.jpg,dataset/images/puppy_back_view/0028_3fe6f20e9660.jpg,640,960,3fe6f20e9660e2a60ba4bfabc7648ea30f0296f330ee851a5d30f5c53469f692
puppy back view,pinterest,https://i.pinimg.com/originals/ee/88/92/ee8892f38f09ff3322f62c8f11f21ba6.jpg,dataset/images/puppy_back_view/0029_8483e80cb7a0.jpg,923,1154,8483e80cb7a0ebb44de67ed9fdfb5382a14be9dbbd746a3614119c75e6c3703d
puppy back view,pinterest,https://i.pinimg.com/originals/1f/68/19/1f681995875c7bfc127339474dce9acd.jpg,dataset/images/puppy_back_view/0030_12ea7147393a.jpg,318,450,12ea7147393a9a85f21ceda05252f47098e0df7149f8d22b02fa1d290778c9e3
puppy top view,pinterest,https://i.pinimg.com/originals/61/43/fb/6143fb1eaba551b97c12086d1e1d3706.jpg,dataset/images/puppy_top_view/0001_a5749c8603cb.jpg,750,1000,a5749c8603cbcb00a9be34f77a7c20aeb7dd2320e8fb9c93b9db065eff94a98c
puppy top view,pinterest,https://i.pinimg.com/originals/48/b5/de/48b5debf554ab24bcbf474339214715d.jpg,dataset/images/puppy_top_view/0002_a59957a776e4.jpg,600,399,a59957a776e429a008af6c972c8a637618f2b9a0700dba4c4e424de7563757d3
puppy top view,pinterest,https://i.pinimg.com/originals/d7/5f/2d/d75f2dc8bb9a8041a0e7a63756026b20.jpg,dataset/images/puppy_top_view/0003_0f76c875a9de.jpg,683,1024,0f76c875a9defa9224b9664bf1e40af0e9bf87d58446c1dca19d53906e2feeb5
puppy top view,pinterest,https://i.pinimg.com/originals/98/82/f5/9882f534c7d3cc34b45152bd5523a270.jpg,dataset/images/puppy_top_view/0004_3a433ad159ff.jpg,499,333,3a433ad159ff90b3a109dd26e4e7e82edadd6ad95a55b8d932b529b7e6d9cd62
puppy top view,pinterest,https://i.pinimg.com/originals/91/e7/dd/91e7dd9189dce9764f954955b3721e41.jpg,dataset/images/puppy_top_view/0005_81c417cd578d.jpg,3264,2448,81c417cd578d290dc92d696aeb97c9c1d8a2171c74907260c34780d3aabe20dd
puppy top view,pinterest,https://i.pinimg.com/originals/e7/b7/22/e7b722cfbf0eded159669e9d59534c5e.jpg,dataset/images/puppy_top_view/0006_94223b3f7826.jpg,333,500,94223b3f7826b4e5488eb23514f3aed0c9c8a7b512fb4f6e8e560bdfd1149a8e
puppy top view,pinterest,https://i.pinimg.com/originals/ca/ac/a9/caaca974bf402bfdd5414c74f58c7d8a.jpg,dataset/images/puppy_top_view/0007_45d39536a11a.jpg,736,955,45d39536a11a1d74c8519c42b2907e518f4b1fd8475367659319578824048b18
puppy top view,pinterest,https://i.pinimg.com/originals/65/a6/41/65a641c298a11e340ffc97b47c2fb7ad.jpg,dataset/images/puppy_top_view/0008_57163cc67165.jpg,600,600,57163cc67165c615ef0793504d5138f85881f611fd42a0da147e3914b6001a11
puppy top view,pinterest,https://i.pinimg.com/originals/41/db/fd/41dbfd260d742a1e085a4b7d4370b5d2.jpg,dataset/images/puppy_top_view/0009_944196b76fbc.jpg,1600,1600,944196b76fbc7dfc6289a3443374ffba19579e2b1fc46b12f939fe0fb77878c8
puppy top view,pinterest,https://i.pinimg.com/originals/22/ab/9b/22ab9b0f8c0dbaa192b50399edf5a3fa.jpg,dataset/images/puppy_top_view/0010_e7e1ce993961.jpg,5501,3668,e7e1ce993961704f897339a7b365986c9f31e4ce39cec9d19d368034ee34e5cf
puppy top view,pinterest,https://i.pinimg.com/originals/bd/0d/26/bd0d265436928363f81d14b3823e17d6.jpg,dataset/images/puppy_top_view/0011_409a7e93b610.jpg,640,612,409a7e93b6101fe8804d5773be45a527cfb1549a7ff87ad5f49b68633884f146
puppy top view,pinterest,https://i.pinimg.com/originals/ac/28/9d/ac289d9cf6b2708c86e6e40ea4cd1dc9.jpg,dataset/images/puppy_top_view/0012_d19820b75095.jpg,1280,960,d19820b75095360b63137f8db6a5fd118a4c21ccb62fcd30d29dd99c433952f6
puppy top view,pinterest,https://i.pinimg.com/originals/e0/b2/24/e0b2242b3848afb2f6779f8584018144.jpg,dataset/images/puppy_top_view/0013_9846e7dcc729.jpg,735,490,9846e7dcc7294b77b00587cba111ac3b4396c2bcb6d4ec095e786e040e03fa80
puppy top view,pinterest,https://i.pinimg.com/originals/de/15/e5/de15e57a6e6ea7793d947c0c71553a79.jpg,dataset/images/puppy_top_view/0014_f146e0c4af6e.jpg,512,288,f146e0c4af6e657c110820bc372a287656d03df1e7ab8ed76685a9191ef4e1f6
puppy top view,pinterest,https://i.pinimg.com/originals/48/b1/b5/48b1b5dd6b8608317338c3b9b61a1bbe.jpg,dataset/images/puppy_top_view/0015_bcee0b3fb485.jpg,736,736,bcee0b3fb4853dcb2cb5937be0ac14995a046be4efde1bd304e91f025db249e1
puppy top view,pinterest,https://i.pinimg.com/originals/75/13/96/751396dd36d9d924f0860ae35b5c16f6.jpg,dataset/images/puppy_top_view/0016_6bb5b4581a82.jpg,1143,1280,6bb5b4581a8262e0e8210e3fdc032fa1c5705777da8539896b64838cd8eb5a4d
puppy top view,pinterest,https://i.pinimg.com/originals/ac/71/c4/ac71c479e4d1ed80d9802de52e39b790.jpg,dataset/images/puppy_top_view/0017_b881556180e4.jpg,726,422,b881556180e4050576db2d13aa24d1a91ec8074ef7283868f6865edc9fa40d0f
puppy top view,pinterest,https://i.pinimg.com/originals/78/be/db/78bedb1979efa16ddf1b3949a31976d0.jpg,dataset/images/puppy_top_view/0018_90f65e2fba11.jpg,750,750,90f65e2fba1182eb813042f5cc17ec1350860a0d4e8ed1cbfedf848c896c1582
puppy top view,pinterest,https://i.pinimg.com/originals/a0/0f/80/a00f80091c09ea8071cd2ed4a4aa2327.jpg,dataset/images/puppy_top_view/0019_6eb294e950b2.jpg,900,1200,6eb294e950b2c7ea54f1a9f02012dbad81701595a656f52c855849667a7504be
puppy top view,pinterest,https://i.pinimg.com/originals/68/90/c1/6890c1140aa4b10a0ff509b767308810.jpg,dataset/images/puppy_top_view/0020_78a2af54b121.jpg,1440,1440,78a2af54b1214888a79b22d26b232434cf2feeda7a66cd3fea77cc55340eaf0a
puppy top view,pinterest,https://i.pinimg.com/originals/06/78/71/0678716278db9a40edab0983c98352c5.jpg,dataset/images/puppy_top_view/0021_776d5ffb0d66.jpg,540,960,776d5ffb0d66a014e91a7b0161ab7ab6f4535afffecac0a7443d57e913e95bbe
puppy top view,pinterest,https://i.pinimg.com/originals/65/c8/45/65c8453a8be2a935d16fcd1f4b30dfb2.jpg,dataset/images/puppy_top_view/0022_a8e63c32252d.jpg,512,512,a8e63c32252d78d467b27a309993ed6dd43f03f642b49f2bc0e2947ccb088fae
puppy top view,pinterest,https://i.pinimg.com/originals/41/d8/17/41d817394080c69b94c0b056a8b03de7.jpg,dataset/images/puppy_top_view/0023_f64193043060.jpg,1300,1065,f6419304306096d599291dec65e46333c1053ec7925e5354d911152c0e7cda64
puppy top view,pinterest,https://i.pinimg.com/originals/de/0f/88/de0f884c6d7ad3ff0092519f8b900091.jpg,dataset/images/puppy_top_view/0024_9d7ee1c49e5b.jpg,980,980,9d7ee1c49e5bbc50202cda2afb049388c65f9612fe4d2890f050b47ce64fde4c
puppy top view,pinterest,https://i.pinimg.com/originals/fb/14/00/fb140089fbbd0d8dc2c84f1dd6c4a3c7.jpg,dataset/images/puppy_top_view/0025_ee22481df681.jpg,961,1200,ee22481df681306123a0f64488e22749c101ea57894d2f9bb932ca5d34e4f0b5
puppy top view,pinterest,https://i.pinimg.com/originals/7a/44/02/7a44022c99322cbf34daecb662101d24.jpg,dataset/images/puppy_top_view/0026_2ea7f48e1844.jpg,984,984,2ea7f48e1844d720bd520821348255ede7c65a8cf104722ef40d61b5ec6e0e5d
puppy top view,pinterest,https://i.pinimg.com/originals/e6/cb/2d/e6cb2d049e404f84036c4752922aaec8.jpg,dataset/images/puppy_top_view/0027_16db47a5c011.jpg,450,600,16db47a5c0115479c5f39951df6d8ab060d0512d10a3796ea865454e5a5271f0
puppy top view,pinterest,https://i.pinimg.com/originals/7d/ac/c5/7dacc581caca6b1d44abc6894955cc51.jpg,dataset/images/puppy_top_view/0028_069e940f9f06.jpg,3072,4096,069e940f9f0691510f416a259e67a98da340dd4a76d05e8a27b6d467fc03c7e1
puppy top view,pinterest,https://i.pinimg.com/originals/a2/d8/46/a2d846bbaa4f6bb92c95b345c7e201c4.jpg,dataset/images/puppy_top_view/0029_04cb219510f4.jpg,1080,1920,04cb219510f4501ffe6852867e90daea2fe7f23c76a2b4c811ab8432ef313e2e
puppy top view,pinterest,https://i.pinimg.com/originals/32/b7/79/32b779c6534e273c322b02ea20ed923c.jpg,dataset/images/puppy_top_view/0030_29b9ea1b2d47.jpg,736,687,29b9ea1b2d47a6c36061fd4ce18830a8149ae45f6ddec8e77a36daa27ff23b7c
puppy from behind,pinterest,https://i.pinimg.com/originals/b0/c3/dd/b0c3ddd32030c9dbaf993cc0625da156.jpg,dataset/images/puppy_from_behind/0001_16aa5b592634.jpg,640,800,16aa5b592634189be8fb8b5df8adffa035ff4d7d09a10cf2075a9abc209e7c24
puppy from behind,pinterest,https://i.pinimg.com/originals/e8/35/91/e83591417e9f82d5fc761a1a318200fc.jpg,dataset/images/puppy_from_behind/0002_47683c4fb2cc.jpg,500,592,47683c4fb2cc50ed8119a435b17eff96385d7a92a6262919ce0980485990b23a
puppy from behind,pinterest,https://i.pinimg.com/originals/7a/13/53/7a1353e3da6f28ead22ae5a12cee6d22.jpg,dataset/images/puppy_from_behind/0003_e19e55902514.jpg,1000,1313,e19e55902514365a1d1254acb796c20ff5a1852e027cadf5d24632c418ca48e7
puppy from behind,pinterest,https://i.pinimg.com/originals/32/f3/a2/32f3a2f32d23ad2486529f4e2b6a8b57.jpg,dataset/images/puppy_from_behind/0004_fc2887c22780.jpg,536,572,fc2887c22780db3ea541368c249dd6375b80e407fc274146f8e91a5663575b55
puppy from behind,pinterest,https://i.pinimg.com/originals/27/02/65/27026575a188843a061543a020214079.jpg,dataset/images/puppy_from_behind/0005_b58b01850dc5.jpg,640,610,b58b01850dc52ee1612cf9978ee199a5c0dbbd408a112d0710718c71be1df842
puppy from behind,pinterest,https://i.pinimg.com/originals/56/fb/54/56fb54ec5168e1a5af1906775f33d37f.jpg,dataset/images/puppy_from_behind/0006_b1bfa09ae861.jpg,433,670,b1bfa09ae86146948c02b408a6024bec70a9baaa78123428d153f99e2bd82b53
puppy from behind,pinterest,https://i.pinimg.com/originals/6c/f2/f0/6cf2f0d0bc030c85e84aea47985427c6.jpg,dataset/images/puppy_from_behind/0007_c33755748c29.jpg,770,770,c33755748c297fad848101bcdb649986f8e223aafd7c0a467f9553755aac4550
puppy from behind,pinterest,https://i.pinimg.com/originals/0b/ad/df/0baddfddb737c7a5bf73a64366678992.jpg,dataset/images/puppy_from_behind/0008_9a7b628d163a.jpg,640,1138,9a7b628d163a3d0ba1b911211d8429182f1e09f09e70b16fba69a1b2f58caa84
puppy from behind,pinterest,https://i.pinimg.com/originals/cb/76/ed/cb76ed4c9da2feefa9b8fbea89650888.jpg,dataset/images/puppy_from_behind/0009_ed1437687b1c.jpg,730,730,ed1437687b1c1e0d87a0f655aca6f3450865b2ab9674dd98f013e8ba04adb1ae
puppy from behind,pinterest,https://i.pinimg.com/originals/3e/c4/08/3ec4083d11d56d7a39a5ff58ded961fb.jpg,dataset/images/puppy_from_behind/0010_f450403ce64f.jpg,400,400,f450403ce64fabdf6ea74044bee0a5ff9bf57f611ccc4eec36eb1e70b159dfc4
puppy from behind,pinterest,https://i.pinimg.com/originals/48/58/07/485807ec53d0907ec5d5b14e6d6caf35.jpg,dataset/images/puppy_from_behind/0011_bb0fc5e52932.jpg,1280,1600,bb0fc5e52932f7e6750d6a9797662bc4747464b469fcc4d2ac040cf034cb8461
puppy from behind,pinterest,https://i.pinimg.com/originals/6c/40/6c/6c406cc209abdca9fb545c4fdf9e70f4.jpg,dataset/images/puppy_from_behind/0012_dc5be463d6f5.jpg,862,1390,dc5be463d6f5d86869048aa719a48bc24e6d97c4693d8b4e530b7fe29037073d
puppy from behind,pinterest,https://i.pinimg.com/originals/14/b3/b2/14b3b231cb6cbbb7270c2b35d096dec7.jpg,dataset/images/puppy_from_behind/0013_e6c0744a32cf.jpg,736,736,e6c0744a32cfab3abbf18ae3b22e7e81f6790a42283f72f11d3e64814706308d
puppy from behind,pinterest,https://i.pinimg.com/originals/09/6e/eb/096eeba4f3f3d2c8831a82de4c0ac651.jpg,dataset/images/puppy_from_behind/0014_4ba9f6bb9b2f.jpg,906,1559,4ba9f6bb9b2f903c4de654c68c31d4baea779f727766c13260af27e66ad17d0a
puppy from behind,pinterest,https://i.pinimg.com/originals/a2/77/1a/a2771a9dab4e4a3f73ca3756a8cb17f6.jpg,dataset/images/puppy_from_behind/0015_e49afcdf82be.jpg,1920,1080,e49afcdf82bea8693b060b0d642315563de42b5f5d3a403619cdb48e810428f3
puppy from behind,pinterest,https://i.pinimg.com/originals/7b/d8/8a/7bd88a5f5b69cc0e6be6a0e2db4c94a6.jpg,dataset/images/puppy_from_behind/0016_14e0c29af7d4.jpg,550,612,14e0c29af7d427a59877b816f923f68528c87e4e4c74989fb00da0676f4788d7
puppy from behind,pinterest,https://i.pinimg.com/originals/da/db/f3/dadbf369261963a311620fd2df14d381.jpg,dataset/images/puppy_from_behind/0017_3c7ef030a4aa.jpg,564,564,3c7ef030a4aa4cd93a4c50bbed9e9f04907a8ca1bcd95ae1de4ab458ada458fe
puppy from behind,pinterest,https://i.pinimg.com/originals/e4/e3/02/e4e302cec3fefd47f6187a800bd8ab06.jpg,dataset/images/puppy_from_behind/0018_b0f743f4fe9d.jpg,640,640,b0f743f4fe9df967b3b41e3445569157346093341e21cacf0abbba87af111336
puppy from behind,pinterest,https://i.pinimg.com/originals/c6/5f/44/c65f4480dc443e64bcae5f100cb5d5b8.jpg,dataset/images/puppy_from_behind/0019_b7bbb931e66d.jpg,640,427,b7bbb931e66d09d7d73f08ceb515bf3437d07b1aa46906efa1bc452d1dde20ab
puppy from behind,pinterest,https://i.pinimg.com/originals/ff/3a/f8/ff3af8d3184c0cf8077a6a27299d67a3.jpg,dataset/images/puppy_from_behind/0020_4971ec77fb26.jpg,1024,768,4971ec77fb2601130e6093edbcfea099a0eba04b1d9c2ba69212ddf692d18800
puppy from behind,pinterest,https://i.pinimg.com/originals/fa/67/1a/fa671a50af786f90630cd913e0b452dc.jpg,dataset/images/puppy_from_behind/0021_7cf8d076c320.jpg,1080,1080,7cf8d076c320f8ce7d7e3eda51873f73c9bc58e039703ad75ccb4b9793e7b789
puppy from behind,pinterest,https://i.pinimg.com/originals/c7/c3/6d/c7c36d9702eea7d63b4d11a100b32ac8.jpg,dataset/images/puppy_from_behind/0022_40b8590fd0f1.jpg,436,640,40b8590fd0f13bd99db9fc08a82cf58f4ed62f0a1278c13ca95e2c11f58695b8
puppy from behind,pinterest,https://i.pinimg.com/originals/e6/24/70/e62470e4176cfb1c3c39e4f3fb3588ad.jpg,dataset/images/puppy_from_behind/0023_daee158359dc.jpg,4608,3456,daee158359dc95799d3f7e5593fa13e5cc3e8e20f03ec529d7c046037bb023e5
puppy from behind,pinterest,https://i.pinimg.com/originals/e2/da/0a/e2da0a671224ac28a8a3537e050c310b.jpg,dataset/images/puppy_from_behind/0024_93b67be4766d.jpg,360,277,93b67be4766d7749c17b06291a797ff5f8d9438b50bae3f884993c7ba88836d2
puppy from behind,pinterest,https://i.pinimg.com/originals/30/ae/44/30ae44742984f85fe9a1ad24e99e26f7.jpg,dataset/images/puppy_from_behind/0025_810c47dc6b5a.jpg,720,457,810c47dc6b5affbd233acf234de19ac33d48fb9c0d878a4152a570d45f249931
puppy from behind,pinterest,https://i.pinimg.com/originals/7b/5a/66/7b5a660b55fa62218b2d89cd3fe7bf3c.jpg,dataset/images/puppy_from_behind/0026_cf36a56a74c1.jpg,646,646,cf36a56a74c1cb40dfd9c407b9f938b8c9407b2841a546de1b76a9ff6aa6a3c5
puppy from behind,pinterest,https://i.pinimg.com/originals/7c/8c/b4/7c8cb462b0a8217829788afbffd4f2d5.jpg,dataset/images/puppy_from_behind/0027_aeb0a128faa2.jpg,744,730,aeb0a128faa2626b9f8ad24d7450af9df07a55f65a57d6f01117aafed26a71fd
puppy from behind,pinterest,https://i.pinimg.com/originals/5d/45/30/5d45304ec07088d372598985548d92eb.jpg,dataset/images/puppy_from_behind/0028_4b465ba408dd.jpg,1028,1676,4b465ba408dd8cf7ea0710b370f61f693350411fdc6da83a2cbf19849e963de6
puppy from behind,pinterest,https://i.pinimg.com/originals/d8/e5/db/d8e5dbc7beab875001256dd063f71a0b.jpg,dataset/images/puppy_from_behind/0029_c5df8c3fcc32.jpg,720,440,c5df8c3fcc325d1ab2c5bfad3fe8377044dfb1449490e2a602a236cb14c8d9b2
puppy from behind,pinterest,https://i.pinimg.com/originals/3b/2c/e3/3b2ce35e455512ef6080798159d433af.jpg,dataset/images/puppy_from_behind/0030_931b2f0049c8.jpg,500,500,931b2f0049c82b91ac14cb5fb7dfeb40c6b320f15216333bf234cb4887a9f9be
puppy from distance,pinterest,https://i.pinimg.com/originals/12/dd/c5/12ddc5016a8d404596996d8e0987c7d5.jpg,dataset/images/puppy_from_distance/0001_e7b9847c65da.jpg,800,534,e7b9847c65dace23becd475817c0eb4d536d685ae9058b390642ad4009bc123a
puppy from distance,pinterest,https://i.pinimg.com/originals/aa/4f/63/aa4f63a9cd0cfa490d39eedff7f9874b.jpg,dataset/images/puppy_from_distance/0002_5efc259d69b3.jpg,900,1200,5efc259d69b339038c2deebddcac8bc048db9504f433e9a9d554e876d049e020
puppy from distance,pinterest,https://i.pinimg.com/originals/73/03/89/730389ffe69d7c98d21f3802155430fa.jpg,dataset/images/puppy_from_distance/0003_b40c44bcd972.jpg,675,1200,b40c44bcd972f0c6ccafc009922a24662a6170f00fc4c237b41149e9e1ce41bb
puppy from distance,pinterest,https://i.pinimg.com/originals/b9/5b/f7/b95bf7c0774e61b2b5459467ae7b6136.jpg,dataset/images/puppy_from_distance/0004_d96554458040.jpg,900,1200,d965544580401ed6b1ac9fefd8247bf2f6c8c4aca316fe144b00c7b18a945a21
puppy from distance,pinterest,https://i.pinimg.com/originals/90/02/76/9002763e60f2405e040a785b90d6d36d.jpg,dataset/images/puppy_from_distance/0005_cf6a518c4edd.jpg,320,320,cf6a518c4edd90b24c7017e29691d42d465c2713868671613af65fb782fec7ff
puppy from distance,pinterest,https://i.pinimg.com/originals/ef/13/75/ef1375c315274dd7405085021ec28b0c.jpg,dataset/images/puppy_from_distance/0006_4ead75c3f5e6.jpg,828,612,4ead75c3f5e6c4c6a9b65b15c48cd34340c47ab9dfd008eedf06a8eb20f62a20
puppy from distance,pinterest,https://i.pinimg.com/originals/be/fd/7b/befd7b3360fc4669ccc31a861a4958ff.jpg,dataset/images/puppy_from_distance/0007_3c2c8d4b70ac.jpg,1080,1350,3c2c8d4b70acf8489e399b2f85976efb91bd8f4fb2e11274fa074c7bb2388de5
puppy from distance,pinterest,https://i.pinimg.com/originals/87/5d/0f/875d0f8ec45e6d5adcfffed327799418.jpg,dataset/images/puppy_from_distance/0008_99b1416cd0a4.jpg,1000,669,99b1416cd0a48f999eafb0c137d3fc5add6daceaab5a1493bb1c51cf571c7560
puppy from distance,pinterest,https://i.pinimg.com/originals/d0/68/26/d06826ff9069d6bd686a522a2566aa3e.jpg,dataset/images/puppy_from_distance/0009_89b160090d68.jpg,540,960,89b160090d68e414a64723817d948e2bc2fedd4c804c1e89007efc57f1f8739b
puppy from distance,pinterest,https://i.pinimg.com/originals/24/25/fd/2425fdcb2d154ab4e815d0984e24b7a2.jpg,dataset/images/puppy_from_distance/0010_2145796eff0f.jpg,1452,1936,2145796eff0fd9836c4d44c8d9a6279c01979ae2894a6fb99e7c2e66f0e144b7
puppy from distance,pinterest,https://i.pinimg.com/originals/38/57/80/3857806977f9b15b40526607fb00f34e.jpg,dataset/images/puppy_from_distance/0011_ebca5a9403f4.jpg,1080,1350,ebca5a9403f4c282336f3ac7b61692cd406c581e99ff70c94e20f236444fa81f
puppy from distance,pinterest,https://i.pinimg.com/originals/ee/0f/22/ee0f22315611ae70eccdff9a9a839095.jpg,dataset/images/puppy_from_distance/0012_08cea02cf961.jpg,768,512,08cea02cf9610155adf5ad17fa1c83f2f2c4f3d5db9b3f28bd97606eb850b226
puppy from distance,pinterest,https://i.pinimg.com/originals/41/5c/b9/415cb9d8566a88b28b4df2378d16edc6.jpg,dataset/images/puppy_from_distance/0013_26847313525b.jpg,640,480,26847313525b0269804179aa524b48524569558f84a8432f01682205d0e3ad8c
puppy from distance,pinterest,https://i.pinimg.com/originals/8c/5a/09/8c5a09c9f37d6f7993314b294acd292f.jpg,dataset/images/puppy_from_distance/0014_2b0b79499f1e.jpg,563,705,2b0b79499f1eeac4d24054d175ffd93c01c34eb2fae5b99cf3bfa33c686561cf
puppy from distance,pinterest,https://i.pinimg.com/originals/d2/18/96/d2189695b48707c02152c202cab838f3.jpg,dataset/images/puppy_from_distance/0015_e08fafc79d83.jpg,731,1024,e08fafc79d8398944b749f1c98c73a5aeeef82a4586f54b8fd74af38d78003b5
puppy from distance,pinterest,https://i.pinimg.com/originals/3c/74/65/3c74656ddf98b16a68acb54fceb90bb0.jpg,dataset/images/puppy_from_distance/0016_e4f1b84e434e.jpg,502,540,e4f1b84e434ed495c30f2569e3636cd7c51763f2fcc5037dd6659237376b8c60
puppy from distance,pinterest,https://i.pinimg.com/originals/1e/0e/9c/1e0e9ce5eb1a98b9af68fe687929f336.jpg,dataset/images/puppy_from_distance/0017_4a0e41775349.jpg,1080,1920,4a0e41775349b40d74d6320d09074fc4306775b72e0cb7daa78db4b3287450d2
puppy from distance,pinterest,https://i.pinimg.com/originals/56/17/88/561788d8086a565843310802c8cf18b2.jpg,dataset/images/puppy_from_distance/0018_0146302aea34.jpg,640,640,0146302aea34124fe21e37f6785803423d5481517e1c3d6f3396aef181eef659
puppy from distance,pinterest,https://i.pinimg.com/originals/e0/c7/79/e0c7795b226da0c655ad001e6d608ee0.jpg,dataset/images/puppy_from_distance/0019_5902a097b06a.jpg,1280,1280,5902a097b06aa25f49e8ed76d542fd79a99ad504080ebac498930f71d9a71645
puppy from distance,pinterest,https://i.pinimg.com/originals/13/40/3e/13403e7d22035d2efa1dbb9973ddd54d.jpg,dataset/images/puppy_from_distance/0020_9cf6308ce192.jpg,552,552,9cf6308ce192de386bba412236ea4bacad7c132d29f639865126556c7158d928
puppy from distance,pinterest,https://i.pinimg.com/originals/cc/f5/59/ccf559136ae46937b917ecc18ad8f51e.jpg,dataset/images/puppy_from_distance/0021_520b6bc12f71.jpg,3024,4032,520b6bc12f71b2d4429f6682831b1d2e8d0e7db0877006b8dfe48ea7ce1e9a32
puppy from distance,pinterest,https://i.pinimg.com/originals/20/09/44/200944145e5ddde1039031370280707c.jpg,dataset/images/puppy_from_distance/0022_be43f27f1142.jpg,1080,1331,be43f27f1142a6bca30eb8989825eae5a42ece76f2c9b83295d6cad5807e9722
puppy from distance,pinterest,https://i.pinimg.com/originals/4e/bf/d1/4ebfd1dbbd5d1d9c8aac4f418858c49d.jpg,dataset/images/puppy_from_distance/0023_a617d2a77a32.jpg,325,500,a617d2a77a32178560fa01a5280da980947c1d39d61f1bcf018dad723cb9f156
puppy from distance,pinterest,https://i.pinimg.com/originals/16/5e/05/165e05b02909c9f3e20a7cc2cdc143ff.jpg,dataset/images/puppy_from_distance/0024_6a2f73c3b58e.jpg,2048,1536,6a2f73c3b58ee9630f7ff7437a453f4bf9ee2cd06802ad6d3bee373e9cb2830c
puppy from distance,pinterest,https://i.pinimg.com/originals/36/1f/9e/361f9e1f944cf91e6e8d719c26e9f9f5.jpg,dataset/images/puppy_from_distance/0025_1cd33ac139ff.jpg,533,800,1cd33ac139ff7f57e95d14cb89079a33685bf1c755e299b3446259dc71906fbf
puppy from distance,pinterest,https://i.pinimg.com/originals/2b/dd/82/2bdd82ccc8ee534bb80d195d0388e6b5.jpg,dataset/images/puppy_from_distance/0026_02306c224aa0.jpg,1936,1936,02306c224aa0bd089a36c15a78e4a2dcc64496de0446408202e7272e4d72c315
puppy from distance,pinterest,https://i.pinimg.com/originals/e9/f5/77/e9f577a8dc7dc22388ffb3be674cff6b.jpg,dataset/images/puppy_from_distance/0027_1a14a259acec.jpg,1206,1002,1a14a259acece51013b5a97d6e9739d2d85faac741315dffa2261ccb56f0a763
puppy from distance,pinterest,https://i.pinimg.com/originals/e9/a7/f6/e9a7f60a53c97c485c95dffdc05e54b4.jpg,dataset/images/puppy_from_distance/0028_369bb6256995.jpg,994,750,369bb62569953669c728b36c02468585e3da405ff6236895503a05cfdbae0f64
puppy from distance,pinterest,https://i.pinimg.com/originals/9c/67/38/9c6738bf74f94adf5ed0f9e4170cbf2d.jpg,dataset/images/puppy_from_distance/0029_b18ad26d2e36.jpg,4320,4320,b18ad26d2e360defb2340f2666a5679b6d63053dbb9b7d484e83f72559491efe
puppy from distance,pinterest,https://i.pinimg.com/originals/06/57/62/06576216cf89f9d303f980fdd4d882ac.jpg,dataset/images/puppy_from_distance/0030_b1c668fe4f8f.jpg,960,1200,b1c668fe4f8f9f772c613053544f6c63e6a591b9d8d350f28d509943449ac3d6
puppy far away,pinterest,https://i.pinimg.com/originals/04/23/ce/0423ceebd3b1a79944d22ebd7cf321f0.jpg,dataset/images/puppy_far_away/0001_95cc5f98ecc8.jpg,960,720,95cc5f98ecc8a4be41a3bee347e0d2308592c97d01fdd6d62b716625a3f4a1f7
puppy far away,pinterest,https://i.pinimg.com/originals/5c/5a/ce/5c5acecb48563d75786fc760c602a30b.jpg,dataset/images/puppy_far_away/0002_eae104e008c7.jpg,1080,1328,eae104e008c7ee8548d51f8ed29b54af3053aead7ff3e795f28ab3e363840878
puppy far away,pinterest,https://i.pinimg.com/originals/e4/43/cb/e443cb584bdcecefe68d60492d653f10.jpg,dataset/images/puppy_far_away/0003_fc26351125d1.jpg,3264,2448,fc26351125d11cfa6a29787e0e12d013e8b7d29087ba0d386571a152f402ca38
puppy far away,pinterest,https://i.pinimg.com/originals/30/31/ee/3031ee260f9f13ead1843d6ad7647104.jpg,dataset/images/puppy_far_away/0004_bc2a68325ca9.jpg,1080,1080,bc2a68325ca978dd7d1de755c1422198331532fedf3fa24aedeba5b065c210c8
puppy far away,pinterest,https://i.pinimg.com/originals/46/40/37/464037b7318bcf6d6e0e7d053ad3f267.jpg,dataset/images/puppy_far_away/0005_0ddd14acde8e.jpg,1303,1591,0ddd14acde8e5ec77d374b43e8139b3fc6cae4970c7c96afdec5757551430227
puppy far away,pinterest,https://i.pinimg.com/originals/a3/dc/0a/a3dc0adefaaef52af6f8e3f2ed1d8872.jpg,dataset/images/puppy_far_away/0006_50f6cc430b10.jpg,736,1320,50f6cc430b10a186607c4da649239124f799fac858b7ae699601cfd9123e46a1
puppy far away,pinterest,https://i.pinimg.com/originals/a6/25/98/a6259828f7842759412d0091bd4dea93.jpg,dataset/images/puppy_far_away/0007_50e6f0e3cf2b.jpg,960,720,50e6f0e3cf2b1014f52f542a4c0565cdf55821f778e8b677959a8c869f9c7a98
puppy far away,pinterest,https://i.pinimg.com/originals/d1/00/5c/d1005c2d0447aef3d20ea53949e92579.jpg,dataset/images/puppy_far_away/0008_a8004f8851fa.jpg,1024,1536,a8004f8851fa6586034e0f40e5ec781d5eb17398eb6cdad82382ef4cfe9c98ad
puppy far away,pinterest,https://i.pinimg.com/originals/2e/7f/a0/2e7fa0f708b83218c8322c5e8b5e6718.jpg,dataset/images/puppy_far_away/0009_8b9c1462eb91.jpg,750,930,8b9c1462eb91a8361dded65107592fbb9a8a9b413444789a4b5727729229fb27
puppy far away,pinterest,https://i.pinimg.com/originals/c2/f9/5b/c2f95bcb82b6676075bb3ba147492a99.webp,dataset/images/puppy_far_away/0010_d2f9368cbd8b.jpg,420,420,d2f9368cbd8bf5b277a2fbca082c3929e2ade396785d47fabe4563272ad06ae9
puppy far away,pinterest,https://i.pinimg.com/originals/ec/5a/a3/ec5aa3dcbe36f5d37e6af496ba8ed969.jpg,dataset/images/puppy_far_away/0011_8284f4a6b3f5.jpg,1000,750,8284f4a6b3f58ee0400ace8efd673122aa21470389ef9cb234c51c2c928e46cc
puppy far away,pinterest,https://i.pinimg.com/originals/be/13/49/be1349c9d7992392af665d609cae1f58.jpg,dataset/images/puppy_far_away/0012_5398d88752fd.jpg,564,564,5398d88752fdaa12eab2b9c14409c9c112fe1c40704ce59c07dc4b4d9221f362
puppy far away,pinterest,https://i.pinimg.com/originals/0d/0d/9a/0d0d9af7ddb1c4c7abba1b32538d763e.jpg,dataset/images/puppy_far_away/0013_aad4cfbef52a.jpg,640,640,aad4cfbef52a4bc75c5a1475f3cb32549f56501b9edecc254e53789cb4af77e2
puppy far away,pinterest,https://i.pinimg.com/originals/7c/c2/0c/7cc20c81c0e079db47afed0838a97066.jpg,dataset/images/puppy_far_away/0014_75a6491bddad.jpg,1008,756,75a6491bddadda077fa3cfa8f58ff6384b6e2480192690f332d58bd02342ca78
puppy far away,pinterest,https://i.pinimg.com/originals/50/08/ef/5008ef36410bad9f1bb593c861b0e891.jpg,dataset/images/puppy_far_away/0015_5e06d2a7bcd2.jpg,1080,643,5e06d2a7bcd23d80c45e7668af1ea13db7aad7928f4c6f17f2ed598117c57687
puppy far away,pinterest,https://i.pinimg.com/originals/f7/d1/93/f7d193a43b54f86345bf8e98b30551b5.jpg,dataset/images/puppy_far_away/0016_4730d9cee2ec.jpg,1024,768,4730d9cee2ec1566a5293f562e4cab924027d1a93c351216f2f82d528c03cb50
puppy far away,pinterest,https://i.pinimg.com/originals/d4/ba/9b/d4ba9bec3ec497201dbf6445c80d84e4.jpg,dataset/images/puppy_far_away/0017_9ac06cdcc6f9.jpg,1200,2132,9ac06cdcc6f9aae3d3312a2afd44024a0feeef26a9912812ad94b7af39be493f
puppy far away,pinterest,https://i.pinimg.com/originals/35/37/d1/3537d1409332c0d6759439b573ef4c06.jpg,dataset/images/puppy_far_away/0018_668c1feaed98.jpg,848,1136,668c1feaed989d44a0c44c456333e0f34d0256e4755dad4d8d121c9d70cf07bb
puppy far away,pinterest,https://i.pinimg.com/originals/97/1b/50/971b504872f4385f235c50c9b2d389ec.jpg,dataset/images/puppy_far_away/0019_bc64c2c3033d.jpg,600,738,bc64c2c3033d91ea9685903ca2ab19c82d623a2a2ed6b5ac1346490d2f487e43
puppy far away,pinterest,https://i.pinimg.com/originals/57/2c/5f/572c5f868d8a5a43ab833369914899cf.jpg,dataset/images/puppy_far_away/0020_8c2f6b48a4bd.jpg,640,960,8c2f6b48a4bd5794e8acab6999d27a7ac926642f983299ff4726e1e0f110fafa
puppy far away,pinterest,https://i.pinimg.com/originals/45/3e/fd/453efd4ffb42b3c218dc56eece3a9c3a.jpg,dataset/images/puppy_far_away/0021_420161ac1f0a.jpg,750,1000,420161ac1f0afd466efb610f9c96143cbcdd89d1bafd3ee190549a2d49edde50
puppy far away,pinterest,https://i.pinimg.com/originals/b6/de/84/b6de84b6f60b93ae854e26169f00c362.jpg,dataset/images/puppy_far_away/0022_02aa295cce4d.jpg,402,374,02aa295cce4dfdf3836157080fd00b7bdae44c6efe1acf9fe572d0f6e8bf1e78
puppy far away,pinterest,https://i.pinimg.com/originals/9d/26/13/9d261309b905458352a3748af202d422.jpg,dataset/images/puppy_far_away/0023_4144677ad21c.jpg,1020,1181,4144677ad21c2797befc55698fbbca1ac307865eb6c5ba4878fa509e43eed3f1
puppy far away,pinterest,https://i.pinimg.com/originals/6a/85/70/6a85701d1228886b45550b7ffa8bce3e.jpg,dataset/images/puppy_far_away/0024_f936bfcaec49.jpg,612,612,f936bfcaec4980dd25312478b2297ddb1244e8e7abaa3000ab59f7e58e560313
puppy far away,pinterest,https://i.pinimg.com/originals/31/f5/6d/31f56d603c7027d9b29040302b3b4d90.jpg,dataset/images/puppy_far_away/0025_77ede993e179.jpg,531,708,77ede993e179367b04b10ae73a7fe78c1fbf85a86cae560caf4034c9f471c65d
puppy far away,pinterest,https://i.pinimg.com/originals/5d/8e/17/5d8e17c1e196d78fa746578426b0ec09.jpg,dataset/images/puppy_far_away/0026_51fd51954ffe.jpg,4032,3024,51fd51954ffebdd5934bf6691fffd105d937a005497de7978c112f6b68032a1b
puppy far away,pinterest,https://i.pinimg.com/originals/12/e8/2d/12e82d0e58be51dbbd47e6822c1f66dd.jpg,dataset/images/puppy_far_away/0027_4b7263fc99b3.jpg,1024,1024,4b7263fc99b35e53f3c0048b9069bc08e713714b7ca7e4d03d59351dd055d616
puppy far away,pinterest,https://i.pinimg.com/originals/09/3a/3a/093a3a891d78eb7bc4085bde23b33026.jpg,dataset/images/puppy_far_away/0028_c48702d7987a.jpg,960,960,c48702d7987ab3eca9d862f160a2f61d6598f5ece9d7223eb40e4737fddf5495
puppy far away,pinterest,https://i.pinimg.com/originals/01/34/90/013490a01692bac069e6c6e0c895982b.jpg,dataset/images/puppy_far_away/0029_5aa8604ba3db.jpg,3838,5757,5aa8604ba3db9f09e4fe24b5dd16e42256a735e4aadee7ea95d611780ff6eb28
puppy far away,pinterest,https://i.pinimg.com/originals/e4/79/3e/e4793ef14d401ee71e53f26c4016cbf1.jpg,dataset/images/puppy_far_away/0030_47d766e81dcf.jpg,664,934,47d766e81dcf35c6e3ed8e115049b06b873380772c9f54fb5f1e508f6a85546e
small puppy in background,pinterest,https://i.pinimg.com/originals/9c/48/43/9c4843dee9876309e86f72211edf04b8.jpg,dataset/images/small_puppy_in_background/0001_53b33a5b9638.jpg,675,1200,53b33a5b963898e3df4ea826585eca008434b0fc5011b41d7a88605c25084f66
small puppy in background,pinterest,https://i.pinimg.com/originals/13/39/39/13393920ad64c1647067f849d0e8139e.jpg,dataset/images/small_puppy_in_background/0002_6924f286cc6b.jpg,810,1440,6924f286cc6bfac54c0a80b4d21fbdeddde4534d0c7c58c02a950b740cc1958d
small puppy in background,pinterest,https://i.pinimg.com/originals/10/c4/25/10c425163c51b9df9c7a7856e752a533.jpg,dataset/images/small_puppy_in_background/0003_750cea5026b6.jpg,2358,1634,750cea5026b6d33e9061407a9b1d5d0b62031f80c31f09ef653e57e4c7e1c33b
small puppy in background,pinterest,https://i.pinimg.com/originals/e6/93/66/e693660df97dbb98146eaff8c57a6602.jpg,dataset/images/small_puppy_in_background/0004_2dad9a29215f.jpg,1080,1920,2dad9a29215fcd925dc1614d0334b114e32a7dba350ab35a2bb8ab2fb2c41a67
small puppy in background,pinterest,https://i.pinimg.com/originals/e5/37/3e/e5373eff7d0ce1b0ceb78ca563a7c172.jpg,dataset/images/small_puppy_in_background/0005_f94ba7d3b8ba.jpg,736,1104,f94ba7d3b8baa5168001270b1b1b38bff1377f297e2532e1612162be8fb6da85
small puppy in background,pinterest,https://i.pinimg.com/originals/10/c1/a2/10c1a253f180a3b94400cd35ec12d0f3.jpg,dataset/images/small_puppy_in_background/0006_63c2c6657837.jpg,1080,1080,63c2c66578377fe58543f2e9b1feb7d23524ad4799d85c4f3ca73a460facbb81
small puppy in background,pinterest,https://i.pinimg.com/originals/15/05/67/150567e2d7a543ee19b76d067144ae2b.jpg,dataset/images/small_puppy_in_background/0007_3475936923c7.jpg,576,1024,3475936923c770366e2b83091d7342dd51dd0bf589eb7a74a26feca91ff0144b
small puppy in background,pinterest,https://i.pinimg.com/originals/ab/37/5e/ab375e864ec4f700c0fa31e16a96d5f8.jpg,dataset/images/small_puppy_in_background/0008_dd6430c7b24e.jpg,2880,1800,dd6430c7b24ec1b9b718b4265ecd7ea8994f40736a6f358ec02809c46635496d
small puppy in background,pinterest,https://i.pinimg.com/originals/0f/01/48/0f01482b3edc5dd1a1435e231e90bf71.jpg,dataset/images/small_puppy_in_background/0009_34672654d51c.jpg,640,832,34672654d51c652f20e1e3393bc2fa4818686333e694287647cd24a5f2b05f0d
small puppy in background,pinterest,https://i.pinimg.com/originals/e1/23/2c/e1232cb2bfb1861b9e11cebd98c12065.jpg,dataset/images/small_puppy_in_background/0010_5acaf45d6d34.jpg,1920,1200,5acaf45d6d3499dacfd70d50dd3c9dd61349bdbe5198b9a90e4f9bcc16d7d1d1
small puppy in background,pinterest,https://i.pinimg.com/originals/91/eb/b6/91ebb6c66ae5704fcc184603b9f2daaa.jpg,dataset/images/small_puppy_in_background/0011_8b2e9522ca34.jpg,711,900,8b2e9522ca34907d512959d44e4c4b9ab168a02e7d2a9732e3b498943f02b13d
small puppy in background,pinterest,https://i.pinimg.com/originals/7e/28/23/7e28235fecf5626f8d7a798db179ee2e.jpg,dataset/images/small_puppy_in_background/0012_9f0eeb2c1138.jpg,1536,2752,9f0eeb2c113844d72489f8c3c2bcdc7116bacee7072bceabf66be6898722f86d
small puppy in background,pinterest,https://i.pinimg.com/originals/06/60/92/066092d9687a7c147b641b57e4562dca.jpg,dataset/images/small_puppy_in_background/0013_11e92e7912e7.jpg,1512,1080,11e92e7912e7288de8c4042114cf8e3644341e85e8e240e060baace3089a5f9e
small puppy in background,pinterest,https://i.pinimg.com/originals/0f/ad/cb/0fadcb062f51881b269071b1eafee34d.jpg,dataset/images/small_puppy_in_background/0014_ab8e27fb3b5a.jpg,2457,2457,ab8e27fb3b5afc7f8d428ba1a6cfe3fd938ecfc441cdb1208cb56e5ed4ce3a0e
small puppy in background,pinterest,https://i.pinimg.com/originals/13/1a/86/131a86384a0198747244240a5e5a4cd0.jpg,dataset/images/small_puppy_in_background/0015_0dde5c06a269.jpg,1290,2293,0dde5c06a269a0a808989c4584b427b066d65088969427b76d389f53db107a0e
small puppy in background,pinterest,https://i.pinimg.com/originals/22/9f/80/229f801c4c39cbcc0064f0ed2874244d.jpg,dataset/images/small_puppy_in_background/0016_fc303876e168.jpg,1080,1920,fc303876e16896de31dd9a798fc3c3a3351ca67bae3dce66fd6c166556acaf57
small puppy in background,pinterest,https://i.pinimg.com/originals/db/25/d1/db25d1ee8e1537b016151281ff88ea1e.jpg,dataset/images/small_puppy_in_background/0017_5e137b745723.jpg,1080,1920,5e137b745723ddc6fdd44628258132f90802d4540ed003768c06d6b92d00b091
small puppy in background,pinterest,https://i.pinimg.com/originals/20/a3/4d/20a34d63feeadd8aaf8b3e81b344827b.jpg,dataset/images/small_puppy_in_background/0018_d6ab6f34fa87.jpg,718,1276,d6ab6f34fa8710bf41c6587d127d8661888b57e69feb320803f00af7ee83655e
small puppy in background,pinterest,https://i.pinimg.com/originals/37/97/0f/37970f26a416a774dee8eda280cfac55.jpg,dataset/images/small_puppy_in_background/0019_1377ff4217f9.jpg,1200,686,1377ff4217f96a8702e803c269139062914c5936ecb95f852188795bd7482e34
small puppy in background,pinterest,https://i.pinimg.com/originals/c5/be/da/c5beda61a47604219e53359fb746f480.jpg,dataset/images/small_puppy_in_background/0020_65d27d5de00e.jpg,675,1200,65d27d5de00ee2021954d1e23314e38efbe45ed4d0819ac2ad61f327e1424d26
small puppy in background,pinterest,https://i.pinimg.com/originals/97/49/31/9749315c6810ca76537c02cc1c427452.jpg,dataset/images/small_puppy_in_background/0021_3e0bb5a511cc.jpg,700,875,3e0bb5a511cc030b856170b6e0d85a0a63588414ca88564a0a8b61a62c2c8e54
small puppy in background,pinterest,https://i.pinimg.com/originals/46/b2/c1/46b2c18f695c850e815e5c3fae8d6ad0.jpg,dataset/images/small_puppy_in_background/0022_f440dab28bfe.jpg,1200,1500,f440dab28bfeae6e075934fdada39e591b40b9fc3d50d54ff5c5c32290ef0b89
small puppy in background,pinterest,https://i.pinimg.com/originals/50/91/ae/5091aebcf2bcb9ad31e28953b6d3df86.jpg,dataset/images/small_puppy_in_background/0023_9f243c78eb20.jpg,736,1104,9f243c78eb201d41e892e375bbdbce2a763994ee6c73c1c6a78b951e0296aa9a
small puppy in background,pinterest,https://i.pinimg.com/originals/97/1d/cc/971dcc92057cf6d45f3a48ec01d4f836.jpg,dataset/images/small_puppy_in_background/0024_6d73dcf9bdff.jpg,1224,1694,6d73dcf9bdff063a5989a2c564dd87a81c116d2d9b40ad41fd75dbe590a9665e
small puppy in background,pinterest,https://i.pinimg.com/originals/35/8b/58/358b584b6a240e5916823f9a6b8375b3.jpg,dataset/images/small_puppy_in_background/0025_a004406b84ac.jpg,1024,1536,a004406b84acdf0a6b69dd950b127f816170331a776f3e6339de78a6df4389e4
small puppy in background,pinterest,https://i.pinimg.com/originals/94/83/64/9483646b82422fb594eb41610e0df612.jpg,dataset/images/small_puppy_in_background/0026_d941c7c3fd34.jpg,464,832,d941c7c3fd347e711312c8d76c4625445cb177152be3a3db6ebb275684b0c4f0
small puppy in background,pinterest,https://i.pinimg.com/originals/55/2a/e1/552ae179bd3f18525c50a6e641de4ed1.jpg,dataset/images/small_puppy_in_background/0027_1369dd99c196.jpg,675,1200,1369dd99c196c9e5b5eed96c159aec7f3b8e9201169d89861f79d934ca4274e9
small puppy in background,pinterest,https://i.pinimg.com/originals/62/21/0d/62210d4fbfef8753b413c15adfbbf71e.jpg,dataset/images/small_puppy_in_background/0028_10e7b620bc01.jpg,736,1308,10e7b620bc019356a95cdd4bb902f0fb594a3a8bd581d4af81691bc53ca0f708
small puppy in background,pinterest,https://i.pinimg.com/originals/97/75/2f/97752f6e1b93a222852e27aaad92502f.jpg,dataset/images/small_puppy_in_background/0029_673bbb6a8785.jpg,1440,1440,673bbb6a87854189f9a047f6169b3275a4e5a8a64f0cc992892532ba7ad9df91
small puppy in background,pinterest,https://i.pinimg.com/originals/74/15/0b/74150ba85122777dc71cc74f63ced7e3.jpg,dataset/images/small_puppy_in_background/0030_e332d560fb48.jpg,1106,694,e332d560fb486f162edf3c726bb3f421b02fce9434422c375641acb30593716e
puppy partially visible,pinterest,https://i.pinimg.com/originals/51/0f/39/510f3903d815c4f0374d0b94f20118a6.jpg,dataset/images/puppy_partially_visible/0001_917da89acf78.jpg,935,526,917da89acf7851618178d8f1c4ab0f3921ce7de5704051cf8ab4b2e75a6f484e
puppy partially visible,pinterest,https://i.pinimg.com/originals/57/e7/d7/57e7d7e6d241d5f9205bc410413f6507.jpg,dataset/images/puppy_partially_visible/0002_1ecee911c82d.jpg,736,1055,1ecee911c82dc78be5ae95b0936bcc600f26a494b8443e441a3df5a40a7c3a7d
puppy partially visible,pinterest,https://i.pinimg.com/originals/5c/8b/36/5c8b363c59053b62117cd6ea0e3c54a5.jpg,dataset/images/puppy_partially_visible/0003_ab87a7af5d0c.jpg,640,427,ab87a7af5d0c57f9f3ed73a362aec752da44a925f8db7bad2da357a857df105e
puppy partially visible,pinterest,https://i.pinimg.com/originals/fc/4e/d5/fc4ed52ce4dc703c4b172c177deebca9.jpg,dataset/images/puppy_partially_visible/0004_58f8c82452d7.jpg,1080,1080,58f8c82452d743047d597afda68bd5ef628354ae26296502aabe2d537d42ae0c
puppy partially visible,pinterest,https://i.pinimg.com/originals/12/42/eb/1242eb6945b9794a6e54fdd69220bf30.jpg,dataset/images/puppy_partially_visible/0005_f063c278f98d.jpg,960,720,f063c278f98d9d60fc5acacfa9b13d4f77c5ef967548a77d9a25a34b7c68e612
puppy partially visible,pinterest,https://i.pinimg.com/originals/70/fd/df/70fddffd747e442b6c0fd8ecbf421b49.jpg,dataset/images/puppy_partially_visible/0006_d60d51acc438.jpg,1224,1216,d60d51acc4386cec03a2a8f5cca6e872dfe7d42ec799a222cde0fd7a4d02d410
puppy partially visible,pinterest,https://i.pinimg.com/originals/b2/8c/c7/b28cc7560b189a08a3cbabaaae31b85d.jpg,dataset/images/puppy_partially_visible/0007_f1ab746c0f32.jpg,2316,3088,f1ab746c0f32b2d9af92a1bb9aebc62a807fbddc45341a6df108fb2ac1297365
puppy partially visible,pinterest,https://i.pinimg.com/originals/67/28/03/6728035d986be55e9ab999cec246d206.jpg,dataset/images/puppy_partially_visible/0008_b3b32b7b8f8b.jpg,720,1280,b3b32b7b8f8b294b5d6b55614e435d564078f4f2fffecb61146fa2208dcac4c7
puppy partially visible,pinterest,https://i.pinimg.com/originals/62/28/27/622827b64d26d853092d6b6b10e4b885.jpg,dataset/images/puppy_partially_visible/0009_9748cec6adb4.jpg,900,1200,9748cec6adb47eb181cbb0319e7a19837a0ae6f1e539ceb5761ad7969321dcf4
puppy partially visible,pinterest,https://i.pinimg.com/originals/dd/c8/eb/ddc8ebe6ef003e0cd600264a381858d6.jpg,dataset/images/puppy_partially_visible/0010_8d9898ca2a9f.jpg,768,576,8d9898ca2a9f0334afb23aa8a6fca889e00255792a896b6287044c539b20287e
puppy partially visible,pinterest,https://i.pinimg.com/originals/b0/82/da/b082dac6cb6b2acaca48bd5e6a3ada36.jpg,dataset/images/puppy_partially_visible/0011_babf84c2525b.jpg,1320,1320,babf84c2525ba9ad4160458075b9902b47a58b18865b1feff08b0827989193ba
puppy partially visible,pinterest,https://i.pinimg.com/originals/fe/e2/44/fee24492a60010444e503d4856e498e4.jpg,dataset/images/puppy_partially_visible/0012_b6b95e05a42e.jpg,4032,3024,b6b95e05a42e11f01aa954a0e852592f30c15ff66cf6398c62b0d965a726f5c9
puppy partially visible,pinterest,https://i.pinimg.com/originals/e4/40/29/e4402912c88610c83c3daf6995ff6adc.jpg,dataset/images/puppy_partially_visible/0013_7b501fb490e3.jpg,1080,1080,7b501fb490e34f867427ca260ccf917f6c5a7e6c907bde1078798933ff6e626b
puppy partially visible,pinterest,https://i.pinimg.com/originals/2e/b6/30/2eb6306dee2759d12202d59ca17d3453.jpg,dataset/images/puppy_partially_visible/0014_1b245348e4e8.jpg,992,1488,1b245348e4e8d0c331c343064d960918e26f810f170e5c9369f05f6c316370ae
puppy partially visible,pinterest,https://i.pinimg.com/originals/77/6a/e8/776ae862137dda2a29f29804dd7fad9c.jpg,dataset/images/puppy_partially_visible/0015_7b87eff39977.jpg,656,976,7b87eff39977b1f9736432a221019911805581e5e66ad7ee1764680bb02cfd8e
puppy partially visible,pinterest,https://i.pinimg.com/originals/4f/ee/df/4feedf5961280f27bc5f776f68f035e8.jpg,dataset/images/puppy_partially_visible/0016_71ceec260eab.jpg,680,680,71ceec260eabb4a143b48105c77a195d186754101e789dc4a9d3ea10bff27b1d
puppy partially visible,pinterest,https://i.pinimg.com/originals/b6/94/c5/b694c52c6eff20afb5c7dca31e35255a.jpg,dataset/images/puppy_partially_visible/0017_1cf4f2cfcce4.jpg,552,533,1cf4f2cfcce4e49380d0c8b4dd025d1e95428b0a64426839e743aa57f2e26004
puppy partially visible,pinterest,https://i.pinimg.com/originals/84/67/30/846730abe71216f85fad05abe1a7b542.jpg,dataset/images/puppy_partially_visible/0018_c8a24babecc3.jpg,986,996,c8a24babecc3635a145e06cd2c14a057ce5353f2e5cc3dfe471266bf74f5e41a
puppy partially visible,pinterest,https://i.pinimg.com/originals/ff/d7/bf/ffd7bfdc3795bc7845b353aee48e44e1.jpg,dataset/images/puppy_partially_visible/0019_031019bdf262.jpg,945,799,031019bdf262b9e4b1fbd9c0d10c959027f7b752decdcbde9b91ffc834868591
puppy partially visible,pinterest,https://i.pinimg.com/originals/f3/a9/a1/f3a9a1090419273bfc4b5182787b168a.jpg,dataset/images/puppy_partially_visible/0020_4724e662c2fe.jpg,1000,1600,4724e662c2fed4cf0a2b324c0040b5f0ad3c5b05f8897b78fd4966c74786f8de
puppy partially visible,pinterest,https://i.pinimg.com/originals/a0/02/71/a00271e99d41e4accc09c81087ddaf3a.jpg,dataset/images/puppy_partially_visible/0021_04f8c9f3d98d.jpg,784,1168,04f8c9f3d98df4175e49958b70c3774f195bb9f117e4beb87a4d98a8dcbf5a5d
puppy partially visible,pinterest,https://i.pinimg.com/originals/7f/d3/84/7fd3846d02dba6d423420c6f39a30995.jpg,dataset/images/puppy_partially_visible/0022_58ad494f701b.jpg,1182,2560,58ad494f701bde6d662b4327342a61184515c3d1fa321da767da764e7a58bb5d
puppy partially visible,pinterest,https://i.pinimg.com/originals/2f/7f/db/2f7fdba8c288c7397c55e40b5d8eb45c.jpg,dataset/images/puppy_partially_visible/0023_42c3007f8e36.jpg,720,1280,42c3007f8e36cf6da63924e46ba19c0cca98e12eaa2466218c09a9f10f594c13
puppy partially visible,pinterest,https://i.pinimg.com/originals/a9/0f/20/a90f2022c1ac11c58d58f907a308e9fc.jpg,dataset/images/puppy_partially_visible/0024_b07e2f58174c.jpg,768,1344,b07e2f58174c0dcc7048dcf0fc3ffa16298b473fdc3931714117ed1a86fa2946
puppy partially visible,pinterest,https://i.pinimg.com/originals/9d/17/27/9d1727597d2ad7daa27bda2d06cd046d.jpg,dataset/images/puppy_partially_visible/0025_b920d1584515.jpg,484,615,b920d1584515ea0b7c4d20e183473c6df208f855d6fc5f053745bf19cc8fb700
puppy partially visible,pinterest,https://i.pinimg.com/originals/17/07/aa/1707aa93064067a4280e5016d076f641.jpg,dataset/images/puppy_partially_visible/0026_fbd98a47cd7d.jpg,1544,1343,fbd98a47cd7dc701841d20ad99e202c113799bf19e7caf5fb08ef3a6a255a1d2
puppy partially visible,pinterest,https://i.pinimg.com/originals/b8/82/8b/b8828b19238ca04b691864f12f410ba1.jpg,dataset/images/puppy_partially_visible/0027_7ee47c413a09.jpg,2448,3264,7ee47c413a09e5f1b2bba606e814b7ffd265ecc0143f355bfd9ff3ffdd62e810
puppy partially visible,pinterest,https://i.pinimg.com/originals/a6/4e/86/a64e86e9bec23421526eb09759a7089c.jpg,dataset/images/puppy_partially_visible/0028_e96c3ceef5dd.jpg,948,1484,e96c3ceef5ddf4018636d8548e7d2b38ff975d487ab3f98af960fee0d075a3db
puppy partially visible,pinterest,https://i.pinimg.com/originals/9f/ce/1d/9fce1dbaa057582c188755ec0bd014f7.jpg,dataset/images/puppy_partially_visible/0029_520a6fee41ac.jpg,1440,1920,520a6fee41ace0e589c6862df9a0384eb7c95c8183ac117aa0c9ac63d7ced0cb
puppy partially visible,pinterest,https://i.pinimg.com/originals/57/00/61/5700619788dffde3ef0e0b3917e9b191.jpg,dataset/images/puppy_partially_visible/0030_99658caf3398.jpg,675,1200,99658caf3398353258971eff195b8f1288cc4257cd0baf2ba4b2c9355fbb0948
puppy head visible,pinterest,https://i.pinimg.com/originals/04/0e/e3/040ee3ca05071ad25ddcc8d111fe33f9.jpg,dataset/images/puppy_head_visible/0001_474e7abd95cc.jpg,590,590,474e7abd95cca15aa227e8c20373728aebdcdd47abe44c520bb9d83a650fc314
puppy head visible,pinterest,https://i.pinimg.com/originals/1d/79/9b/1d799b6a61f2d97a4fbb2785c6547477.jpg,dataset/images/puppy_head_visible/0002_f9e82eeacd69.jpg,706,630,f9e82eeacd6951bae4253b30d31c21730720f775e7bafcf798cce30425d202d7
puppy head visible,pinterest,https://i.pinimg.com/originals/34/de/7f/34de7f5f2a0a32291763b40e5bd9677d.jpg,dataset/images/puppy_head_visible/0003_bd29120eee0f.jpg,3000,1714,bd29120eee0f0b78dfb2c540d8c4d409a150ee22fcf4776c94fc671df9f04835
puppy head visible,pinterest,https://i.pinimg.com/originals/80/7c/05/807c0548df20b2ef4f3982a0041fac71.jpg,dataset/images/puppy_head_visible/0004_775d9c5df290.jpg,1000,1000,775d9c5df2903b15b7b1a6261d7f091d6d06e5ce16dd22dab463a63c04dfb1fc
puppy head visible,pinterest,https://i.pinimg.com/originals/91/1f/72/911f729bbce400714990c93b0f860fc5.jpg,dataset/images/puppy_head_visible/0005_db5346b63d65.jpg,900,1200,db5346b63d650ef5f33dfc18b523074a86839488de95f803e3d0d06a5e791e86
puppy head visible,pinterest,https://i.pinimg.com/originals/af/25/d4/af25d43f74a0db6214ed57df01465e96.jpg,dataset/images/puppy_head_visible/0006_80d60814cb07.jpg,500,500,80d60814cb07dab2b47cb8ca626fd871feb8a7f2bed5bf708c808165eaffb2bf
puppy head visible,pinterest,https://i.pinimg.com/originals/af/fe/b1/affeb143dca044008a8a587e9a8a11f8.jpg,dataset/images/puppy_head_visible/0007_a17d59142b73.jpg,405,720,a17d59142b735823124147d2d766971d31da4b0ea37f372cc0eef960795d5216
puppy head visible,pinterest,https://i.pinimg.com/originals/2b/84/14/2b8414126d2c8acdbc7d06538b36ceca.jpg,dataset/images/puppy_head_visible/0008_86007c054b28.jpg,1440,1440,86007c054b28ee1f0060a93595a3f8461878e279e524019d66afc7b2e734fc16
puppy head visible,pinterest,https://i.pinimg.com/originals/7b/6f/5c/7b6f5c9a509be8a58bafe36520ad466f.jpg,dataset/images/puppy_head_visible/0009_697fc303043e.jpg,656,656,697fc303043e19ccea6f18ba89218df4bd17472c6fd4c7f6d7f2d8ab84ce4c90
puppy head visible,pinterest,https://i.pinimg.com/originals/1f/62/1b/1f621bbd385e890481ec87c4fede62a8.jpg,dataset/images/puppy_head_visible/0010_aa866726e265.jpg,1200,1078,aa866726e265585af09180b67f10e902b7809cc47f246315b6d0610626da610f
puppy head visible,pinterest,https://i.pinimg.com/originals/cc/de/69/ccde693ee6ea639afc6393f324948fee.jpg,dataset/images/puppy_head_visible/0011_9b708f3730b4.jpg,736,864,9b708f3730b40d77e6dca7cf89f8af00ea6290e5324346781b310cd8d82f28d6
puppy head visible,pinterest,https://i.pinimg.com/originals/50/95/fa/5095fabcdda33812db9b4fbc4a3a0745.jpg,dataset/images/puppy_head_visible/0012_b64bece737cb.jpg,1179,1908,b64bece737cbba1c287fe741681f56d60f966dc3e43583a8c858fe831c05e44b
puppy head visible,pinterest,https://i.pinimg.com/originals/09/f6/f1/09f6f15ed51d38aaa71bca51fdada159.jpg,dataset/images/puppy_head_visible/0013_7350cbd696eb.jpg,1092,1092,7350cbd696eb8ad3a6377ab815f28a0681c6bb1e6ccc42fc1e78decae4795615
puppy head visible,pinterest,https://i.pinimg.com/originals/02/85/38/028538c37f2368bed2553133e33c7e3d.jpg,dataset/images/puppy_head_visible/0014_44fa02b7fbf2.jpg,640,640,44fa02b7fbf22ee931474668926598553c70a967a489d9795e932c71a31dbd23
puppy head visible,pinterest,https://i.pinimg.com/originals/4c/0b/fa/4c0bfa7d5f629d8fc266ef4a55d04fed.jpg,dataset/images/puppy_head_visible/0015_262eced64e44.jpg,900,900,262eced64e4449b863b81c1f0f68240bc1a937781320acae13272cb9af385e68
puppy head visible,pinterest,https://i.pinimg.com/originals/78/b3/a6/78b3a61211e125f2049c85aa7faa95ea.jpg,dataset/images/puppy_head_visible/0016_1c8d65a8068d.jpg,1080,1920,1c8d65a8068d5d8d5ea0947096e80da3028eb227b1bb93675e7b26aa25e977f9
puppy head visible,pinterest,https://i.pinimg.com/originals/0a/36/5d/0a365d1c4b3c2b8a45008c1ea8a358b3.jpg,dataset/images/puppy_head_visible/0017_b1fe6ebcdc48.jpg,1080,1345,b1fe6ebcdc48d0af8ec4d9110edb4d87178c05572ee622df9616e792aa58cf54
puppy head visible,pinterest,https://i.pinimg.com/originals/fd/b0/60/fdb060c43f26253812a8c0ed5497cb4a.jpg,dataset/images/puppy_head_visible/0018_2bff506b2bf8.jpg,1200,1342,2bff506b2bf84f5399b162e5828c8123ae5d62dc431b52c717e988b5e78ab11e
puppy head visible,pinterest,https://i.pinimg.com/originals/b3/13/cb/b313cb0d14d8c1d035a16e27fc5e13d7.jpg,dataset/images/puppy_head_visible/0019_600f13bbd545.jpg,500,500,600f13bbd545d9d9037863fcbb8001bfee59a4a996d43caf43eeec5159eaa9ae
puppy head visible,pinterest,https://i.pinimg.com/originals/cf/24/0e/cf240e1cd1adda0ff35f5c4d9b2b9ff7.jpg,dataset/images/puppy_head_visible/0020_0a46fc1e2c35.jpg,736,736,0a46fc1e2c3599876716e1126531bc766c02d6ae46aa89673652e4c5fa0d4d58
puppy head visible,pinterest,https://i.pinimg.com/originals/4d/56/52/4d56521cbcf638af557a917d08e990dc.jpg,dataset/images/puppy_head_visible/0021_23dcb9ed9aba.jpg,736,724,23dcb9ed9aba355d0a406e36d595616788cd8ce141c7ab2522a67caf6b40e87f
puppy head visible,pinterest,https://i.pinimg.com/originals/0d/dc/97/0ddc97b7adffb0e1dd28f3d72fd703dd.jpg,dataset/images/puppy_head_visible/0022_a1b70d02685b.jpg,1672,2508,a1b70d02685bcf2eb2ed7d97b6d998fb70d6053ee1a1d3483fadb7a15589fcb7
puppy head visible,pinterest,https://i.pinimg.com/originals/30/a9/1c/30a91cda08804e3502d9a2981aa196c7.jpg,dataset/images/puppy_head_visible/0023_7fd2bd30a5b9.jpg,690,850,7fd2bd30a5b965037eeaa2b5dbc8d2816712a6f1bced0b0921e0934cfd40643d
puppy head visible,pinterest,https://i.pinimg.com/originals/fe/99/8a/fe998a051abd0b20ee12c8ee74f87761.jpg,dataset/images/puppy_head_visible/0024_a5569719d655.jpg,764,752,a5569719d655b26793f1ece4c8388dff0c6cb5030950b3c58034034172a99a68
puppy head visible,pinterest,https://i.pinimg.com/originals/27/ee/2a/27ee2ac00f859e2f2d33debad2747083.jpg,dataset/images/puppy_head_visible/0025_20d53740df0b.jpg,717,717,20d53740df0ba9a34cc9c1862cf78a1c69036ccd77e7cba4d3595bfbfa32d4c4
puppy head visible,pinterest,https://i.pinimg.com/originals/72/65/d1/7265d12cb6edb22d99a6df2b3835b49f.jpg,dataset/images/puppy_head_visible/0026_724dffaa8051.jpg,736,1104,724dffaa8051be6c49281cef7675988cf7c5dcdc2ebc3292e384dff0201bccf7
puppy head visible,pinterest,https://i.pinimg.com/originals/21/90/2e/21902e04da45e66e9b6aed52cc15f247.jpg,dataset/images/puppy_head_visible/0027_d6693355b355.jpg,1632,1224,d6693355b35528d95e96865253f7ec9cc5c9b497bc988acba00c4309d0b181c8
puppy head visible,pinterest,https://i.pinimg.com/originals/94/8d/85/948d85133e6c30aab49669c1db8a00d5.jpg,dataset/images/puppy_head_visible/0028_3074dcb28fc0.jpg,728,1092,3074dcb28fc07285757415cd189dc21e3104476903d72903f70595b5bce17713
puppy head visible,pinterest,https://i.pinimg.com/originals/20/fc/04/20fc04a83cbc91ba76ad636591e7f142.jpg,dataset/images/puppy_head_visible/0029_a4913892bdbe.jpg,1179,865,a4913892bdbec4039c321ea1b864177f2ea90daae692fa8f124d2ef8644f10bc
puppy head visible,pinterest,https://i.pinimg.com/originals/76/ba/4b/76ba4b4ca19ba4d55aae793d3404a64f.jpg,dataset/images/puppy_head_visible/0030_0c176f95a738.jpg,306,437,0c176f95a738f189b22983de2e97e9c1c0762d28e342bcb3758c82feb7015fff
puppy behind object,pinterest,https://i.pinimg.com/originals/03/ad/71/03ad712a6e9d1b0b76a129c7678430e6.jpg,dataset/images/puppy_behind_object/0001_d840fcc301d7.jpg,640,553,d840fcc301d7cab8ead534f188892b2fd77b7be2b3e90cbdb7ba2737f92c78fb
puppy behind object,pinterest,https://i.pinimg.com/originals/62/cb/76/62cb763af38866e2a8d154f17deb183e.jpg,dataset/images/puppy_behind_object/0002_e5931b8a542f.jpg,978,1200,e5931b8a542f73bf31d202fcb717a171491f338c8eecc6d7e43ada1273428c73
puppy behind object,pinterest,https://i.pinimg.com/originals/2e/40/85/2e4085735b2d121e138325dd97a4a7f4.jpg,dataset/images/puppy_behind_object/0003_299a6ae84224.jpg,1080,1080,299a6ae8422454f96faa4e15215f11a1eeef5c831c41b64f4fb206afcba116cb
puppy behind object,pinterest,https://i.pinimg.com/originals/11/d3/0a/11d30a8e3ecb1a18aa5ce456477828bb.jpg,dataset/images/puppy_behind_object/0004_cce7cb0b1557.jpg,1080,1079,cce7cb0b1557e8c5a2ce11bc14f5fd9e7e2419e040ed4246aba851f98ddbf01e
puppy behind object,pinterest,https://i.pinimg.com/originals/e3/a4/4e/e3a44e82067a4684217b4d446fe67c48.jpg,dataset/images/puppy_behind_object/0005_e68c1f06465d.jpg,1080,1079,e68c1f06465d5171dd05ae6683d19c6dafd0162ba9019d2a0ec6e8de808a707c
puppy behind object,pinterest,https://i.pinimg.com/originals/4e/6c/36/4e6c367d0a198823f2ead26a12d6f282.jpg,dataset/images/puppy_behind_object/0006_adb4a88cd690.jpg,1797,3220,adb4a88cd690533c5b4eb44eb45fbc4aa351706d05791fee5db0eacbaeab328b
puppy behind object,pinterest,https://i.pinimg.com/originals/75/23/ba/7523ba5047e2428599523a9b36812705.jpg,dataset/images/puppy_behind_object/0007_1d2aecaaebcb.jpg,1080,1079,1d2aecaaebcb7c23a7cd416366192b0c597d0445faa003f1d2bd91635204b6e7
puppy behind object,pinterest,https://i.pinimg.com/originals/25/a5/56/25a556254cbb7007a657ba5499833a85.jpg,dataset/images/puppy_behind_object/0008_5b195f43bc68.jpg,1080,1079,5b195f43bc680ecaa07daa9d56d96a7c8e6b0bd43a61d27d8500f6558ef4676c
puppy behind object,pinterest,https://i.pinimg.com/originals/47/cd/41/47cd41c1b18c73ba916ba5922951f842.jpg,dataset/images/puppy_behind_object/0009_01256d2bc852.jpg,1000,1000,01256d2bc85241b754077f9c70a88dd594a5cf2f9bee07ae83abed9ba73901b9
puppy behind object,pinterest,https://i.pinimg.com/originals/da/71/ff/da71ff1dda1feb6fceefa587f238cf5b.jpg,dataset/images/puppy_behind_object/0010_37250096bfaa.jpg,600,600,37250096bfaad5d1ca4a29829c353f112e1119af8da52a90097ace710c7f22bd
puppy behind object,pinterest,https://i.pinimg.com/originals/25/16/09/251609567656db1477f4810480979852.jpg,dataset/images/puppy_behind_object/0011_bb2800cdda0f.jpg,640,424,bb2800cdda0ff46730b6d9e5e6ec97bd47a7eebfd1efdcfa8fa9234d05572649
puppy behind object,pinterest,https://i.pinimg.com/originals/45/c3/e0/45c3e0367bb09ef04518588ce5c7139a.jpg,dataset/images/puppy_behind_object/0012_6801fe945d0d.jpg,736,736,6801fe945d0d93c20cb749ae8c3c30060d1f99f83eb5faead24b64e81d40c083
puppy behind object,pinterest,https://i.pinimg.com/originals/b2/c4/f8/b2c4f83fe4ef1d2ff9d28d5c8bfba8a8.jpg,dataset/images/puppy_behind_object/0013_1adeeb2af15c.jpg,666,921,1adeeb2af15cf7bdec2d6f3d9f90f0f6d4eac7d9a643b02332f24e1998d08c86
puppy behind object,pinterest,https://i.pinimg.com/originals/55/c5/3e/55c53ec74616d7159bc2385c65ef97c4.jpg,dataset/images/puppy_behind_object/0014_d50f14d1a5c2.jpg,1024,1536,d50f14d1a5c21b784931c0e5e137732d8111b0d0b29b2ec02fd1755d00ee5982
puppy behind object,pinterest,https://i.pinimg.com/originals/dd/6b/d9/dd6bd9706156b3a5fa85a7cb1711f43c.jpg,dataset/images/puppy_behind_object/0015_f24382e29c55.jpg,586,610,f24382e29c55435f3a3537e3aa02c9359b2df2a1c924ad42bd5790c9210fe8dd
puppy behind object,pinterest,https://i.pinimg.com/originals/3c/6e/06/3c6e06ca34d06d88f2dd12a31cb5b60f.jpg,dataset/images/puppy_behind_object/0016_87a6d0fd23a1.jpg,480,720,87a6d0fd23a1489b00c5187c1e0e2afb1aeff855334e554247f870af32b3b5a2
puppy behind object,pinterest,https://i.pinimg.com/originals/a0/83/17/a083178a3b85b65ce453ea39da4cc0a2.jpg,dataset/images/puppy_behind_object/0017_4b9495453728.jpg,640,435,4b94954537282805da0c0af6139c84744e446c3fe18f4fdf3e2cb233a7ebcf72
puppy behind object,pinterest,https://i.pinimg.com/originals/cd/5c/69/cd5c69fb52e122be55b6ee6b6a024610.jpg,dataset/images/puppy_behind_object/0018_12e89480be43.jpg,3024,5376,12e89480be437f8c012a1415e41b44fe277f4a25752e65d02ccdada8d562d18f
puppy behind object,pinterest,https://i.pinimg.com/originals/79/6f/bb/796fbb69b2de9e5192cbdb86b18c194f.jpg,dataset/images/puppy_behind_object/0019_bfc3fe700691.jpg,1170,1560,bfc3fe7006918166262295dc1be372dc4d2e453548862d2ee0f8518a13c51b3c
puppy behind object,pinterest,https://i.pinimg.com/originals/12/c3/4a/12c34a39d5a6914e88c05818f73b8d3b.jpg,dataset/images/puppy_behind_object/0020_d86de6881690.jpg,1168,1752,d86de6881690dc2a90ca0d1793837313f9d0886ca2ea8bcb3edae19cf838fa60
puppy behind object,pinterest,https://i.pinimg.com/originals/f1/74/be/f174be419c2864d24b93d6c7936c7f5b.jpg,dataset/images/puppy_behind_object/0021_68c3da6ad937.jpg,773,558,68c3da6ad9372d14ee13d6dee952f0152b928ae78a9a0df796b6c83c6cccc3ed
puppy behind object,pinterest,https://i.pinimg.com/originals/e0/8f/0e/e08f0e64d2c11584b3e256da6bfc9883.jpg,dataset/images/puppy_behind_object/0022_e57a0950fb1b.jpg,1440,1440,e57a0950fb1b8f10cf499e1f1eb42022f1e842482a7d066ea873866f6642081b
puppy behind object,pinterest,https://i.pinimg.com/originals/ee/92/3e/ee923ebdeaa1424fffe5c2266cc43037.jpg,dataset/images/puppy_behind_object/0023_7596f244640d.jpg,896,1344,7596f244640d089c1ebe222afca5f0710e4378c93dbd1af5c4c5be905a0a3017
puppy behind object,pinterest,https://i.pinimg.com/originals/5a/37/2e/5a372ef2a3d2f2efa497875556f2ca37.jpg,dataset/images/puppy_behind_object/0024_df113d9fedbc.jpg,862,862,df113d9fedbc2f2747bc6e4d611ebddb0d93f07eacc673ff66ad34d4f66246bc
puppy behind object,pinterest,https://i.pinimg.com/originals/90/37/46/903746b76d2835267f9c928eb65bbb86.jpg,dataset/images/puppy_behind_object/0025_ad224c2fa5b0.jpg,896,1344,ad224c2fa5b074f5c080e73efe0f22d6ee8e687385d8aec739c11720f0c681c8
puppy behind object,pinterest,https://i.pinimg.com/originals/c2/6e/2a/c26e2ad86e7328882b07f08cdbd3bcc7.jpg,dataset/images/puppy_behind_object/0026_429f7237efd3.jpg,720,720,429f7237efd3574d63abadbf72a141cfaf5a2dadd7f9e797335427c611bd76c3
puppy behind object,pinterest,https://i.pinimg.com/originals/93/52/c5/9352c5d40c0b4023ab1951485ebd8ccd.jpg,dataset/images/puppy_behind_object/0027_22e7fab444a4.jpg,450,463,22e7fab444a4a25ec22a0770578deaed9af5ee693c7c9d8c46bc5b1e3b7f9896
puppy behind object,pinterest,https://i.pinimg.com/originals/88/69/af/8869afdf8a544fe81d119fcdf577838f.jpg,dataset/images/puppy_behind_object/0028_c107aeebdeb9.jpg,942,1672,c107aeebdeb95ea00889ac7080c6734c61498e93b741c4caa2b9da4bd7e38332
puppy behind object,pinterest,https://i.pinimg.com/originals/3d/e2/5f/3de25f5c0c288de8d94b5969b9d5851e.jpg,dataset/images/puppy_behind_object/0029_440246af2047.jpg,1440,1918,440246af2047c6a90115323b82cf62b973e5173dc64269a38b782f65098a1182
puppy behind object,pinterest,https://i.pinimg.com/originals/4f/a3/08/4fa3083380585e2710c853cbccec293d.jpg,dataset/images/puppy_behind_object/0030_43df85fce7dc.jpg,960,960,43df85fce7dc97d8569a9f49fa5dc516a891e4768c01f07cad2aa0a60aa9dbaf
puppy under furniture,pinterest,https://i.pinimg.com/originals/8d/49/22/8d4922e8e1d70a75f8e48048267aad95.jpg,dataset/images/puppy_under_furniture/0001_1a7e75c38ebd.jpg,1536,864,1a7e75c38ebd1cd706509d57ae043ab8b689688822aa463317d1c905a60320d1
puppy under furniture,pinterest,https://i.pinimg.com/originals/c3/2d/2b/c32d2bea10338f2d52677107458e7677.jpg,dataset/images/puppy_under_furniture/0002_7150cdbc18d7.jpg,2048,2048,7150cdbc18d7d6bfaad01702e0a54401e1db2490d8288fb956814e3e2d2cd975
puppy under furniture,pinterest,https://i.pinimg.com/originals/56/6a/ea/566aeae0cca4a671263399c4f26fd94b.jpg,dataset/images/puppy_under_furniture/0003_aaa19a3d57ca.jpg,2560,1712,aaa19a3d57cad2444806d4c30f96b94f67a53949616b0c0b40a58f4392a352e4
puppy under furniture,pinterest,https://i.pinimg.com/originals/a7/ce/a0/a7cea0fee25eacad95a8f6a63a4fc015.jpg,dataset/images/puppy_under_furniture/0004_54e6309dccd9.jpg,1024,683,54e6309dccd9d080e896061f7f9bc763a9a420e77ac8ee1b962c7b4f8c3ea572
puppy under furniture,pinterest,https://i.pinimg.com/originals/7a/fe/6d/7afe6d99b7e9ffec1348465c924f467f.jpg,dataset/images/puppy_under_furniture/0005_581b32c7c69d.jpg,1024,683,581b32c7c69d7b4a74c08faa1bd59cc69791c6c8f73ced85e17613c12722403b
puppy under furniture,pinterest,https://i.pinimg.com/originals/df/87/d9/df87d93cde6fc8dc8146a631ce98fab3.jpg,dataset/images/puppy_under_furniture/0006_1efd8aaa7c7d.jpg,520,293,1efd8aaa7c7d70086b0e591bb7289d2b03a4a2105d3cf81cec0cb43fc1abc3e3
puppy under furniture,pinterest,https://i.pinimg.com/originals/8d/03/b8/8d03b8217c6c68089978466aa3928199.jpg,dataset/images/puppy_under_furniture/0007_89eaf2d26a9b.jpg,1440,960,89eaf2d26a9b01dc4dc4aa0d53e4b213f709354145f315254a05290d33c74c1c
puppy under furniture,pinterest,https://i.pinimg.com/originals/8e/df/70/8edf70e29f99e2ccc4fc409efea482ad.jpg,dataset/images/puppy_under_furniture/0008_6e62c049bfa3.jpg,1440,960,6e62c049bfa3ff451a7d7326b359f573bcdc71cc4b51a7f49fe29497abc5886b
puppy under furniture,pinterest,https://i.pinimg.com/originals/8a/5f/0a/8a5f0a45dd3c1175b50910db9a37ac7e.jpg,dataset/images/puppy_under_furniture/0009_0e4a5dd3aaba.jpg,505,384,0e4a5dd3aabac7689dc728c8a94176bbc83a1d9a4bbe07c7ab3d29335e1c39c4
puppy under furniture,pinterest,https://i.pinimg.com/originals/b5/3e/15/b53e156b676ad32b403119665f45f106.jpg,dataset/images/puppy_under_furniture/0010_45dffc07195c.jpg,1536,1024,45dffc07195cbf14724045625f10c447b647f74144443bce67fb28d7e4bed25b
puppy under furniture,pinterest,https://i.pinimg.com/originals/b3/81/4e/b3814e9c197a7e6366c72b6488b90d76.jpg,dataset/images/puppy_under_furniture/0011_0291caef6637.jpg,4032,3024,0291caef663762dc566c44312ca3746c473e722c2d3c4251a796ef3454197d36
puppy under furniture,pinterest,https://i.pinimg.com/originals/3c/34/66/3c3466346c9c8d9da34a7fc0fee1442e.jpg,dataset/images/puppy_under_furniture/0012_005db0bcc4d1.jpg,1920,1920,005db0bcc4d1b413728343b5da4a960619e8942ee56a6b69e47e2b05779e4d9a
puppy under furniture,pinterest,https://i.pinimg.com/originals/7b/c9/4c/7bc94cfa08671e6280fff75a3c3779d1.jpg,dataset/images/puppy_under_furniture/0013_6676e769f4c9.jpg,4032,3024,6676e769f4c935cc669b550c90d85d6aa4b00976cec8798fb16a7e65d7c7e858
puppy under furniture,pinterest,https://i.pinimg.com/originals/8a/bd/75/8abd7504e53bb7e888d07942ba33a980.jpg,dataset/images/puppy_under_furniture/0014_2db08789ab7f.jpg,1080,1080,2db08789ab7fc2d7e0ae8e7e39eee77170afa92a4253607ab7fda8bd7584b795
puppy under furniture,pinterest,https://i.pinimg.com/originals/9f/63/a2/9f63a2101332d198adedc930a1730cfc.jpg,dataset/images/puppy_under_furniture/0015_b8b6d9fa2ab6.jpg,1080,1040,b8b6d9fa2ab60c36a10ec80861ca9a61ec4e111a4a4a4ce304dc6ca25d5f9513
puppy under furniture,pinterest,https://i.pinimg.com/originals/e5/9e/41/e59e414fe21bc78ebc330183a1c76925.jpg,dataset/images/puppy_under_furniture/0016_0316f264c431.jpg,333,500,0316f264c4316e412f1bc2429d38fe1ff8e4165d1286cffe92c34a2bdd26f19e
puppy under furniture,pinterest,https://i.pinimg.com/originals/60/f8/0d/60f80d862c0493d6d8ba262ea5cae389.jpg,dataset/images/puppy_under_furniture/0017_b408286e862c.jpg,4000,3000,b408286e862c1276e23fcec1db553b8fefbbc22fb2a4c26c1e69b609e1e8a79f
puppy under furniture,pinterest,https://i.pinimg.com/originals/8f/d6/60/8fd66015f4a511acc1dd98fd5a5e491f.jpg,dataset/images/puppy_under_furniture/0018_4f1aeb852f6a.jpg,680,1020,4f1aeb852f6a798a976ba5af7dc1ddceadbab006f9ec40ccb06eea969da6fe39
puppy under furniture,pinterest,https://i.pinimg.com/originals/db/8b/3d/db8b3dc0cfdb0ed135e251947d9fbb3f.jpg,dataset/images/puppy_under_furniture/0019_18071fe41cb7.jpg,640,626,18071fe41cb7e99a71c937242d30d7ddcbf5248e5c6fd500a4c8ca559b074d9c
puppy under furniture,pinterest,https://i.pinimg.com/originals/10/29/10/1029102eb093827233a2837d01de3fc4.jpg,dataset/images/puppy_under_furniture/0020_a142b3302012.jpg,756,1008,a142b330201211d463bb16385319711ad9b972b3b8dad093a34ca48c56e7fd89
puppy under furniture,pinterest,https://i.pinimg.com/originals/d5/9f/2a/d59f2a355640f6d40adc3164da65143f.jpg,dataset/images/puppy_under_furniture/0021_18e05bb6b36f.jpg,2288,1712,18e05bb6b36f9ca916994c4c415b5e9c31bc45b8082a0fd7324c24505f4dc206
puppy under furniture,pinterest,https://i.pinimg.com/originals/e9/3a/3e/e93a3e7aaebadc605a5d1275df677904.jpg,dataset/images/puppy_under_furniture/0022_1dd8bde6e09c.jpg,768,1376,1dd8bde6e09cacfa95e188694d6f5c2453a5d9423ae749ae645176f358b2a150
puppy under furniture,pinterest,https://i.pinimg.com/originals/5e/f3/e6/5ef3e6bc17e124cef74c21c113ffcdc3.jpg,dataset/images/puppy_under_furniture/0023_51e9c6d76e35.jpg,720,960,51e9c6d76e35f1193d7a8fef931d54f785bbefae04107f4ffcc3d5fb2fe563f0
puppy under furniture,pinterest,https://i.pinimg.com/originals/08/fb/de/08fbdee1dfa3b8be302653788983bbec.jpg,dataset/images/puppy_under_furniture/0024_f52f2516a35c.jpg,960,960,f52f2516a35c5d670b75f1dc901ef2d09028d64343eff60eb7ad50d34107bff0
puppy under furniture,pinterest,https://i.pinimg.com/originals/c7/f4/8b/c7f48b55753b587ebd1d5b18fd3090fe.jpg,dataset/images/puppy_under_furniture/0025_fc6ed3d5a3d9.jpg,736,1104,fc6ed3d5a3d9c7fb27a2e842984a3eadbeca6b03c9eb50dd197d305a9d0cf458
puppy under furniture,pinterest,https://i.pinimg.com/originals/04/ee/99/04ee99df96f49a54578c23dc88f6e359.jpg,dataset/images/puppy_under_furniture/0026_f15592bd94ce.jpg,2448,3264,f15592bd94ce01ca924ab2f7597fa4942b43acdf0291774b0d3de4b46acfe6a4
puppy under furniture,pinterest,https://i.pinimg.com/originals/01/af/41/01af417a2e70f4838bbcb8f3444cac77.jpg,dataset/images/puppy_under_furniture/0027_e4cfcd4458ab.jpg,832,1248,e4cfcd4458abf4702ac3795cffee4a2398108040fd4c8649f77fdbf563554779
puppy under furniture,pinterest,https://i.pinimg.com/originals/16/ac/c8/16acc87b72a39564cffa9f3af39d537a.jpg,dataset/images/puppy_under_furniture/0028_330b61a55df4.jpg,3024,4032,330b61a55df4ba7b7eba9a9b6f45b98df8b584965e048ccbe55c871915682c0a
puppy under furniture,pinterest,https://i.pinimg.com/originals/89/b6/7d/89b67d19925353375b2958f63ef4be55.jpg,dataset/images/puppy_under_furniture/0029_271247b10229.jpg,1171,1757,271247b10229211c1090487eb16c9e2c7556dd679c80577840e29dd3576bc69d
puppy under furniture,pinterest,https://i.pinimg.com/originals/94/1f/15/941f15b94ad7e6d9427ccc69dd28ffe1.jpg,dataset/images/puppy_under_furniture/0030_24a2727a8543.jpg,2448,3264,24a2727a85437932f07fe94b67d7720389ea9a27054c89f5c78ddb73998b168b
puppy standing,pinterest,https://i.pinimg.com/originals/41/06/81/41068148e69458d8376bae3a366dd209.jpg,dataset/images/puppy_standing/0001_6153f7f71938.jpg,1080,1080,6153f7f7193863999f719aad0e0d7a164e955764156dd5165b427fa530e5246c
puppy standing,pinterest,https://i.pinimg.com/originals/0c/fc/ed/0cfceddac6bd3c3e8e28d3bc3aa25ff3.jpg,dataset/images/puppy_standing/0002_6308054dbea3.jpg,602,402,6308054dbea32cd9cf355be53626971433a7f9eb11116041acfda4080b60d140
puppy standing,pinterest,https://i.pinimg.com/originals/07/39/3e/07393ee5bd2e2751e1012994182d42c8.jpg,dataset/images/puppy_standing/0003_5e46a1fe6a37.jpg,608,720,5e46a1fe6a376e9565858832dd873782183533271c27c261b857e124f30a8b76
puppy standing,pinterest,https://i.pinimg.com/originals/f1/03/8c/f1038c244bd96cec8929228ba0d4a56b.jpg,dataset/images/puppy_standing/0004_d097cb9935d3.jpg,404,613,d097cb9935d307e3cbacac88274fbd951f28e2865d27eaf116b0f2596442b783
puppy standing,pinterest,https://i.pinimg.com/originals/61/56/1a/61561ac8460bc39acd0e751e5cad7b4d.jpg,dataset/images/puppy_standing/0005_eb5bacbdfb34.jpg,680,671,eb5bacbdfb348819900835095d60fb8876e0a1acd68c4a3aed7a69a3ef6734bb
puppy standing,pinterest,https://i.pinimg.com/originals/74/e4/14/74e414de14509fd7f24a3073a72b7971.jpg,dataset/images/puppy_standing/0006_542f3d9a4705.jpg,640,1229,542f3d9a47054b04a8adfb3d7e3f0e4918b74973e239ff5ecb93bcc0ebdf211e
puppy standing,pinterest,https://i.pinimg.com/originals/7b/2d/91/7b2d91b021ecaa0c12c699f5c76d244e.jpg,dataset/images/puppy_standing/0007_559ceeadb09b.jpg,597,800,559ceeadb09b9817d9a937b623c78c9e13c9696a8b2ef909e27d5a7957f3818d
puppy standing,pinterest,https://i.pinimg.com/originals/94/0d/af/940daf771ec711c81f80a33d4988f71e.jpg,dataset/images/puppy_standing/0008_067ef4eb8d97.jpg,547,1104,067ef4eb8d97cca698070ce76526a8bb6714da2ea6a2ec8ce100134ba1a15f13
puppy standing,pinterest,https://i.pinimg.com/originals/e4/9d/ff/e49dff5b8fa06d038dc1d12a8b117e84.jpg,dataset/images/puppy_standing/0009_77fb6ddc908f.jpg,1030,2048,77fb6ddc908fe051d2a56127a4ba2dd86419f68296445089b165867a23842d92
puppy standing,pinterest,https://i.pinimg.com/originals/18/c4/56/18c4567a4e8d874013b1f3d6414bfd2e.jpg,dataset/images/puppy_standing/0010_a3e6aac8cd03.jpg,1358,965,a3e6aac8cd0307fb8224db7e553574578e00d2932fcaa8d49592e63543282e47
puppy standing,pinterest,https://i.pinimg.com/originals/3a/af/ac/3aafac25abcaef81a73e7b3bdc2b7dfe.jpg,dataset/images/puppy_standing/0011_e456b32e053a.jpg,853,1280,e456b32e053abbb181227075f589cda76298fe1c4859d8837f12fe914de6baab
puppy standing,pinterest,https://i.pinimg.com/originals/74/cc/1d/74cc1d453c09c2e7573f09ab4a824257.jpg,dataset/images/puppy_standing/0012_8b4656e4431c.jpg,749,1326,8b4656e4431cbb91350c7301a4b4f74b48c3b1dc0a283482be9acb4cba99bb22
puppy standing,pinterest,https://i.pinimg.com/originals/35/7f/87/357f8759678fdc8d07bff038793e4065.jpg,dataset/images/puppy_standing/0013_1f0e5834f2c3.jpg,576,1024,1f0e5834f2c38b08f09537b673547f6c21f4b0d0a40e769a276b46893e82e721
puppy standing,pinterest,https://i.pinimg.com/originals/f0/0f/57/f00f57b0f7b6bad878f7b7f61d35d25d.jpg,dataset/images/puppy_standing/0014_fad62241dec3.jpg,720,715,fad62241dec32a7690782310d6a6b29c24b77adee1e53121fe227d2d5c74c6e2
puppy standing,pinterest,https://i.pinimg.com/originals/cf/a0/98/cfa0986a07abfc741e1be58d30b22dbf.jpg,dataset/images/puppy_standing/0015_28c29a78d5a3.jpg,550,734,28c29a78d5a31b045881307a8f66276ad2e58365b967a514367d1d3b0a88bf6f
puppy standing,pinterest,https://i.pinimg.com/originals/f4/ee/b3/f4eeb3886ffb5e3fb46d1cedaceaa654.jpg,dataset/images/puppy_standing/0016_baaa759d9c84.jpg,1162,1104,baaa759d9c840261f420f1ee5f23a3e82b4d0356108dd6721313d7de5b079e48
puppy standing,pinterest,https://i.pinimg.com/originals/09/88/4c/09884ce598068bd158285cf4f61b6b3a.jpg,dataset/images/puppy_standing/0017_a0185a5a15f3.jpg,283,425,a0185a5a15f3ee12116f0543d9745aa4ee3f2ae2fa6a2b7d0a5aea4f5c56a64e
puppy standing,pinterest,https://i.pinimg.com/originals/d5/3d/06/d53d060b4958847c650d7e54f4446445.jpg,dataset/images/puppy_standing/0018_34aa0a763567.jpg,570,610,34aa0a76356730140763fff76d9e7e40cad219696baba0fe8b82dd6d27ef5987
puppy standing,pinterest,https://i.pinimg.com/originals/a6/b9/d1/a6b9d16c6028e247c4c5f886c8198760.jpg,dataset/images/puppy_standing/0019_e8f368168633.jpg,564,643,e8f3681686330a9cb0a2757d51eb53c1e963f5f53e83ec8a5a3a3cea181e551b
puppy standing,pinterest,https://i.pinimg.com/originals/ec/1e/e6/ec1ee632d7fb24b3d2c5d9d4276fa878.jpg,dataset/images/puppy_standing/0020_30c89a2bc4fb.jpg,674,763,30c89a2bc4fbbfbca264f0dc06ce30d580f18c9351795e49e048a4f4a9ad3119
puppy standing,pinterest,https://i.pinimg.com/originals/f3/8a/95/f38a95b0acac3fd7511843e49df8eaa9.jpg,dataset/images/puppy_standing/0021_23bc416a1c5d.jpg,376,510,23bc416a1c5d3e1ea378c2f62aa761a0d5901a4185144607c9912dd903216de5
puppy standing,pinterest,https://i.pinimg.com/originals/5f/ba/a7/5fbaa70e2a1a6c61711128c0adb4829a.jpg,dataset/images/puppy_standing/0022_43b7cfe3dc28.jpg,500,750,43b7cfe3dc288320fff4f11091944d02e5e68798ae49ab777709aac68ce2c292
puppy standing,pinterest,https://i.pinimg.com/originals/fc/09/9a/fc099abab558d0ae589381d425ce0b4a.jpg,dataset/images/puppy_standing/0023_9263f9027aa5.jpg,1273,1629,9263f9027aa56a7b475927042155a11c00976ddd4fe527b64e6b9196a64f8def
puppy standing,pinterest,https://i.pinimg.com/originals/b6/09/62/b60962c27c06020d7553b7292161ceb5.jpg,dataset/images/puppy_standing/0024_c2758608a4b5.jpg,306,539,c2758608a4b510517ea673f93dce7ffdf4fec5a4f5ed8e73efdb5212608d2158
puppy standing,pinterest,https://i.pinimg.com/originals/fa/5b/38/fa5b380b8cbe6870dbff25c747a7be15.jpg,dataset/images/puppy_standing/0025_65cdfef5c8a4.jpg,400,600,65cdfef5c8a484952e0997d38b836aceda1ad4023f3e75e118892af0ce257d1c
puppy standing,pinterest,https://i.pinimg.com/originals/d9/b2/b4/d9b2b489cc0d1c80288d1779fe81f07e.webp,dataset/images/puppy_standing/0026_4176b3b33445.jpg,550,734,4176b3b334454dffa25ee8f2b89d20361d239c785a7ba42f39df7fbf888a0905
puppy standing,pinterest,https://i.pinimg.com/originals/a0/c6/47/a0c647ac940fc8235a0da042ad7e4e9f.jpg,dataset/images/puppy_standing/0027_cfdd6b9c4e8b.jpg,564,936,cfdd6b9c4e8b3361eb7715b60c68025ebb3ba8c6d0bf453008a56564a15b8703
puppy standing,pinterest,https://i.pinimg.com/originals/45/18/28/45182822a05246d9724c55535dd2a7f6.jpg,dataset/images/puppy_standing/0028_57efdb3fa440.jpg,269,410,57efdb3fa4408316d3d7bc0677a03f514702d15cf096af95501c384155d5b0cd
puppy standing,pinterest,https://i.pinimg.com/originals/73/95/a4/7395a48de99d831b9c554197f8aa3abb.jpg,dataset/images/puppy_standing/0029_eb84495b0d4e.jpg,790,772,eb84495b0d4e58094f947aa6af4ec136cc12cbe2546240b98c932da4b1946e94
puppy standing,pinterest,https://i.pinimg.com/originals/f9/47/37/f94737465419ece538716efd89395819.jpg,dataset/images/puppy_standing/0030_8cfdd6a39883.jpg,473,591,8cfdd6a398830c74276df56707bf0332dc6aaf12c3e51229eee28dcda67d0384
puppy lying down,pinterest,https://i.pinimg.com/originals/c2/68/1e/c2681efcd0e21a5752ba8b8076783121.jpg,dataset/images/puppy_lying_down/0001_0b4e8cb76255.jpg,800,533,0b4e8cb76255fb6c9bda312715ab5143335a7529140211b34f5ba5bd7c9d3e70
puppy lying down,pinterest,https://i.pinimg.com/originals/fc/57/18/fc5718d879b476acd67ced36ad65c911.jpg,dataset/images/puppy_lying_down/0002_626e19746a66.jpg,741,414,626e19746a665ddc28cc55c8974b844266b83e8e9bfa3034dc6d7fb4b603ef88
puppy lying down,pinterest,https://i.pinimg.com/originals/0e/db/48/0edb489035ee9da41c6a29f9d0baca57.jpg,dataset/images/puppy_lying_down/0003_29cc11556b90.jpg,5445,3630,29cc11556b907e670315bac76e7c38bb1e6a9074e58c653405ecdbadc01902b1
puppy lying down,pinterest,https://i.pinimg.com/originals/18/25/02/182502f5294adb4c91c4ded1e517eff6.jpg,dataset/images/puppy_lying_down/0004_b8f66c7d8ae4.jpg,1179,692,b8f66c7d8ae442f7c627de98476e4b7fee0f8543f58a184e8a41475c89accac7
puppy lying down,pinterest,https://i.pinimg.com/originals/50/85/d4/5085d4e6626b66c1c2e154a838dfb457.jpg,dataset/images/puppy_lying_down/0005_67081fbc2308.jpg,1000,618,67081fbc2308d06b458c0b43359f4e3a5cb0d5f9857f7342225a9d52efb64df8
puppy lying down,pinterest,https://i.pinimg.com/originals/07/3a/a2/073aa21172fcc746906d1fe2282373a2.jpg,dataset/images/puppy_lying_down/0006_cc11fa13eb89.jpg,1416,1210,cc11fa13eb89dfc7aac11313d2bd5a36120107c168ab03e8f17af76d86f6e371
puppy lying down,pinterest,https://i.pinimg.com/originals/07/8a/8b/078a8b0b2b2b1a91589b75ae1efe802c.jpg,dataset/images/puppy_lying_down/0007_8420df454b86.jpg,1440,1440,8420df454b867b7bc7ac1ca2b6479280254e5432d179ad52ae8126d6e4bcf8f8
puppy lying down,pinterest,https://i.pinimg.com/originals/ba/78/85/ba7885b2a09b1c52f6748c9dcb498615.jpg,dataset/images/puppy_lying_down/0008_e9ddf341b986.jpg,4928,3264,e9ddf341b986be03c5f0c53854fc4d4c80f3632fb2168e44bc977676b6168ac9
puppy lying down,pinterest,https://i.pinimg.com/originals/89/62/29/89622945422afbc0000e4f7cada34052.jpg,dataset/images/puppy_lying_down/0009_1811c353cfb6.jpg,2592,1944,1811c353cfb69047b3738d262ab2d8229b059c8476413e7cd48dc7d6beed8531
puppy lying down,pinterest,https://i.pinimg.com/originals/be/fd/f1/befdf1763feb3cbb109e8511dfc7ee4e.jpg,dataset/images/puppy_lying_down/0010_296cc5b2220c.jpg,588,330,296cc5b2220cfd533b4706ed4212c499fba8af8b255c585596f59900fc99071d
puppy lying down,pinterest,https://i.pinimg.com/originals/6e/0c/15/6e0c1528a4bbc6347964e02238783524.jpg,dataset/images/puppy_lying_down/0011_69fd68c42a30.jpg,2734,2654,69fd68c42a30f2734db1ea639cea9415cb7bb2827e770bf1a162f5abf2955deb
puppy lying down,pinterest,https://i.pinimg.com/originals/10/bf/fb/10bffba15695d9fd848d6136bb6551be.jpg,dataset/images/puppy_lying_down/0012_d29148caa7d8.jpg,1241,1241,d29148caa7d862b21180091acd98992f0d076971beba2c171464b1b69111c788
puppy lying down,pinterest,https://i.pinimg.com/originals/06/0b/c5/060bc5a72dda73f4348892f4463a8098.jpg,dataset/images/puppy_lying_down/0013_26da930fdd3b.jpg,700,661,26da930fdd3bd73b159e336d3224e18e23c3adf9b9cdd319210cfcc3e7e9a968
puppy lying down,pinterest,https://i.pinimg.com/originals/f8/45/05/f845056070efee07bbfef5365844c433.jpg,dataset/images/puppy_lying_down/0014_b451b5a09739.jpg,464,410,b451b5a09739c6502842e477567c6c1a36e6825f0cffb49e0ae81f35fb33343d
puppy lying down,pinterest,https://i.pinimg.com/originals/bd/1e/85/bd1e85127c4ab49e01633ae530ec6b63.jpg,dataset/images/puppy_lying_down/0015_bc3cfa36d535.jpg,600,600,bc3cfa36d535be1e07bbf81662e56c08b794351f00a70f45677f0c602f26a904
puppy lying down,pinterest,https://i.pinimg.com/originals/10/ca/3d/10ca3d8ec3d04c4cc9512bd18616b7e8.jpg,dataset/images/puppy_lying_down/0016_dbb06ac14e05.jpg,720,720,dbb06ac14e0564727e486a2005c37a915fd8d9b43e122641a393e40ea5428483
puppy lying down,pinterest,https://i.pinimg.com/originals/9d/3b/e4/9d3be49ca64eadefce3a5fc8b7e279a1.jpg,dataset/images/puppy_lying_down/0017_1648c34cd8a9.jpg,4032,3024,1648c34cd8a9828a25af3c5cdc419a36357eca7bf69d24e0e54be5625440ed17
puppy lying down,pinterest,https://i.pinimg.com/originals/3e/34/dd/3e34ddca43f1bc7c80bd86e9e0b81a0c.jpg,dataset/images/puppy_lying_down/0018_0a62f4568314.jpg,5008,4006,0a62f4568314b3b00a1a50f5a6435cb3bc797dd78e3499a1e7b443704af07780
puppy lying down,pinterest,https://i.pinimg.com/originals/81/52/cb/8152cb38d23c2901ac1ae3b97a2ce187.jpg,dataset/images/puppy_lying_down/0019_45831457249d.jpg,494,365,45831457249d589c0c659b8103f0f6b520e533337fb4240221778ad425d646b4
puppy lying down,pinterest,https://i.pinimg.com/originals/d3/9b/82/d39b82dc834c5c0387a4112517a07bc1.jpg,dataset/images/puppy_lying_down/0020_81397209c077.jpg,831,369,81397209c077b59a762ff20f753a950b4f23acc1225769a0652feb9683c8103b
puppy lying down,pinterest,https://i.pinimg.com/originals/33/bd/6e/33bd6eed9b6ecf833790093e90341908.jpg,dataset/images/puppy_lying_down/0021_d985bddcfd6a.jpg,736,736,d985bddcfd6a1f7da4d710c8e2f194947a6c751ba94d11f423ab77c071d0f680
puppy lying down,pinterest,https://i.pinimg.com/originals/95/00/c9/9500c9169b50e384a55e2a6b9739dc3a.jpg,dataset/images/puppy_lying_down/0022_4ba5e4e45d23.jpg,960,640,4ba5e4e45d237e51dbd7297ae9f08c36f18eef139d1fd40c463dea9fc4a2d60f
puppy lying down,pinterest,https://i.pinimg.com/originals/d6/c5/2d/d6c52d6b6ca466148a588b0eff5be5c3.jpg,dataset/images/puppy_lying_down/0023_8c52e759ca15.jpg,1170,665,8c52e759ca156c1325e4c3ccddf166edec12f90d440ceb48dd14f42ac8180b0f
puppy lying down,pinterest,https://i.pinimg.com/originals/e6/7c/01/e67c01dcf6473972e13ac30d8ef13900.jpg,dataset/images/puppy_lying_down/0024_e59753a5e3e4.jpg,1080,1080,e59753a5e3e42f3eaaae4b7accdc64895ec835e9339c44271c962f3cb5da1889
puppy lying down,pinterest,https://i.pinimg.com/originals/47/f3/c3/47f3c39425938af7d3d61ce031d53b0e.jpg,dataset/images/puppy_lying_down/0025_284b713ce5a0.jpg,960,370,284b713ce5a0ab458453fe69073cee8abee6fbf53237ab2b265996a19793ce80
puppy lying down,pinterest,https://i.pinimg.com/originals/b4/dd/e7/b4dde7c7f70baaec06f53ac468970677.jpg,dataset/images/puppy_lying_down/0026_350b8c346f8e.jpg,626,357,350b8c346f8e2d382d4e4b6417ba4f143a4f0200ed190919d71e27c795e028d0
puppy lying down,pinterest,https://i.pinimg.com/originals/0c/d7/19/0cd719d5f4a423ab8dd216c6c22d14b7.jpg,dataset/images/puppy_lying_down/0027_80fcef95b519.jpg,706,434,80fcef95b519cd6e1aa0a33163eccc9dd10c88dce2e2b874f3d28dfcc0d63883
puppy lying down,pinterest,https://i.pinimg.com/originals/aa/f1/42/aaf142e008069e84b0c1195375e1568f.jpg,dataset/images/puppy_lying_down/0028_a919d41975e1.jpg,1280,960,a919d41975e1a7e236814abded2e1f6c3d82c965e532e4321b579ad91edda5c5
puppy lying down,pinterest,https://i.pinimg.com/originals/23/c6/ad/23c6ad036fb927a053188f273ff2ba48.jpg,dataset/images/puppy_lying_down/0029_2eca260293e0.jpg,1024,733,2eca260293e03e515602d2db53d5168d26b50e38f9b8bc6de723eb65e71c2e97
puppy lying down,pinterest,https://i.pinimg.com/originals/14/ae/5a/14ae5a4ca158966c1b5f0b31d0fc864c.jpg,dataset/images/puppy_lying_down/0030_804e05af6a3d.jpg,553,555,804e05af6a3d18200e8cb15b2902f66c586d560cf432ed2fca2a580f9d3864f8
puppy walking,pinterest,https://i.pinimg.com/originals/a8/6d/4d/a86d4d86b510926e86af7fb50cbf5586.jpg,dataset/images/puppy_walking/0001_b287836d1f41.jpg,1143,1714,b287836d1f41a89e347b38dbff2902bc6055c922cdc24a59261055f527ccb486
puppy walking,pinterest,https://i.pinimg.com/originals/f1/81/6a/f1816a19356f65a43476177c0ca3f727.jpg,dataset/images/puppy_walking/0002_60da371d4c3f.jpg,299,400,60da371d4c3f00d3cf9b42e7f89bc0667c0bb7703cd6cebb78a11b2c27d5b741
puppy walking,pinterest,https://i.pinimg.com/originals/a9/db/5a/a9db5a9d93e7ead4a084ae3533ba9f61.jpg,dataset/images/puppy_walking/0003_e7ac67b93291.jpg,564,846,e7ac67b93291c801809c9966be22fa192eaf3b2e893dff4e01d48f6c40937357
puppy walking,pinterest,https://i.pinimg.com/originals/7a/76/b0/7a76b0e107e262bd0306095529a6a551.jpg,dataset/images/puppy_walking/0004_5a97da000881.jpg,1080,1920,5a97da000881bafb6d8b71ce3e941e61f293ae792235644d9220369a4cb1172f
puppy walking,pinterest,https://i.pinimg.com/originals/94/21/ce/9421ce6ba4c83a1fd44cdfc9fd0232f8.jpg,dataset/images/puppy_walking/0005_c2679f7ca4e5.jpg,1080,1920,c2679f7ca4e5b8ee95e950b56d830660a8d0e7f80b504e73ce7fee2797f18042
puppy walking,pinterest,https://i.pinimg.com/originals/43/c3/0f/43c30fcb977b6a213043736662672fd9.jpg,dataset/images/puppy_walking/0006_64e20a4ccb21.jpg,1080,1920,64e20a4ccb21950f1bec2d4d2cd60821236b80bf2d495995ed0fe61482c19ace
puppy walking,pinterest,https://i.pinimg.com/originals/be/fc/c8/befcc81e9fe523c7bf4a17f9032d7b93.jpg,dataset/images/puppy_walking/0007_cc208acaff94.jpg,400,535,cc208acaff948c72a59931324f0c1c3c40475d331fff61192f82fa965de58b0a
puppy walking,pinterest,https://i.pinimg.com/originals/75/47/29/75472960b8a2e8a7522f421f916b1eb9.jpg,dataset/images/puppy_walking/0008_8f89adb8270a.jpg,1080,1920,8f89adb8270a7e4eeb0b777c5e063964405ed81bf910001ca9f695e4ca51dc54
puppy walking,pinterest,https://i.pinimg.com/originals/87/50/6d/87506d28638312ee3abb102f5546fbad.jpg,dataset/images/puppy_walking/0009_f17c9e9b9b4e.jpg,1440,1800,f17c9e9b9b4e6e12c8fcccd816fc56e6ab058e4327d891693a6d1d863a8b2c0e
puppy walking,pinterest,https://i.pinimg.com/originals/3e/af/1b/3eaf1bb57b2c43afa0df33684f2e048c.jpg,dataset/images/puppy_walking/0010_6acff543ef06.jpg,1224,1632,6acff543ef0605800983931a0aca749a4638d44c961b0abf6238fbecc716a08f
puppy walking,pinterest,https://i.pinimg.com/originals/42/04/b7/4204b7e5695efc39476c5229b0db0766.jpg,dataset/images/puppy_walking/0011_74845eaff2e8.jpg,4284,5712,74845eaff2e8fab900eddf92e0ee426e155369c78323cc08369e04afc6ac649a
puppy walking,pinterest,https://i.pinimg.com/originals/03/57/64/035764f6ea3f8f0612b2f57498cb1eb3.jpg,dataset/images/puppy_walking/0012_75e23fff0650.jpg,1080,1920,75e23fff0650891b9b41524b9b1a1d2816821af9027f22aad4f2efd45d267ab6
puppy walking,pinterest,https://i.pinimg.com/originals/7a/53/87/7a538764314c3e5eef0b8091a2d8cc79.jpg,dataset/images/puppy_walking/0013_1a8295bb53d7.jpg,1440,1920,1a8295bb53d711ee3baae081b8bbc8afb1aae3051c57293d5d4692946dfbaef0
puppy walking,pinterest,https://i.pinimg.com/originals/c4/d4/e9/c4d4e9f10aab1f0186b0e94aa9be9a82.jpg,dataset/images/puppy_walking/0014_4c724d3bb41b.jpg,3072,4096,4c724d3bb41ba655189855e1b61d60e8477a2be0594752229fef74eff692a332
puppy walking,pinterest,https://i.pinimg.com/originals/c3/01/81/c301816860dba1d49b158c48848c1fd2.jpg,dataset/images/puppy_walking/0015_4cf25b2a68a5.jpg,2666,4000,4cf25b2a68a573c853d64b3c74d9fcd156ccf1571ec972f3452b204f55e6f4fd
puppy walking,pinterest,https://i.pinimg.com/originals/0b/7c/7d/0b7c7dae1d6036b3739c9a50a4fce8d3.jpg,dataset/images/puppy_walking/0016_946b9455645b.jpg,1000,690,946b9455645baf5b01e22f60b643bbdba49dd40f8094143e81f866776bd092e0
puppy walking,pinterest,https://i.pinimg.com/originals/b9/05/36/b905361fe0202671117e3eece766519a.jpg,dataset/images/puppy_walking/0017_dccd8d1f9713.jpg,1224,1632,dccd8d1f971334f6fca737c0b05a500f8d3551c5387787cea36dc414eeff07a4
puppy walking,pinterest,https://i.pinimg.com/originals/1d/2f/b3/1d2fb3abce8c498540316d861d7bc978.jpg,dataset/images/puppy_walking/0018_342b3745b4f7.jpg,1080,1920,342b3745b4f756d2293a9af267839344844eb46fba97ed298793ad43bd52b39d
puppy walking,pinterest,https://i.pinimg.com/originals/3d/df/ca/3ddfca765cf2fe96f0066dea37404fef.jpg,dataset/images/puppy_walking/0019_c25a97901a5d.jpg,1584,1980,c25a97901a5d0edd64d9d13e3200c28351f8964c53cebdb90bf43c8c212aa03b
puppy walking,pinterest,https://i.pinimg.com/originals/e4/1a/14/e41a140030e13026f7ed0f6bb0c4df09.jpg,dataset/images/puppy_walking/0020_4e39c8d70a42.jpg,736,1104,4e39c8d70a429b248cace9e92f8393688df07bf15d08eb991a315851687b3925
puppy walking,pinterest,https://i.pinimg.com/originals/71/67/e1/7167e1b79fb6b8ef1587b7c90c4c4161.jpg,dataset/images/puppy_walking/0021_e99276e73069.jpg,564,798,e99276e73069aedf4673901e3e759100f759073fef44d293cb5b3ab7dd1fed75
puppy walking,pinterest,https://i.pinimg.com/originals/41/a7/46/41a746bec68ae8bbc3186b86965b67a7.jpg,dataset/images/puppy_walking/0022_763dd6fabf6c.jpg,1080,1920,763dd6fabf6c6d6262acd44dbfa629ef01f2c788b86ffc5dde48f6a5840f99eb
puppy walking,pinterest,https://i.pinimg.com/originals/9b/b3/da/9bb3da4b71f7f560b066dec98c17e3c9.jpg,dataset/images/puppy_walking/0023_2609cb1c384b.jpg,2663,3994,2609cb1c384b4423f37827a3fa1ea17e8459fe4bd64a268307c6c9fed52d0e7e
puppy walking,pinterest,https://i.pinimg.com/originals/07/55/af/0755af2280533f2b9bc3db2a4d7e42db.jpg,dataset/images/puppy_walking/0024_4361cfb0807b.jpg,1080,1920,4361cfb0807b21605033b79a1bfc69d564dd9c4f7c3aa66b4b74ce7b8f7785b9
puppy walking,pinterest,https://i.pinimg.com/originals/49/23/23/4923239dd5d542d8d406a31e742be428.jpg,dataset/images/puppy_walking/0025_a3d6b0a1ce5f.jpg,576,1024,a3d6b0a1ce5fbc973abd869ba31a9bcbffff280b07ed4fd2b741471b9028d678
puppy walking,pinterest,https://i.pinimg.com/originals/29/f4/ab/29f4abc3b67cbeb2a9b4e89197938803.jpg,dataset/images/puppy_walking/0026_6642c3c84ce2.jpg,403,403,6642c3c84ce2470e5a322dc0ead62b6ca9c200be31126ee47fdcc5275bc80ecb
puppy walking,pinterest,https://i.pinimg.com/originals/22/a7/0b/22a70be7c9eb5fb3f52646add7e44552.jpg,dataset/images/puppy_walking/0027_8749f9ece15d.jpg,1024,1434,8749f9ece15d61b126e99307218fa46164c4ae85bcd2ace6f32787037800d6fd
puppy walking,pinterest,https://i.pinimg.com/originals/e9/70/52/e970523c840fba627d0f73ac23a53e9b.jpg,dataset/images/puppy_walking/0028_9ca5b6c5e1c2.jpg,1080,1920,9ca5b6c5e1c20b4b812d787278a5405660478dffcfcc42439149ce357afa2773
puppy walking,pinterest,https://i.pinimg.com/originals/38/8f/c9/388fc91621d9d12db3d1211b39ab0fc1.jpg,dataset/images/puppy_walking/0029_dbd1ac2106be.jpg,449,750,dbd1ac2106beaa6a9deca79faf8d81754bb77793e16ab4b424f806ab6209775e
puppy walking,pinterest,https://i.pinimg.com/originals/9a/08/26/9a0826805dc7ee4b34d91ae1747a6faa.jpg,dataset/images/puppy_walking/0030_706cbf8674d3.jpg,686,447,706cbf8674d31257f3dd0a13d4c6b6d736cd489fbbd01b495d65d9f4a592f5d4
puppy running,pinterest,https://i.pinimg.com/originals/7f/8c/ae/7f8cae6aa28b1ea132b041d73b04748f.jpg,dataset/images/puppy_running/0001_7c2221098db7.jpg,270,300,7c2221098db7f7e03cdaa35aab4711ad9893504448e1c5d7f957ba8b21b225cd
puppy running,pinterest,https://i.pinimg.com/originals/94/2b/8d/942b8da7d058143433e2208e0f6ad15e.jpg,dataset/images/puppy_running/0002_db879d5257a6.jpg,1024,1024,db879d5257a64910c9f310aae9b683df60dbba74588e53f95096e093b85a00f9
puppy running,pinterest,https://i.pinimg.com/originals/4b/71/93/4b7193c5659d09bbd03fc12794ef2e04.jpg,dataset/images/puppy_running/0003_4cfc502c15ea.jpg,3872,2592,4cfc502c15ea44d7010bd83389f75dd8183955042a58540dd1a6626122b54db9
puppy running,pinterest,https://i.pinimg.com/originals/6e/b6/a0/6eb6a05e461473ad07bb36b70ae2c804.jpg,dataset/images/puppy_running/0004_52acab8a737a.jpg,460,306,52acab8a737ab182c2413f465317c137d8b2d5b4d8f24dfd56f24d6a249357bf
puppy running,pinterest,https://i.pinimg.com/originals/4e/7d/b0/4e7db016b1ff302bd55faeb59808654b.jpg,dataset/images/puppy_running/0005_d93115d0cacc.jpg,720,565,d93115d0cacc9211be44f0d628d33539449c346db0e0ad0d185065e238a3cc4c
puppy running,pinterest,https://i.pinimg.com/originals/70/e2/e8/70e2e8f48e212d1116a88c26128d509b.jpg,dataset/images/puppy_running/0006_cabbd040c16e.jpg,1080,1080,cabbd040c16ee65c707def33ba5c6ac006f5d79f84eed73ba1dd3a9c98ec71ab
puppy running,pinterest,https://i.pinimg.com/originals/99/8f/05/998f05eb0ae5908fdad7c91e61339eeb.jpg,dataset/images/puppy_running/0007_07e12758719d.jpg,1136,1136,07e12758719d623e654a08351d63fe7be5fb5f5c3340496ab2c604f2a3ec5b06
puppy running,pinterest,https://i.pinimg.com/originals/be/46/20/be4620077e92408d7f5f615801fe17eb.jpg,dataset/images/puppy_running/0008_92adb54d0548.jpg,1000,1000,92adb54d054869e1dd7b945060b1c16fb55fbf48d8e58f75344fb60d7a62167e
puppy running,pinterest,https://i.pinimg.com/originals/03/41/06/034106eb9bdc031cde92a56a99048024.jpg,dataset/images/puppy_running/0009_5c750ea7e176.jpg,480,480,5c750ea7e176dc3324056037c15ecb91aa101842fdd5ac880c4ffce21c8f9acc
puppy running,pinterest,https://i.pinimg.com/originals/a5/e0/a1/a5e0a1f1ba29e98a276b5aa8a45d5516.jpg,dataset/images/puppy_running/0010_968afd83f3de.jpg,2048,1365,968afd83f3de4ae7a022a376b740cf9b1636b1a76ffb3c0d45ad50ad877dcac6
puppy running,pinterest,https://i.pinimg.com/originals/28/45/f7/2845f75aea176caff7cd01a44e8922f5.jpg,dataset/images/puppy_running/0011_6289c8367771.jpg,2592,2592,6289c83677715e9d9e438364c6b39121c2dcdbd8d933835815cfae27bdea1a11
puppy running,pinterest,https://i.pinimg.com/originals/49/90/08/49900845483d0d0d4671490068dee812.jpg,dataset/images/puppy_running/0012_4cc04f1ce08f.jpg,1144,1104,4cc04f1ce08fe93911502237223617bef996192bd7c73819724337a23b3f1905
puppy running,pinterest,https://i.pinimg.com/originals/a4/a2/53/a4a253eee9d5136354411457b97067d6.jpg,dataset/images/puppy_running/0013_641b9878fe75.jpg,4096,4096,641b9878fe75dc059a4804e144fff2cae9a4a58d9b2f0660f312f067bed176c4
puppy running,pinterest,https://i.pinimg.com/originals/f3/1d/8c/f31d8ced36379d7734cd8dd31321f678.jpg,dataset/images/puppy_running/0014_91e3fe164665.jpg,3000,2400,91e3fe1646652acfd8f220ba7f37c0a161232d688ddffdb768436f959644126a
puppy running,pinterest,https://i.pinimg.com/originals/6d/da/7b/6dda7b198459af871fea8d6f96e74491.jpg,dataset/images/puppy_running/0015_f928fa566c1a.jpg,750,1001,f928fa566c1ac7a268d791e4861e0a835fb8c811113dd3c296634eae93ccca81
puppy running,pinterest,https://i.pinimg.com/originals/28/26/c8/2826c8b829d697c7b1f0c76ce965c89e.jpg,dataset/images/puppy_running/0016_18321757e5e3.jpg,604,453,18321757e5e3283b09fc67552b45c7c5ad24a42282cc7c8fc5c133237c63b42e
puppy running,pinterest,https://i.pinimg.com/originals/2a/2b/68/2a2b682bf2080c632de1570276314525.jpg,dataset/images/puppy_running/0017_1b22f3ff6553.jpg,576,1024,1b22f3ff655331e02602a8b4332562415436e9b873f8548270386b87037797ac
puppy running,pinterest,https://i.pinimg.com/originals/ff/ab/e6/ffabe6a8a2a79587e900fec4df96aec1.jpg,dataset/images/puppy_running/0018_c76781d41909.jpg,401,500,c76781d419095402d96ba3bb2293b37a3ee8a9233ad0bee47b657c3b86061b35
puppy running,pinterest,https://i.pinimg.com/originals/db/91/9e/db919ea3f85ec539c91e25986fa7d449.jpg,dataset/images/puppy_running/0019_e031afb06bfe.jpg,850,566,e031afb06bfe4f79cded19b43e6719dde6add6877bd8be2ff3e8c35ebb81be30
puppy running,pinterest,https://i.pinimg.com/originals/c9/09/f9/c909f99cac51c4fb317162626fec366e.jpg,dataset/images/puppy_running/0020_ac04c02c94f2.jpg,1440,1800,ac04c02c94f2b478741b7660d056ac914dafaa0572a1daf09df5ecc12f8ad28b
puppy running,pinterest,https://i.pinimg.com/originals/35/5b/d9/355bd9eea8eded48c24bccf9101b484c.jpg,dataset/images/puppy_running/0021_732473a8e8db.jpg,626,626,732473a8e8dbf1a30db56929badfd6d539a95fedc990d12de128a94861de761c
puppy running,pinterest,https://i.pinimg.com/originals/39/16/a6/3916a6f407e16de70b6b29fad30f7b8e.jpg,dataset/images/puppy_running/0022_9bc443c9039f.jpg,500,838,9bc443c9039f1480c51193efa756221348d2c72b543cf649a4c00b95f6e40cff
puppy running,pinterest,https://i.pinimg.com/originals/c6/11/60/c6116074893e44e8a82f68a2f92d5d03.jpg,dataset/images/puppy_running/0023_b059fcbced8b.jpg,779,1170,b059fcbced8bc4034921c8d6e94239e96b17fc3c6a655ca6b951a0d9cf81fea1
puppy running,pinterest,https://i.pinimg.com/originals/02/d9/a4/02d9a4199a9836744cf73602105192e5.jpg,dataset/images/puppy_running/0024_9b13e234a485.jpg,990,660,9b13e234a485be57c47d47569d83ee7662ddff74eee0365289ef08c70dbeaa3b
puppy running,pinterest,https://i.pinimg.com/originals/fc/a5/ee/fca5ee627d9b239269bd2a2529042f3b.jpg,dataset/images/puppy_running/0025_7807e7594e8b.jpg,740,939,7807e7594e8b2cc4589ac7f4d8876f63f9e98e8db1833662185da85ce60eb46c
puppy running,pinterest,https://i.pinimg.com/originals/24/d0/e1/24d0e1b06bbbb316b4ec4b94ff059d62.jpg,dataset/images/puppy_running/0026_1717f8636be7.jpg,1170,1093,1717f8636be7f262117ced0ac7a3a556f476065ac20a7cd48eaf5ac550c7a5ae
puppy running,pinterest,https://i.pinimg.com/originals/e4/35/e9/e435e98529d944857d5de83a39fe8a6b.jpg,dataset/images/puppy_running/0027_a9bc00b20b3e.jpg,1237,1677,a9bc00b20b3e6494510a6f989a18e025b46086a9d38caa25f7d5188dcc90f9fd
puppy running,pinterest,https://i.pinimg.com/originals/24/a5/23/24a52363f0059fa9127e46b3252d985b.jpg,dataset/images/puppy_running/0028_8c1fc25d3dc9.jpg,4500,4500,8c1fc25d3dc95daf2c14aa020a39f297c277614594c584343c9e1bd816de81e4
puppy running,pinterest,https://i.pinimg.com/originals/ae/98/86/ae9886c1e9b82f0bca1546dac9d04949.jpg,dataset/images/puppy_running/0029_2be91287f6f2.jpg,1000,1500,2be91287f6f2654b97956e4dd13e9c5c86d3b8829253bba70e663b9be3e951aa
puppy running,pinterest,https://i.pinimg.com/originals/5e/84/81/5e84810fc93f51ab02dc5a5afc505607.jpg,dataset/images/puppy_running/0030_91f57b9368ad.jpg,720,393,91f57b9368ad21efac3aa4c329476bc2009906c1de57d61945c15b3bce6cf688
puppy jumping,pinterest,https://i.pinimg.com/originals/5e/3a/cd/5e3acd3347b97b4d6bec6bc40f03a0cc.jpg,dataset/images/puppy_jumping/0001_eb7de7d9bf24.jpg,320,320,eb7de7d9bf245cd9a05663e24c4bf23d08dea968db7abf93995d01b0bb09eed5
puppy jumping,pinterest,https://i.pinimg.com/originals/1b/6a/3b/1b6a3b7f1a662dfa172d1fd4978cc241.jpg,dataset/images/puppy_jumping/0002_8f3678e3781a.jpg,564,564,8f3678e3781ab146f315ec7ebc4fc1b8649af1112165d2ec537806645c38b107
puppy jumping,pinterest,https://i.pinimg.com/originals/a2/e0/fe/a2e0fec3387c054a506fdb928b367cf0.jpg,dataset/images/puppy_jumping/0003_19782669c7c3.jpg,628,419,19782669c7c32b58a96748276a7e16131ff27ed2ccf79a93ef027fcd6d2a3c9f
puppy jumping,pinterest,https://i.pinimg.com/originals/d5/4b/20/d54b20fd8e66ccbe9f5587add7885d9a.webp,dataset/images/puppy_jumping/0004_0f3270b43ea9.jpg,1000,571,0f3270b43ea9b5cdceba575326bbd0a490b5a9742d481f3716cb1cc82ffe41b2
puppy jumping,pinterest,https://i.pinimg.com/originals/c7/6d/44/c76d44650e1ac76b18e05c11c20be42b.jpg,dataset/images/puppy_jumping/0005_1790321cbcb0.jpg,427,640,1790321cbcb06aea50e2265638a2d2e322e9fc18205519dbf05f465fad7e8ba2
puppy jumping,pinterest,https://i.pinimg.com/originals/e2/25/df/e225df7daaf864da8dca03eb584fd234.jpg,dataset/images/puppy_jumping/0006_b12dba372ab1.jpg,980,746,b12dba372ab1b0c12cba1ee766a991acd8583137430b7c9078909c52a2b30d8d
puppy jumping,pinterest,https://i.pinimg.com/originals/10/87/df/1087dfb94b8bce633e39f61e412d199b.jpg,dataset/images/puppy_jumping/0007_8143bdafb2e2.jpg,768,1376,8143bdafb2e240f38b37519f6dc5947a169fe49bc29cc2da1401478c7020b94e
puppy jumping,pinterest,https://i.pinimg.com/originals/f5/e1/22/f5e122d2def3674737feccf429a29360.jpg,dataset/images/puppy_jumping/0008_6d98e4b4a133.jpg,921,1152,6d98e4b4a133bc7d679b9a2995761b498d19319134fb721acbd16af04282acfe
puppy jumping,pinterest,https://i.pinimg.com/originals/c3/4d/bd/c34dbd466f47bdf8f496fab65bb46979.jpg,dataset/images/puppy_jumping/0009_ef00ab1ece2f.jpg,332,500,ef00ab1ece2f081de5c1818e10dc62f04cdcfa1de34801945139338a3f6436ad
puppy jumping,pinterest,https://i.pinimg.com/originals/92/ac/51/92ac51d752bcddbae38ba2131f0a86d8.jpg,dataset/images/puppy_jumping/0010_428c85a95b2b.jpg,547,544,428c85a95b2b74f4db861377ee9f02fbcc9d9509d58f103d91ebe5704e9c0846
puppy jumping,pinterest,https://i.pinimg.com/originals/52/4f/bf/524fbf5396be0ac2779678bab394d96b.jpg,dataset/images/puppy_jumping/0011_0629845a3e45.jpg,768,1376,0629845a3e4551ab79e9bb0309caca80b717ea9b12085a3d25c0fbf79d8b7c43
puppy jumping,pinterest,https://i.pinimg.com/originals/23/7a/52/237a528edd87580b30c11a7fc2b11897.jpg,dataset/images/puppy_jumping/0012_c2f11f5da77a.jpg,440,308,c2f11f5da77a78f011adb7b22df9c95918e67284ae76927d00dfe05e30fd50ac
puppy jumping,pinterest,https://i.pinimg.com/originals/32/d1/c1/32d1c156e6548eb3ab18aa6f808e8348.jpg,dataset/images/puppy_jumping/0013_5aedc88aa1ef.jpg,368,490,5aedc88aa1ef27d749ea3a6bff931735d1bb42fd0e867e8baf11aa1e4c46e74f
puppy jumping,pinterest,https://i.pinimg.com/originals/19/05/c5/1905c5b3a8cdd967c53cd135e2dc4456.jpg,dataset/images/puppy_jumping/0014_98b25873eb21.jpg,346,461,98b25873eb21d41b1bb6224b19881e9a9053960e2ec3cbdd090416432a46d791
puppy jumping,pinterest,https://i.pinimg.com/originals/b3/3a/75/b33a754738a83357b9e0b7b7853150cd.jpg,dataset/images/puppy_jumping/0015_1ac5ea319152.jpg,349,465,1ac5ea31915222798031ae588b7b967b2c17358a1f1edf3a8a4afb50e91c5f8d
puppy jumping,pinterest,https://i.pinimg.com/originals/00/cf/87/00cf87eaaa5bde273b900f130f79de5f.jpg,dataset/images/puppy_jumping/0016_a44c18498b69.jpg,406,540,a44c18498b69eaa52c68d02a1350828cba72fb83fe230ce468457212ffd655f1
puppy jumping,pinterest,https://i.pinimg.com/originals/d9/07/58/d907582297365eeb9f950ae8ab48aa05.webp,dataset/images/puppy_jumping/0017_6e3e660ebfef.jpg,1200,1588,6e3e660ebfef4c7aa75db9c8de037e9b46a921f70bc300874c8a28c276d3f359
puppy jumping,pinterest,https://i.pinimg.com/originals/6c/bc/f0/6cbcf0a2203f975fb42b1ddaf803ba31.jpg,dataset/images/puppy_jumping/0018_a99d53b01db1.jpg,1296,1944,a99d53b01db193c1a8b1cfeb95219c50e90b12fa562110a9055fd2de1b66c045
puppy jumping,pinterest,https://i.pinimg.com/originals/ec/8f/14/ec8f1408a760708f2a2851333c72ec5f.webp,dataset/images/puppy_jumping/0019_a632885abc30.jpg,982,1472,a632885abc300180212a8ce80e6add7d43dfb6e3f172ba2d3e388aa1279231ad
puppy jumping,pinterest,https://i.pinimg.com/originals/56/1c/18/561c18ffd7061a458381d9ba601d1882.jpg,dataset/images/puppy_jumping/0020_fbd329c6632b.jpg,1024,1024,fbd329c6632b665a6ca171651368428797142bed2801402707e9e7fa13e63c0c
puppy jumping,pinterest,https://i.pinimg.com/originals/59/a7/91/59a791a1612b024cf502480444d74817.jpg,dataset/images/puppy_jumping/0021_46ebb34a1459.jpg,768,1376,46ebb34a14597084be51f90d9911bfc067dd30ba3a826e7b26f5e23392e52a26
puppy jumping,pinterest,https://i.pinimg.com/originals/fe/4a/05/fe4a05fbc875b53639407fe44a63f33b.jpg,dataset/images/puppy_jumping/0022_565e371f4f17.jpg,614,900,565e371f4f170ed2ab91f3566cc98c0bdc2129ccf3f032db2801ae15aa4efed5
puppy jumping,pinterest,https://i.pinimg.com/originals/51/01/89/5101895b484ff51705a65c1d075e5b03.jpg,dataset/images/puppy_jumping/0023_1b16a8101557.jpg,720,720,1b16a81015579bd488ded9f098877a1d59da65ed1a1920e1bce5aeea4a096974
puppy jumping,pinterest,https://i.pinimg.com/originals/53/dc/1b/53dc1bec366261419e6566e071239978.jpg,dataset/images/puppy_jumping/0024_0866d32793ac.jpg,1167,778,0866d32793ac36464074f10e3f71a1db1373772c6362f34d2a0435895dd329c3
puppy jumping,pinterest,https://i.pinimg.com/originals/bd/10/47/bd10477f645c7185f9fa5d5f3ef2f43a.jpg,dataset/images/puppy_jumping/0025_8360978c928d.jpg,828,1018,8360978c928d004f9bb9804a7c64531dac97812d78f1b85b9ac965108047ae01
puppy jumping,pinterest,https://i.pinimg.com/originals/bc/24/86/bc2486954cf7846aaa5e429d05c10d57.jpg,dataset/images/puppy_jumping/0026_2205d79cb645.jpg,1300,956,2205d79cb6450a96faacddcfed680f5204f94a45f21395058302f1cbd5138196
puppy jumping,pinterest,https://i.pinimg.com/originals/49/7b/15/497b154cdb8a7dc8d7bf429ddea7d77f.jpg,dataset/images/puppy_jumping/0027_911903fedb59.jpg,470,717,911903fedb59c96c8382a3ceb0ce3d068cb92db78b691b985a46506f75c4d375
puppy jumping,pinterest,https://i.pinimg.com/originals/95/63/ae/9563ae1698c90fb8fc368b3149bd2478.jpg,dataset/images/puppy_jumping/0028_abf28fc464cd.jpg,600,600,abf28fc464cd5277fbd72315339b5931d12206ee33df2e2e8068a97bf1e6bdbf
puppy jumping,pinterest,https://i.pinimg.com/originals/21/ce/b4/21ceb47c0057140c9c928a7761f00ae2.jpg,dataset/images/puppy_jumping/0029_0201e1b2e294.jpg,525,787,0201e1b2e2942289807185e45d6eddc100784ee5b74fc79a87ecac1df97f1acb
puppy jumping,pinterest,https://i.pinimg.com/originals/e5/be/f0/e5bef03c0cba86ed7529bbed816a0046.jpg,dataset/images/puppy_jumping/0030_4d97c2a9e808.jpg,738,415,4d97c2a9e80876db504179b39256e4d230c288450ab7b857e773235c91385296
puppy sleeping,pinterest,https://i.pinimg.com/originals/f9/89/5d/f9895d99e69e115d45ab28651db999e6.jpg,dataset/images/puppy_sleeping/0001_1ec8d5067169.jpg,720,825,1ec8d5067169a80243a1c97960dbe3b7b8215e6dd979b6b9316e2ca47b87aa1f
puppy sleeping,pinterest,https://i.pinimg.com/originals/67/d0/bf/67d0bfdf24ab6103d7876695e35c0325.jpg,dataset/images/puppy_sleeping/0002_8387eab21ba5.jpg,1080,1080,8387eab21ba5149b23b08f8bcefe077a2663b45c70256f9d46d8a444911fd026
puppy sleeping,pinterest,https://i.pinimg.com/originals/23/fe/71/23fe7117d4e81b6c8a8b5c4cfb16ba12.jpg,dataset/images/puppy_sleeping/0003_19d8ae4f2bce.jpg,612,612,19d8ae4f2bce2abba5d81525d63af22d26e67971736c625e7b8dc357b9c35e2d
puppy sleeping,pinterest,https://i.pinimg.com/originals/dc/d1/fc/dcd1fce39150284e09b1f58ae213346b.jpg,dataset/images/puppy_sleeping/0004_9f42a1cf7572.jpg,604,453,9f42a1cf7572dfe11dbbce67ea8cf8e2bc48bbb747016a2728f5813724d137aa
puppy sleeping,pinterest,https://i.pinimg.com/originals/8d/c9/d1/8dc9d106ddfb78aafaf259002e959f66.jpg,dataset/images/puppy_sleeping/0005_49ad93e6f9d6.jpg,1080,1080,49ad93e6f9d6ab5465ce1ba9d9018571be65c3beb4dceb9090b251783b6519dd
puppy sleeping,pinterest,https://i.pinimg.com/originals/94/40/0c/94400c4c51ed369fb6de034467e027d2.jpg,dataset/images/puppy_sleeping/0006_655237703f00.jpg,736,491,655237703f00f8bb8ccca3db513dd180cc776a76d4e2a2b562b078e5e1af15ec
puppy sleeping,pinterest,https://i.pinimg.com/originals/f0/91/9d/f0919db91247b82e666e10a1b53dce86.jpg,dataset/images/puppy_sleeping/0007_e1216dd448d4.jpg,735,894,e1216dd448d4a00a987a2ac29d67d2c964687e7272e8383f2435e9cd5d2e3846
puppy sleeping,pinterest,https://i.pinimg.com/originals/b6/7b/33/b67b332eda0787922ca406683cfdb8aa.jpg,dataset/images/puppy_sleeping/0008_474538c6e6a2.jpg,736,971,474538c6e6a247f810cfb287b16b35f7c801493891dd9314029bdeed934127c7
puppy sleeping,pinterest,https://i.pinimg.com/originals/67/ab/79/67ab79334529813949b6327a02535ce1.jpg,dataset/images/puppy_sleeping/0009_3897b87bf4d2.jpg,540,720,3897b87bf4d2b3f358459cb5a05b5e6196c43b77f04d14aa07e9fbed91729a5d
puppy sleeping,pinterest,https://i.pinimg.com/originals/75/e0/34/75e034e03c913edaeb56263a962793f7.jpg,dataset/images/puppy_sleeping/0010_de611738e4a5.jpg,375,666,de611738e4a5bd82c2c37bcea04bf0466808ee5ba01c452f9cf47c1f67e36f17
puppy sleeping,pinterest,https://i.pinimg.com/originals/61/a5/ae/61a5ae57a3fae47a8e27dc8b675e4fea.jpg,dataset/images/puppy_sleeping/0011_26ba4d75211a.jpg,780,833,26ba4d75211ad6e0d65fa3a0263536671507b9dfa753e08b6b0bd0b5b5a5f16d
puppy sleeping,pinterest,https://i.pinimg.com/originals/a7/66/f0/a766f0647574566d6ea892cbe2199b06.jpg,dataset/images/puppy_sleeping/0012_5ba036c596e5.jpg,720,720,5ba036c596e5dea83316e7a7818e2b51aafc316d46b4ddddd6a7270b82c2c004
puppy sleeping,pinterest,https://i.pinimg.com/originals/37/3c/c4/373cc41f0581e0a292d434321240b1c7.jpg,dataset/images/puppy_sleeping/0013_abe04675dd14.jpg,640,640,abe04675dd14f87b1bba3c7d3d062a76529be01626a0fe9cbc2dc3c61f3cef44
puppy sleeping,pinterest,https://i.pinimg.com/originals/1a/48/8a/1a488a1a7671ee485088a6c5ff554af0.jpg,dataset/images/puppy_sleeping/0014_ddeccf40b8aa.jpg,1200,1600,ddeccf40b8aad14d116a1c1219143a0a788937e4439a7b33bf4b2a38ffc0fbd4
puppy sleeping,pinterest,https://i.pinimg.com/originals/2d/c7/e0/2dc7e0322e5f4d7567c239b05c96b53f.jpg,dataset/images/puppy_sleeping/0015_26013137f32b.jpg,1200,675,26013137f32b7fbb6a9eec152c386f686b0107d51c8cb264b69cd1c08d95381f
puppy sleeping,pinterest,https://i.pinimg.com/originals/71/82/96/718296e89eadb83c8182d8418e2aff91.jpg,dataset/images/puppy_sleeping/0016_02b4fa3e5b41.jpg,1136,852,02b4fa3e5b41a4ccaa1d709e626f206d411a17e37f41d243ba5c0d0185bab7ba
puppy sleeping,pinterest,https://i.pinimg.com/originals/64/9c/95/649c959f2a6e9b13e44f85a0287e927e.jpg,dataset/images/puppy_sleeping/0017_02eb08f333b2.jpg,564,421,02eb08f333b26fc72dab0d3ebc12fd024f97c98001f4921d319a8c123ee4d97e
puppy sleeping,pinterest,https://i.pinimg.com/originals/0b/9f/3d/0b9f3dcba98417ff22b954f23110ee9b.jpg,dataset/images/puppy_sleeping/0018_f128905d5996.jpg,828,608,f128905d5996c5efd4c3553dfcaa88a05c0127c13da8f021842b208b98d1045f
puppy sleeping,pinterest,https://i.pinimg.com/originals/ec/c1/05/ecc1057f57dd6012732d9c3884d2130c.jpg,dataset/images/puppy_sleeping/0019_6155721ca039.jpg,736,1075,6155721ca039f17247640ac8b18a06b86fc18289bd801db95d3bbbb4ff366a68
puppy sleeping,pinterest,https://i.pinimg.com/originals/0f/af/a8/0fafa8c8c57cda47d88a6eca8e2b9986.jpg,dataset/images/puppy_sleeping/0020_c89e85f0d111.jpg,736,1030,c89e85f0d111b47cc86a5da98bc9132103059fce410589fd2f2c9ae45c5ea20a
puppy sleeping,pinterest,https://i.pinimg.com/originals/10/d6/93/10d69346b82484d85bc1d99d8811173c.jpg,dataset/images/puppy_sleeping/0021_4e86c2ed92ea.jpg,625,415,4e86c2ed92eaf74f047d1b1e21ab89adc57a3acacfd629d1dbc52685d622d50b
puppy sleeping,pinterest,https://i.pinimg.com/originals/46/a2/f3/46a2f3ebedb3959261c788e37a23ac8e.jpg,dataset/images/puppy_sleeping/0022_7641a5c6043b.jpg,1000,750,7641a5c6043b3f5ccecb7dd575ae33292b57981482603acd68c114c6b5d1cbe5
puppy sleeping,pinterest,https://i.pinimg.com/originals/97/0d/35/970d356446fd8bc2eb9d1c915aa59f47.jpg,dataset/images/puppy_sleeping/0023_7c3db590b51d.jpg,576,720,7c3db590b51ddcb30eda6b626757952a4d07c9e3e9cf4585f77f977749a00a06
puppy sleeping,pinterest,https://i.pinimg.com/originals/66/e5/12/66e5128e7ea5e300701c3e0668fb0199.jpg,dataset/images/puppy_sleeping/0024_e946aaf8dda5.jpg,1536,2048,e946aaf8dda573c61ed66b496a026dc8b9b17288e15053b6e991ff3618a33414
puppy sleeping,pinterest,https://i.pinimg.com/originals/79/ea/56/79ea5662489f4af13e6d635c4ba0f6ab.jpg,dataset/images/puppy_sleeping/0025_56bca3f2314b.jpg,768,960,56bca3f2314bbea4781184856124ec1fddcb70b135b91c36dd679b25af3fabb3
puppy sleeping,pinterest,https://i.pinimg.com/originals/7c/37/c4/7c37c47b473bfc6de15738503996c76c.jpg,dataset/images/puppy_sleeping/0026_44cf028e8a99.jpg,564,846,44cf028e8a99f3590450c777cf60777cc10877dc55e76173d1ac4bc3e1d51795
puppy sleeping,pinterest,https://i.pinimg.com/originals/96/6f/d5/966fd5412972b1a668777629f3fd8b7b.jpg,dataset/images/puppy_sleeping/0027_a5fc5443201a.jpg,736,920,a5fc5443201a6297aed8a98b57190706427220c198614872ad4ab423497b051f
puppy sleeping,pinterest,https://i.pinimg.com/originals/a1/0c/86/a10c86add5116ef9a8218062e53f4b57.jpg,dataset/images/puppy_sleeping/0028_a0e8e6d35234.jpg,640,480,a0e8e6d352347d7ed19bbf3a9d25841a80ab4951d6172c2b4f4ba32aef49a84b
puppy sleeping,pinterest,https://i.pinimg.com/originals/1a/f3/5e/1af35e095fa684c72bd1171f2a180866.jpg,dataset/images/puppy_sleeping/0029_6d5050847e48.jpg,640,640,6d5050847e4804706fc52420e2874b06753f5aa30991b6314ad0e19ef663f173
puppy sleeping,pinterest,https://i.pinimg.com/originals/ea/34/7a/ea347a295919ec22cd8cbef436fa1220.jpg,dataset/images/puppy_sleeping/0030_22e000c2f482.jpg,735,728,22e000c2f482d5236398dcdb85d3fa9447bca6284fb430a622be29e37d8c3384
puppy waking up,pinterest,https://i.pinimg.com/originals/36/a3/40/36a3409c94cda67c3c25c90fa1e8edf8.jpg,dataset/images/puppy_waking_up/0001_f0c8bfb8cbef.jpg,1179,1482,f0c8bfb8cbef561ba8cd9a19ae11c12fa5f9721c54c07c518314e148b2429beb
puppy waking up,pinterest,https://i.pinimg.com/originals/52/fc/ea/52fcea3eff7ae649e5ba9fb69c21b8f2.jpg,dataset/images/puppy_waking_up/0002_c69c6500977c.jpg,3024,4032,c69c6500977cb2c8493115c8477f13acef1889a5021dd6918dd73f0ebc4a974c
puppy waking up,pinterest,https://i.pinimg.com/originals/1a/7e/57/1a7e57b401188b79b4f4942a8ac2d595.jpg,dataset/images/puppy_waking_up/0003_c92c68beb8ec.jpg,872,1200,c92c68beb8ec320903cac9826de2bddf51843755833738b4564a58ae60eb1481
puppy waking up,pinterest,https://i.pinimg.com/originals/4d/58/a9/4d58a969ac8bebbacc167f6dce772170.jpg,dataset/images/puppy_waking_up/0004_5644cd5f9f67.jpg,1600,1200,5644cd5f9f67f8744a0b0f52a99d3d5d57a4167c02154993b8b32b35147d5f7c
puppy waking up,pinterest,https://i.pinimg.com/originals/e9/4b/2a/e94b2a20e2acd7067e7e1e6f5ec06a42.jpg,dataset/images/puppy_waking_up/0005_706c4693e03e.jpg,564,686,706c4693e03eb6b3eacb9bf4c4a184e6480e55b421e4b627009e6fdbdd0bfe69
puppy waking up,pinterest,https://i.pinimg.com/originals/06/02/9f/06029f4c2bbeef2ae10ce2553e24295a.jpg,dataset/images/puppy_waking_up/0006_f0cd7c4908ad.jpg,736,736,f0cd7c4908adbc23f22dc8271344fd8a880a908ab7397423ab3c5033c61b909d
puppy waking up,pinterest,https://i.pinimg.com/originals/40/22/dd/4022ddc6129ad58fc631ba3f17c372a1.jpg,dataset/images/puppy_waking_up/0007_d73542c0f831.jpg,720,1280,d73542c0f831b446160b22052667bdd4490ea65d17f0e25f430f5c8908552964
puppy waking up,pinterest,https://i.pinimg.com/originals/af/0b/bb/af0bbb09aa83a5e8bb23ff2e1bbbe723.jpg,dataset/images/puppy_waking_up/0008_6f14f5e0e224.jpg,1179,1158,6f14f5e0e2242df360d794342d301a6de0c54d91de196c1d9323a6251d8f2101
puppy waking up,pinterest,https://i.pinimg.com/originals/c0/b9/5c/c0b95ce5a53fc4943c5e269041ab49cc.jpg,dataset/images/puppy_waking_up/0009_d9aa8424e806.jpg,360,640,d9aa8424e80620692d2e19389632a10929e9b2406794581e3c5b4375a0f4b000
puppy waking up,pinterest,https://i.pinimg.com/originals/c9/f8/be/c9f8bec0091ece7d7d884f9c1e344a16.jpg,dataset/images/puppy_waking_up/0010_8a83e1f57b08.jpg,600,800,8a83e1f57b0848f44db38b46c706a390302e50aef22128b62b6a3eed9e08912c
puppy waking up,pinterest,https://i.pinimg.com/originals/c2/48/95/c24895abbc425cce079f260ed215dbfb.jpg,dataset/images/puppy_waking_up/0011_b1dd3dea6f11.jpg,640,800,b1dd3dea6f11a29121580569816c238b80b58d3abc3b17897dc7f0efe8e9b502
puppy waking up,pinterest,https://i.pinimg.com/originals/30/7b/f1/307bf132db14a512bfa84da072e7b90e.jpg,dataset/images/puppy_waking_up/0012_b7778a49c141.jpg,1080,1080,b7778a49c1413e95391fbaa1df451c17d12498997dd719612cbfa70ae2c63d94
puppy waking up,pinterest,https://i.pinimg.com/originals/50/a9/54/50a9548dba7639078779318732d12395.jpg,dataset/images/puppy_waking_up/0013_c74e3df1989e.jpg,898,1598,c74e3df1989e53d3fde339de55c88c03b202e4ba64e4447e9c6822296991a5eb
puppy waking up,pinterest,https://i.pinimg.com/originals/36/d2/eb/36d2ebf32db1fea93069fabb41c50d79.jpg,dataset/images/puppy_waking_up/0014_b75aa3328fe5.jpg,612,501,b75aa3328fe51cb00eb8ee7b3af50f2fc085e7c5e19a3e583a040fb62e58cba0
puppy waking up,pinterest,https://i.pinimg.com/originals/72/8b/62/728b62e20bea912643823eee87329291.jpg,dataset/images/puppy_waking_up/0015_171ea8956805.jpg,359,479,171ea895680595b46bf1c93dd65e7cea17b999ac0847313dc3cc61bf3dce94d2
puppy waking up,pinterest,https://i.pinimg.com/originals/58/fa/76/58fa7602faedf3a4a0d9201b35284fb2.jpg,dataset/images/puppy_waking_up/0016_97c83b2f8ba3.jpg,320,568,97c83b2f8ba31cda744b821fffb6399b264d7fb8e939815aef3d32b815a957e7
puppy waking up,pinterest,https://i.pinimg.com/originals/69/27/91/692791c9e4a015a6031982307e107fe6.jpg,dataset/images/puppy_waking_up/0017_277a7b3994ac.jpg,720,1520,277a7b3994acaec3bc60899bed8ff1fb26a2ff807b7d4834eb020b79e1136104
puppy waking up,pinterest,https://i.pinimg.com/originals/28/3a/7d/283a7d94becf731b71806e8240e33c39.jpg,dataset/images/puppy_waking_up/0018_ebbc6c517f2a.jpg,361,480,ebbc6c517f2ab41f4e8f1c59e99e3fe96f0e419911e8723881aad9aa122a95e2
puppy waking up,pinterest,https://i.pinimg.com/originals/0e/41/30/0e4130f7ab134bb94061ceb83a6101eb.jpg,dataset/images/puppy_waking_up/0019_d78ad6932a26.jpg,720,900,d78ad6932a26d00a74473943dd667caa736f98b8d9e69a686b30ab9aeade7b7c
puppy waking up,pinterest,https://i.pinimg.com/originals/4e/27/a2/4e27a2b3123c2ddde9872375a9ac200e.jpg,dataset/images/puppy_waking_up/0020_7fa2e51737c4.jpg,719,849,7fa2e51737c4f61a41c8cc7bdda89c6d9577e0a76b3ee526cf41ae21dc537ea9
puppy waking up,pinterest,https://i.pinimg.com/originals/fb/ac/e3/fbace3f9d4618e4afd088a0af8722379.jpg,dataset/images/puppy_waking_up/0021_2e49950c40fc.jpg,903,1606,2e49950c40fcbc1d361dc151a0343386f0bcd2cfc6a670fd75a4aa1059920274
puppy waking up,pinterest,https://i.pinimg.com/originals/5e/52/7e/5e527e037d3726737a93429049cc6864.jpg,dataset/images/puppy_waking_up/0022_8c0801122146.jpg,1011,1200,8c08011221465bd34e6f1884540e0143024d40bc36ed57480ae671d2b784d43b
puppy waking up,pinterest,https://i.pinimg.com/originals/9c/2f/ef/9c2fefa340da06f85e7b883f08f35019.jpg,dataset/images/puppy_waking_up/0023_f5d983c65fe9.jpg,770,792,f5d983c65fe9e6353e3b748a738091b30c6dae09b55d7c59f978a9db25372def
puppy waking up,pinterest,https://i.pinimg.com/originals/07/77/dc/0777dc910690bb30c0676a495244e384.jpg,dataset/images/puppy_waking_up/0024_d7d44f41f0f4.jpg,1200,1600,d7d44f41f0f4d133d4fae9bab58aba1861f5013d07b099d2c4ff0836a4366e83
puppy waking up,pinterest,https://i.pinimg.com/originals/45/d2/3f/45d23fd3a8b432b35b0edf122496549f.jpg,dataset/images/puppy_waking_up/0025_fa076e02b47e.jpg,768,1344,fa076e02b47e96cf8a73962b40302e7561c2983f3334f7b5f26cd60549edcfc2
puppy waking up,pinterest,https://i.pinimg.com/originals/7d/83/94/7d839475a17b6b3a97c80143b42934e5.jpg,dataset/images/puppy_waking_up/0026_545b6e3b7a1f.jpg,587,552,545b6e3b7a1f7239c42d13015dfd817cef12c950d2db5e5bfe0014b8d2139985
puppy waking up,pinterest,https://i.pinimg.com/originals/45/c9/23/45c923c507716d501ffc9d3bc7d29eac.jpg,dataset/images/puppy_waking_up/0027_cedf860cc5b1.jpg,1080,1080,cedf860cc5b131e34af9b52dbf41443f1351d9ebc58b2c31f2fb099637a6e687
puppy waking up,pinterest,https://i.pinimg.com/originals/e8/ce/93/e8ce936288c9036903932e0497002803.jpg,dataset/images/puppy_waking_up/0028_9b5b58ae0609.jpg,750,835,9b5b58ae0609e3377784bc84cd54137a0e828cd6d93177221336835586500613
puppy waking up,pinterest,https://i.pinimg.com/originals/62/00/3d/62003d97fed8176974673238c0cc21a4.webp,dataset/images/puppy_waking_up/0029_975a46606c17.jpg,736,727,975a46606c17782f0604e660c8598e01404640ac0adc9bdac420ff02ac8f5eba
puppy waking up,pinterest,https://i.pinimg.com/originals/07/2d/1f/072d1f579abaa12eeef6e51d88bb6a13.jpg,dataset/images/puppy_waking_up/0030_414667400145.jpg,760,766,414667400145c5a9b9f7aed6ceae9eef8caae434636f3dd431252694bb8dc471
puppy eating,pinterest,https://i.pinimg.com/originals/b2/07/80/b2078079946b067a992304a56d51f133.jpg,dataset/images/puppy_eating/0001_6297fc69e984.jpg,1024,1024,6297fc69e9842a5c13ac685bdc6110cc68c242ab2cd1a034122ada7fe89ba40d
puppy eating,pinterest,https://i.pinimg.com/originals/5b/60/19/5b60196b2cd8b62d1513e19634df42a3.jpg,dataset/images/puppy_eating/0002_9c82c8c03b74.jpg,500,666,9c82c8c03b746ace07ff6c1c60c1cbceeecc32f271d79678f024cc8ee6dee6b0
puppy eating,pinterest,https://i.pinimg.com/originals/1b/91/99/1b919910cef97e00d1d6aa1ae3f66287.jpg,dataset/images/puppy_eating/0003_8d31526248cd.jpg,736,721,8d31526248cd45a034b49eac11f2f799ee141306622cbb7265d0e55c0294c57a
puppy eating,pinterest,https://i.pinimg.com/originals/cd/df/53/cddf53aa33cbc2318470c453b198a998.jpg,dataset/images/puppy_eating/0004_de89ac877b83.jpg,1824,1376,de89ac877b83497f7d8d0773351fbdda3aee6372b7a8c428db7d5ad7d5556c71
puppy eating,pinterest,https://i.pinimg.com/originals/98/35/63/983563247b2b0bd644eff938ed847188.jpg,dataset/images/puppy_eating/0005_62968882ebac.jpg,625,833,62968882ebacabe36d4ed13db10893b1797401e5d54e6b89ec604a45b1c76918
puppy eating,pinterest,https://i.pinimg.com/originals/49/15/d4/4915d4e2e21463211d4bd1b59ca2e7d9.jpg,dataset/images/puppy_eating/0006_55873316a1d1.jpg,384,480,55873316a1d131b28260d549805614251004984adf87a41b66b702a8c181859b
puppy eating,pinterest,https://i.pinimg.com/originals/3c/83/70/3c837000022f190d014d4194de0ec7e0.jpg,dataset/images/puppy_eating/0007_faae57d95703.jpg,937,1666,faae57d9570375f07a925fd6cc2ea314206c555efb342439ae8ffea1ee0f0969
puppy eating,pinterest,https://i.pinimg.com/originals/2c/6f/6c/2c6f6c8446cf9c564ddd4f295734d9a8.jpg,dataset/images/puppy_eating/0008_c67037f313a4.jpg,747,1328,c67037f313a47af6888e2015745d9234e089503488b29c9aef89be3534a7df56
puppy eating,pinterest,https://i.pinimg.com/originals/0a/f3/3e/0af33ec425e2528b0d190aa3a6aef37f.jpg,dataset/images/puppy_eating/0009_2561e6f7f355.jpg,2000,1333,2561e6f7f3559791c10410050aa8921f8356cae2877f33444f40b4e39672b916
puppy eating,pinterest,https://i.pinimg.com/originals/0e/a9/9c/0ea99c4f95b8882bea5088338bbb3087.jpg,dataset/images/puppy_eating/0010_67b83899faf6.jpg,1080,1350,67b83899faf6290d29cac7ae8c1113d22a9f1f2f2e214d72768f2c4355af4127
puppy eating,pinterest,https://i.pinimg.com/originals/23/46/e6/2346e6db6da845999cf90b703db69da3.jpg,dataset/images/puppy_eating/0011_2f87ae65aa67.jpg,1200,1200,2f87ae65aa67c80828b61c4e06837ab2b95df79c433ba806c845f56a2e9dd38b
puppy eating,pinterest,https://i.pinimg.com/originals/26/18/38/261838ea094c7319a60b850a2bb70394.jpg,dataset/images/puppy_eating/0012_aa689ac5a744.jpg,866,1540,aa689ac5a744269306ac6091f850efcd9088b46139538503f75118771fef0fce
puppy eating,pinterest,https://i.pinimg.com/originals/00/70/a8/0070a8b606709f25344a7e18467a8ad0.jpg,dataset/images/puppy_eating/0013_65b2da914ecf.jpg,720,1280,65b2da914ecf1b4e98c88a889bd5e298ef6f5cc4bae126cf5b30a657c718ed65
puppy eating,pinterest,https://i.pinimg.com/originals/11/c2/5a/11c25af741d4551a169d3c4e991ea600.jpg,dataset/images/puppy_eating/0014_52c8e3432e42.jpg,1000,1500,52c8e3432e4227a0418938bd5b2205b0c6757f19b22ff52cb1065ad84378a54b
puppy eating,pinterest,https://i.pinimg.com/originals/30/66/7c/30667cffbda07c7cb634851c1a3b1144.jpg,dataset/images/puppy_eating/0015_ff1324eb53bb.jpg,1280,1280,ff1324eb53bb1bca28941d7ec24fae1bbc14a6c8cb2c7f0d7f129fd8acdd6395
puppy eating,pinterest,https://i.pinimg.com/originals/c0/8f/6a/c08f6aad6df682e369d628882bfa6f6b.jpg,dataset/images/puppy_eating/0016_eb03b5e2484a.jpg,840,1264,eb03b5e2484a19daaf05ed47a9555976d655058e0db84bf5ee77405aa310ca81
puppy eating,pinterest,https://i.pinimg.com/originals/5d/15/0e/5d150e085cd94d1a29c034da918a7cc6.jpg,dataset/images/puppy_eating/0017_36f4d340fd01.jpg,500,609,36f4d340fd01bb884c8316b2be01ec31235f10d9223f5557755c18a8cf00fc22
puppy eating,pinterest,https://i.pinimg.com/originals/d2/ee/ae/d2eeae2a5610ff215cbc376b6b690093.jpg,dataset/images/puppy_eating/0018_07dbdaa08ea2.jpg,720,1280,07dbdaa08ea2c0c6678ca98036c72fcaa2875e07e35ec78d031142e28312792a
puppy eating,pinterest,https://i.pinimg.com/originals/e3/64/0e/e3640e388e9a428eb7fbcd89d149fd8c.jpg,dataset/images/puppy_eating/0019_bf2cf1712ef0.jpg,1000,1500,bf2cf1712ef0b8cd0278d6bc8ded291a54df56bae8b71a664dbd6e9743e05794
puppy eating,pinterest,https://i.pinimg.com/originals/b7/a9/29/b7a92905e61968d907536312a427946d.jpg,dataset/images/puppy_eating/0020_8069558d79d0.jpg,999,666,8069558d79d0053c1e63580f2d170e7f296ca279669ff1aff22cfa02140e7a74
puppy eating,pinterest,https://i.pinimg.com/originals/f0/39/5c/f0395cb858f899d7a11f0705e17f0d26.jpg,dataset/images/puppy_eating/0021_b1191b8f691d.jpg,576,1024,b1191b8f691d3d103f27551f98d7e031b5eb26c23ec777da6ec1aa327304e2a6
puppy eating,pinterest,https://i.pinimg.com/originals/d1/aa/68/d1aa68d219994dcf9ab2bf0152c0ed8a.jpg,dataset/images/puppy_eating/0022_187572a230d3.jpg,1080,1920,187572a230d32cdb5b224cd5688f1780d0cf82a10fdb066d4e0b1195213a1d47
puppy eating,pinterest,https://i.pinimg.com/originals/d2/57/31/d257313c1dc029e17f351e24f498c4e7.jpg,dataset/images/puppy_eating/0023_1b8d86cbe474.jpg,736,736,1b8d86cbe4741a0d479948cca7ee2da359127e7d2a938b20e9f3db32029182fa
puppy eating,pinterest,https://i.pinimg.com/originals/81/06/64/810664acea9f64a451d4ee5f1ddc83ea.jpg,dataset/images/puppy_eating/0024_fb5604ef93f8.jpg,960,913,fb5604ef93f8409af556e70a97db2314315de96646d7c988ddd65bdad3484fee
puppy eating,pinterest,https://i.pinimg.com/originals/c5/11/11/c5111103b02d693a65d1e409b60212a9.jpg,dataset/images/puppy_eating/0025_210423adccc1.jpg,1178,1329,210423adccc1c5e05886a414fe6973c14ed6cf9996e734881613942d1840b0cb
puppy eating,pinterest,https://i.pinimg.com/originals/1d/c5/4e/1dc54e2fa7c60644ebad079d4f71b30f.jpg,dataset/images/puppy_eating/0026_3f15d5bea661.jpg,640,640,3f15d5bea66187a914c1a125b8e972404864d82d06b61bcddd09fb741f4196b7
puppy eating,pinterest,https://i.pinimg.com/originals/b3/5c/76/b35c76148691ed7abea66536dc1e7748.jpg,dataset/images/puppy_eating/0027_96981ed1c011.jpg,718,1280,96981ed1c0117a4f376e20f0d221b142262572f1f296679e3d69dde58de31f57
puppy eating,pinterest,https://i.pinimg.com/originals/da/e5/64/dae564136db087e3a4dabc0dacc01f5e.jpg,dataset/images/puppy_eating/0028_fc226999bbfa.jpg,5071,7099,fc226999bbfa1f5b8aaa147fa30fdf0c732e1400726bd09451e3bd32b5505aee
puppy eating,pinterest,https://i.pinimg.com/originals/73/1f/7f/731f7f49f438b028cb25ba57a7cf5a72.jpg,dataset/images/puppy_eating/0029_e6efa9a2212b.jpg,675,1200,e6efa9a2212b4f5d467029f3831da964b6a8f93f42086aef663dfb3c1c97c777
puppy eating,pinterest,https://i.pinimg.com/originals/5b/98/7c/5b987c2b3be60a17407297727b7996ed.jpg,dataset/images/puppy_eating/0030_5411bc51fdda.jpg,1024,1280,5411bc51fdda2dc6cee55c9c60bf87789bcc4b8690971a1044f0005af16a8b96
puppy drinking water,pinterest,https://i.pinimg.com/originals/2b/0f/d9/2b0fd9272fdfaf3112bb44a92e405348.jpg,dataset/images/puppy_drinking_water/0001_3671dca0db09.jpg,750,500,3671dca0db094924b3b2f9c613b915bd42e8d0953c143c297354bc7720a7dcd5
puppy drinking water,pinterest,https://i.pinimg.com/originals/30/00/f9/3000f9e3cf46a630939676b32fb639ba.jpg,dataset/images/puppy_drinking_water/0002_abfd783c2bd9.jpg,600,900,abfd783c2bd9cb5ffc9c8abf1b6a5782b92f9136393672ab5bfe1aca7dc66c7f
puppy drinking water,pinterest,https://i.pinimg.com/originals/9f/78/41/9f7841d824c0fbee550638e07e102e8d.jpg,dataset/images/puppy_drinking_water/0003_875046b1d10c.jpg,640,960,875046b1d10cd4886842a3048edc1efd8550c0f437d7955cb53b5f1985aecf0c
puppy drinking water,pinterest,https://i.pinimg.com/originals/3a/99/d7/3a99d7088fc8fbd487390988c5049b7e.jpg,dataset/images/puppy_drinking_water/0004_77ff5309112e.jpg,800,600,77ff5309112eb2c8bfa6fa688e56e8472c9f61341aabe2548a6e2180e2fe33d6
puppy drinking water,pinterest,https://i.pinimg.com/originals/57/f6/4f/57f64f5b968244159337cd84f636a923.jpg,dataset/images/puppy_drinking_water/0005_098de4c55580.jpg,720,960,098de4c555804973f14bb0252e8941fd100cbb08534277be89dbcd540afc6a83
puppy drinking water,pinterest,https://i.pinimg.com/originals/0e/e5/13/0ee513289b0f98d9c06bbe7e97ca3558.jpg,dataset/images/puppy_drinking_water/0006_54f531a26e46.jpg,1080,1633,54f531a26e4659661bc65e03a5d7d87f08a7a0f8ee37c3357562e0a4ef02b150
puppy drinking water,pinterest,https://i.pinimg.com/originals/93/82/fa/9382fac4b940ec3f7c7ea614eff19c38.jpg,dataset/images/puppy_drinking_water/0007_6f0d49bc623b.jpg,539,539,6f0d49bc623b9ccf33091683e7e5d70c902028f1df9d29faccf8b83c65b26bf3
puppy drinking water,pinterest,https://i.pinimg.com/videos/thumbnails/originals/cb/9b/3f/cb9b3fa359b85b7d517345ae99c45637.0000000.jpg,dataset/images/puppy_drinking_water/0008_a056be3feec0.jpg,720,894,a056be3feec0d6f4bba37b4c724b825e475dc3ceb2916f0c2d58a993ac55d012
puppy drinking water,pinterest,https://i.pinimg.com/originals/5f/0f/fc/5f0ffceac66a0d94d3970762956e18ce.jpg,dataset/images/puppy_drinking_water/0009_fc7334cbb3e8.jpg,2100,1400,fc7334cbb3e897eb7ca788dbc3c4763845a638a9b522d6c03b1485614cccb558
puppy drinking water,pinterest,https://i.pinimg.com/videos/thumbnails/originals/78/7f/8a/787f8a8f9c336cf30977dd4bc1bfd01b.0000000.jpg,dataset/images/puppy_drinking_water/0010_7fe33f0cb1be.jpg,720,894,7fe33f0cb1be2a01cf96e7f93f11ee5f3725aeb9f704ae8ee295ca5a5f159954
puppy drinking water,pinterest,https://i.pinimg.com/originals/ba/3f/17/ba3f17532288ea520fabe8eec7babc22.jpg,dataset/images/puppy_drinking_water/0011_f6bd92da103c.jpg,720,894,f6bd92da103cb8d68d5f5c16134ee97e7d40fdeb96d0f4e5510569f9f76be399
puppy drinking water,pinterest,https://i.pinimg.com/originals/8e/bc/5b/8ebc5b9844ab41a7b2329097f18a07df.jpg,dataset/images/puppy_drinking_water/0012_3189dc8ad22b.jpg,720,894,3189dc8ad22b080801aacc065d79d6b0bd322189584b4782c49769f1301514fb
puppy drinking water,pinterest,https://i.pinimg.com/originals/d6/a6/60/d6a66004f2cc397a87b7f8e40c546827.jpg,dataset/images/puppy_drinking_water/0013_73f6c12ea711.jpg,720,894,73f6c12ea7113bf3b4ac90efa13a7db60ae623140f1ff92adbcaf66977890d03
puppy drinking water,pinterest,https://i.pinimg.com/originals/0b/30/f1/0b30f11ae53a622e6b85541f3311bae2.jpg,dataset/images/puppy_drinking_water/0014_ab2f23a1f659.jpg,720,894,ab2f23a1f6592320b3d3347728613018d5ed3845142471be5d4f523795447e8a
puppy drinking water,pinterest,https://i.pinimg.com/originals/f2/d9/f8/f2d9f864ca0cdbd2b03b26d34ac08fc6.jpg,dataset/images/puppy_drinking_water/0015_a4b802a02754.jpg,720,894,a4b802a02754880989d6ad51b4c373505ed20bef24495afef4283ca7490bfa68
puppy drinking water,pinterest,https://i.pinimg.com/videos/thumbnails/originals/bf/28/18/bf2818e6db98f3ed249e8063f733376a.0000000.jpg,dataset/images/puppy_drinking_water/0016_327fb0d2961a.jpg,716,890,327fb0d2961a59b8ad3b10b3752761cf1074f1448f3764a180a21ec446e43215
puppy drinking water,pinterest,https://i.pinimg.com/videos/thumbnails/originals/a5/3c/a2/a53ca261d940ad5242676006ba6ebf80.0000000.jpg,dataset/images/puppy_drinking_water/0017_de7ee8464f51.jpg,720,894,de7ee8464f51465891619bf9f0d0169766262fa3d89b067b5f5d787ff7d90fc9
puppy drinking water,pinterest,https://i.pinimg.com/originals/e2/63/0f/e2630f562f7ceead82b24501790437ad.jpg,dataset/images/puppy_drinking_water/0018_db575dff086f.jpg,1080,1839,db575dff086fbada777e38141dea9d617e91f0ddf411d6e7c83248195e53c29a
puppy drinking water,pinterest,https://i.pinimg.com/originals/ec/ef/d9/ecefd962bd781d23ae69da09588e5c86.jpg,dataset/images/puppy_drinking_water/0019_5df887994fb1.jpg,736,1104,5df887994fb17d7f0e162b22022bf01a25c76979f49678cda9804db075720874
puppy drinking water,pinterest,https://i.pinimg.com/originals/56/7c/c1/567cc1e28cc1ebba7e63c65e9c2efcad.jpg,dataset/images/puppy_drinking_water/0020_bb56f215b1ed.jpg,2848,4288,bb56f215b1edf2cf8b7a17bc886d1861fa95695697b231704fe85ec72459a993
puppy drinking water,pinterest,https://i.pinimg.com/originals/6c/12/f2/6c12f28b00a76928bc88874224ec7c6c.jpg,dataset/images/puppy_drinking_water/0021_0d8406e697df.jpg,1080,1920,0d8406e697dfa1dfe4a6a0d77013fd324d3bfd54515f4f429a937df4fd1d0670
puppy drinking water,pinterest,https://i.pinimg.com/originals/d4/ef/b0/d4efb073d565aeb90db9c8cf7c76264b.jpg,dataset/images/puppy_drinking_water/0022_1ade27bd8efd.jpg,500,721,1ade27bd8efd9d3a255eb8b92dd084757002504c6b504f4467d7bb3cfe2f1691
puppy drinking water,pinterest,https://i.pinimg.com/originals/ab/28/9c/ab289cfa4254899e51f4517f6ce4f005.jpg,dataset/images/puppy_drinking_water/0023_10c053de3ddb.jpg,640,640,10c053de3ddbaf54f4a63547ff41d33f9c9b520be5dc206e12172f7533856d7b
puppy drinking water,pinterest,https://i.pinimg.com/originals/9e/8c/e2/9e8ce2bfc4078fc09764450240e03ab1.jpg,dataset/images/puppy_drinking_water/0024_8e29c6d6f8fe.jpg,640,640,8e29c6d6f8fe9e25a9003056cc40776cb2d588acc68cb1caf1aeddcc3ddb81b4
puppy drinking water,pinterest,https://i.pinimg.com/originals/eb/99/a2/eb99a20a7c903a7ac367d5218f4617d7.jpg,dataset/images/puppy_drinking_water/0025_154161e1b767.jpg,1080,1350,154161e1b7671e7b6dd9d2576cc6f25b6914ac09498e6e1a18f6da6f3c403506
puppy drinking water,pinterest,https://i.pinimg.com/originals/73/aa/58/73aa5893bca9f326eea12e4653b15f25.jpg,dataset/images/puppy_drinking_water/0026_ed97f748ac7a.jpg,720,1280,ed97f748ac7ab8f54128e89cbe3a122068ec77b077dc6382c060a80a959663a3
puppy drinking water,pinterest,https://i.pinimg.com/originals/07/0b/bc/070bbc61e0cde67835a6c7498ba4320f.jpg,dataset/images/puppy_drinking_water/0027_f88611cd0c70.jpg,1200,800,f88611cd0c7011246cb405d79e60b4a6e61fea32e58e474728ed40368bc87614
puppy drinking water,pinterest,https://i.pinimg.com/originals/6a/1d/53/6a1d53bfccc392045a27b6b10c9038c7.jpg,dataset/images/puppy_drinking_water/0028_57f7ef0efdbd.jpg,1600,2000,57f7ef0efdbd15d8c103cc2e09b2e3a33b21d466852292855c4bbec6616d1f9f
puppy drinking water,pinterest,https://i.pinimg.com/originals/32/82/87/328287c4a5fd10ba2e63ff2c4da97293.jpg,dataset/images/puppy_drinking_water/0029_28f110303009.jpg,1280,1600,28f11030300918383ac85c24bc5ca3f0153c8e7f43ce17f0e04836ba667c1ce4
puppy drinking water,pinterest,https://i.pinimg.com/originals/2a/32/a4/2a32a42038eb5dffbf2bd2bd470cefd8.jpg,dataset/images/puppy_drinking_water/0030_3d472122d0d4.jpg,576,1024,3d472122d0d4b95bc629415bf78c350a2e1fce6a9dba3ce012a7e5ebf3a6139d
puppy playing,pinterest,https://i.pinimg.com/originals/d0/41/3d/d0413d4861b09c74089ac4cc12450596.jpg,dataset/images/puppy_playing/0001_6323a8b60418.jpg,480,480,6323a8b604188be2f122844ddaf8341456e6d2e05961362a30831003af8eb9e0
puppy playing,pinterest,https://i.pinimg.com/originals/f1/0a/e6/f10ae69fae183d359305df9496c86575.jpg,dataset/images/puppy_playing/0002_f77876c16927.jpg,640,427,f77876c16927e42f4bfb876ad46fe6f3f32d76e9f3be6230636b5efe3395b869
puppy playing,pinterest,https://i.pinimg.com/originals/78/22/3c/78223c73dc3390544c1c30d3fc9bc4f1.jpg,dataset/images/puppy_playing/0003_bd4c90917c7e.jpg,1024,1536,bd4c90917c7eb81c92f628b79486fad488cc675797483518938105c98e389b54
puppy playing,pinterest,https://i.pinimg.com/originals/e3/6a/53/e36a5316b6b6fd1f13e7638d530d1638.jpg,dataset/images/puppy_playing/0004_10277f7e2aa4.jpg,540,960,10277f7e2aa41c26278959b087ea824d3704814ac99f46cd9b5c943297e39d6d
puppy playing,pinterest,https://i.pinimg.com/originals/5f/b2/56/5fb256ce4dc2c862e2f789d53be53ecf.jpg,dataset/images/puppy_playing/0005_d9d998034a4a.jpg,1440,1080,d9d998034a4af2555269136523f905d9ab11619dcd327a7fc6f84b489d7750ab
puppy playing,pinterest,https://i.pinimg.com/originals/ef/82/9e/ef829ecf4120a6cccf7411bd576829a7.jpg,dataset/images/puppy_playing/0006_baf7881e845b.jpg,1000,1500,baf7881e845b9ef74c8873b230014bc24c05609ca3f988b35f5e3440a740afbf
puppy playing,pinterest,https://i.pinimg.com/originals/67/b1/91/67b1917a2bd6947fc2cccf9ba00a8f2a.jpg,dataset/images/puppy_playing/0007_530f31a51b55.jpg,418,640,530f31a51b55f6ecf0a9ba6222d264deb2c383a24214ed9eda2d1d318d863ebc
puppy playing,pinterest,https://i.pinimg.com/originals/d8/32/65/d832654f29c7b0a1888b9d0c6fbe2bea.jpg,dataset/images/puppy_playing/0008_d007377714bd.jpg,640,1136,d007377714bd1841a0125e9086525f130bb5835ef5f7bd91d4cbb95e02be6a75
puppy playing,pinterest,https://i.pinimg.com/originals/1f/14/8d/1f148d993bce921d125b79ab9581fa9d.jpg,dataset/images/puppy_playing/0009_2b2ed5207dba.jpg,768,1365,2b2ed5207dbae7f922b26082740c76cd85bff7cb85b76137077f1e0740fb0231
puppy playing,pinterest,https://i.pinimg.com/originals/18/93/3b/18933beefc64a6a63f9c338d92d8a21c.jpg,dataset/images/puppy_playing/0010_4e9055a886a1.jpg,768,1365,4e9055a886a1bf9cef9fdfb0664a20817cf54aabe2a1f21db91e636b63578b90
puppy playing,pinterest,https://i.pinimg.com/originals/be/34/2d/be342d858878c19fdc3be652303e8f35.jpg,dataset/images/puppy_playing/0011_6611cf5fb7df.jpg,2000,1333,6611cf5fb7df72e5911ec9b3827ce6b8c410514b749377cd257120b864bb6cf7
puppy playing,pinterest,https://i.pinimg.com/originals/20/ee/eb/20eeeb8ffecfd667d23f9f39f1785915.jpg,dataset/images/puppy_playing/0012_df001f93a6e1.jpg,1920,1200,df001f93a6e12d65250459a8d080c3fe39c467bf89e699b0a7a74aee07b76a6b
puppy playing,pinterest,https://i.pinimg.com/originals/59/50/c1/5950c11a002902ddc7e98c6aed46c0f1.jpg,dataset/images/puppy_playing/0013_a16db71205f0.jpg,736,1308,a16db71205f04f8a70b60219a3e513aeb42ce49dd24544a7774680c80536c0e9
puppy playing,pinterest,https://i.pinimg.com/originals/0a/92/a8/0a92a83d6974862afb6c6dac7ce2b09e.jpg,dataset/images/puppy_playing/0014_20075548b7a8.jpg,1200,602,20075548b7a8e635a09688f18ae1e30f581fa0764d860b6f39980a3b32e913e9
puppy playing,pinterest,https://i.pinimg.com/originals/00/87/54/00875469872842680370e22f1fb8d582.jpg,dataset/images/puppy_playing/0015_b0bf9ac69787.jpg,736,1104,b0bf9ac6978735d6ba302feb190a469784de208ac5cf88132bf396a65e6f4129
puppy playing,pinterest,https://i.pinimg.com/originals/a6/fb/d4/a6fbd4ef9a98bcb717a453f8628e3954.jpg,dataset/images/puppy_playing/0016_8ed0afd9715e.jpg,700,672,8ed0afd9715e218cdb23f5403d68678dd9561503d04d3082439655a0c32935d6
puppy playing,pinterest,https://i.pinimg.com/originals/d0/36/48/d03648b813bf689da29696027e83dd80.jpg,dataset/images/puppy_playing/0017_92c9f21caf66.jpg,1920,1080,92c9f21caf66c5edc98b52d51b923a4028a788e43cdaa14f2483ee7dbd64659e
puppy playing,pinterest,https://i.pinimg.com/originals/81/b9/05/81b9053b7786946a12d0e2af6a7e143d.jpg,dataset/images/puppy_playing/0018_752f0cae4aad.jpg,896,1120,752f0cae4aad09e24f3e2a06f70b4a1a6d1bcf713f1f870a49f1e7fb91cafcf8
puppy playing,pinterest,https://i.pinimg.com/originals/df/78/3a/df783af6b72592faedebdfce0b7317a2.jpg,dataset/images/puppy_playing/0019_b00853edff28.jpg,1086,1086,b00853edff28e9d6a27d004151ddbbe5393590608845d69e42338e4cebec17d2
puppy playing,pinterest,https://i.pinimg.com/originals/bd/c8/74/bdc87445f7758427a6a6c4227d3e8902.jpg,dataset/images/puppy_playing/0020_28e7ac2870d6.jpg,736,1308,28e7ac2870d6851842f4c0527bbaa3e125f5bbee6f10c4a7326ea33a30342509
puppy playing,pinterest,https://i.pinimg.com/originals/6f/da/09/6fda099ef5a05daeb7d24e3d1d681de4.jpg,dataset/images/puppy_playing/0021_098b0913b752.jpg,640,640,098b0913b752057828d5422d9c7180540fb28446b12e9f7f4fcbec41dbea9267
puppy playing,pinterest,https://i.pinimg.com/originals/af/81/30/af8130feb420c10f41cf7ffa6927915d.jpg,dataset/images/puppy_playing/0022_a76e65250254.jpg,550,550,a76e652502548920389a309c9338603eb3d5612f39d53f576c0524cbcd2f7084
puppy playing,pinterest,https://i.pinimg.com/originals/ce/ec/ec/ceececc714cf9e8d2a97b341fa57d56c.jpg,dataset/images/puppy_playing/0023_f65110572a33.jpg,1141,949,f65110572a33ab26554a63387c4f7f34eb42fe0aa27f6270b54a352b6271ca67
puppy playing,pinterest,https://i.pinimg.com/originals/5f/41/d3/5f41d36ac26974bb1ea90685c47e9d3e.jpg,dataset/images/puppy_playing/0024_2e51ec48545f.jpg,1536,1536,2e51ec48545fc9e01318e5e06b892fe15242a419acc2c0a573c8b81de8f099de
puppy playing,pinterest,https://i.pinimg.com/originals/a9/10/29/a910295194983b7eddeada84db8fcad3.jpg,dataset/images/puppy_playing/0025_5c24e0aedbad.jpg,1676,1117,5c24e0aedbadd000ae7608c42d60a4640ca0edd038e502d95416f4e6f2c8827b
puppy playing,pinterest,https://i.pinimg.com/originals/05/c0/2e/05c02ee659225e4f2dfe50832de74ac8.jpg,dataset/images/puppy_playing/0026_62412fb56e77.jpg,736,736,62412fb56e77c1ac3693caef87c3d41f815a3c7cac19e4b7c66f599e2760cf3c
puppy playing,pinterest,https://i.pinimg.com/originals/74/e6/45/74e645aad83d4e1dff8fb4ef650add12.jpg,dataset/images/puppy_playing/0027_d0e3f900275b.jpg,736,920,d0e3f900275be9a575943bf461d551e704c8783d2055b41e6f1dcd31a987a16c
puppy playing,pinterest,https://i.pinimg.com/originals/8e/db/c1/8edbc1f23c272398c0104d2b4dc774be.webp,dataset/images/puppy_playing/0028_25900779cb69.jpg,896,1120,25900779cb69e41c14e3f01ea3e020a83514400628fae4ec2ad89a5da5c5c7f4
puppy playing,pinterest,https://i.pinimg.com/originals/8b/0a/bf/8b0abfd047187a2c0d7c55949ed04aa1.jpg,dataset/images/puppy_playing/0029_f70c0741cfa3.jpg,1178,1554,f70c0741cfa3fff1bf9a6d55d3e4f8f8478e7d51be52f283c73c1413773cb14b
puppy playing,pinterest,https://i.pinimg.com/originals/91/55/06/9155065ac6b416d7f0e4a2e43f3cbc52.jpg,dataset/images/puppy_playing/0030_5e6d3d58a8ee.jpg,1440,1440,5e6d3d58a8eef3e0a39091690eda1149b5f31674067444b795c1b78ab4f21575
puppy playing outside,pinterest,https://i.pinimg.com/originals/78/44/8a/78448a1bd588f0435cbadcca2e596d02.jpg,dataset/images/puppy_playing_outside/0001_2bf796e6115b.jpg,639,960,2bf796e6115b3acaa4a95059ea908512a97d7bdab49a91cae0e1b262ca827a35
puppy playing outside,pinterest,https://i.pinimg.com/originals/53/5b/d9/535bd980d1a823ac6776f8e36f092cce.jpg,dataset/images/puppy_playing_outside/0002_d2756321617d.jpg,720,563,d2756321617de335116bd7d24c2f21f6b53cb0295959ff674d58ec33c9e01ed8
puppy playing outside,pinterest,https://i.pinimg.com/originals/64/4e/72/644e7206bd8fad3212c358e68c66d4d7.jpg,dataset/images/puppy_playing_outside/0003_ace1aa5022d3.jpg,1080,1080,ace1aa5022d3f30c5b8f84e877b198a60563b911bdce1bf0e366ddb87667c722
puppy playing outside,pinterest,https://i.pinimg.com/originals/ec/a7/83/eca783a62e50d8a40e235dc2ec569962.jpg,dataset/images/puppy_playing_outside/0004_60ccf3fc9d65.jpg,900,1200,60ccf3fc9d652c4413d69a07d0eac9fc3c3cd32a1c067fdb683d1e2614be5b3e
puppy playing outside,pinterest,https://i.pinimg.com/originals/fe/0a/18/fe0a18ff8f7a8bc44b2231700df565dd.jpg,dataset/images/puppy_playing_outside/0005_2d17b97e64be.jpg,424,640,2d17b97e64beaff2468a716d67810da914ea62dd72cde06ada56fcb9469bf26a
puppy playing outside,pinterest,https://i.pinimg.com/originals/e1/12/7d/e1127d12fbffa1cd5d5ed7f3b147b4cb.jpg,dataset/images/puppy_playing_outside/0006_c924ca16a672.jpg,1440,1440,c924ca16a67224bdea83840611ac7e99e6efb032dfe31558a2781e72e87d510e
puppy playing outside,pinterest,https://i.pinimg.com/originals/96/25/f7/9625f718111c84944dab816667137e6d.jpg,dataset/images/puppy_playing_outside/0007_cf5f06716484.jpg,301,452,cf5f06716484dc4487207001f5ba0ca87b91dbc7ef2383d4d652de9a9db829b1
puppy playing outside,pinterest,https://i.pinimg.com/originals/3d/0d/48/3d0d4802337600375371225a219bd744.jpg,dataset/images/puppy_playing_outside/0008_eb5042fc3909.jpg,736,1288,eb5042fc39096f6ad55a55600b2975ff5eb68e94dc9774b55291953346c2b957
puppy playing outside,pinterest,https://i.pinimg.com/originals/20/a0/de/20a0ded21b1bd70604fd0d4daf96e189.jpg,dataset/images/puppy_playing_outside/0009_1ed240f7a6dd.jpg,1100,1466,1ed240f7a6dd942bab0989b694cb1e2bc1be6a7c7f166e4d77075c24f8274307
puppy playing outside,pinterest,https://i.pinimg.com/originals/1a/fa/d9/1afad9e52eac3eaac70b918402c81b0c.jpg,dataset/images/puppy_playing_outside/0010_ef19caff9d16.jpg,720,475,ef19caff9d163c74c76afae3ebbd7affccaf6b7af985b56d7c7da2a7494722e1
puppy playing outside,pinterest,https://i.pinimg.com/originals/47/de/9c/47de9c88af681fa33af7f56e6f37fba6.jpg,dataset/images/puppy_playing_outside/0011_9a3af28c8e6e.jpg,1440,1920,9a3af28c8e6ed5145874de98d5c9da8add1ff1d34d64aaf186293a014d95c8f4
puppy playing outside,pinterest,https://i.pinimg.com/originals/ae/c2/08/aec2085a83ccfa1ca4a8df8a6e9eb35b.jpg,dataset/images/puppy_playing_outside/0012_972f5d23f0fa.jpg,1024,1434,972f5d23f0fa912103b1cadf8e7e026ebb15d0be81bc9e6b764f84d973309a85
puppy playing outside,pinterest,https://i.pinimg.com/originals/9a/d0/fe/9ad0fe6fdadc45e9f2e3cb5aeb4bd2c4.jpg,dataset/images/puppy_playing_outside/0013_c59476ff839c.jpg,1440,1440,c59476ff839c9faf0db370b318e06a7e132cf2a6593a99b931c43945c22796a3
puppy playing outside,pinterest,https://i.pinimg.com/originals/2a/21/d8/2a21d8af50850b44a84a7d046f9c9c97.jpg,dataset/images/puppy_playing_outside/0014_5207a52512d1.jpg,720,614,5207a52512d1228c1a965da349e79b79d6746ff4fadbb9e1ba8f2c6318e903a6
puppy playing outside,pinterest,https://i.pinimg.com/originals/2d/f6/66/2df666eee74ef4845b490f232c5a64cf.jpg,dataset/images/puppy_playing_outside/0015_9181d9cb0297.jpg,475,713,9181d9cb0297501b0104c2b95bb817488b69b6e7826a7b412af7355d40ac3171
puppy playing outside,pinterest,https://i.pinimg.com/originals/31/74/84/317484a31786ddf8a61f4f989be6d443.jpg,dataset/images/puppy_playing_outside/0016_688ae157a4fb.jpg,1792,2304,688ae157a4fb8b9a4f5b2f87b067ead3fd6bc9591e10d95a7366c855a53eeb75
puppy playing outside,pinterest,https://i.pinimg.com/originals/9b/d9/40/9bd9409e48ed0b0e6d70b3c357d0f023.jpg,dataset/images/puppy_playing_outside/0017_4b578bd9ca63.jpg,852,1136,4b578bd9ca632fb54bee47489936486d525a91170b99afde7fd3f7f60b09a118
puppy playing outside,pinterest,https://i.pinimg.com/originals/7f/17/72/7f1772074619acc62792b7be43b3c45b.jpg,dataset/images/puppy_playing_outside/0018_b59a9031dda4.jpg,640,640,b59a9031dda4a4ad3034a69d0fac094a3ff6925abe1b7b12814d18b897a1c37e
puppy playing outside,pinterest,https://i.pinimg.com/originals/7f/14/a6/7f14a66e9e0296802c378bbe1a1982ed.jpg,dataset/images/puppy_playing_outside/0019_db79635036a5.jpg,622,419,db79635036a5e07f6c41fd1ec112df108167509ec034c49dd895815695cdc6a4
puppy playing outside,pinterest,https://i.pinimg.com/originals/36/29/74/362974fc60d30a1210568a17bac69913.jpg,dataset/images/puppy_playing_outside/0020_cea38b2930d7.jpg,733,751,cea38b2930d7df0413098386a42707fbc81e83b041e9dd906a4e9dcff910baf1
puppy playing outside,pinterest,https://i.pinimg.com/originals/b0/e6/b0/b0e6b007a9b9704253f87a4896a03617.jpg,dataset/images/puppy_playing_outside/0021_0426ef7bf940.jpg,832,1248,0426ef7bf9404d058172e9d58be8cbf0e2312e12703f22455c13fd894a017d65
puppy playing outside,pinterest,https://i.pinimg.com/originals/04/75/c7/0475c7dd63047d84e1a615af77bd6b28.jpg,dataset/images/puppy_playing_outside/0022_41504547fb71.jpg,640,640,41504547fb711f7284656b403b6e8a8eb9b5c99b869ac5de8c1e32cbdc3b19bf
puppy playing outside,pinterest,https://i.pinimg.com/originals/0a/87/9c/0a879cb2fe2554248b4d2a43753f235f.jpg,dataset/images/puppy_playing_outside/0023_007d4fe72048.jpg,3024,4032,007d4fe72048e06ae9ecaf7faa6e4d92e3d6bf2e0f8cb35575834e8638f2b6b0
puppy playing outside,pinterest,https://i.pinimg.com/originals/f9/c8/da/f9c8dafd71d30c1aaaf0cf73c3ab081b.jpg,dataset/images/puppy_playing_outside/0024_b54bbc280a4b.jpg,614,779,b54bbc280a4be65b383a34c5f678b9d77ee74bb7238e0b909ddd9de7ef4f8b56
puppy playing outside,pinterest,https://i.pinimg.com/originals/6b/d1/4b/6bd14b068552906a27e53c62ac89c9f1.jpg,dataset/images/puppy_playing_outside/0025_d1376b89c535.jpg,736,736,d1376b89c5354e9b0741fbada30eb2024b2cd0f0375ed2a6542cb5027da7c971
puppy playing outside,pinterest,https://i.pinimg.com/originals/48/04/a2/4804a202e1138987110bb64db690d6a5.jpg,dataset/images/puppy_playing_outside/0026_d076dfa0d144.jpg,736,981,d076dfa0d14468f31e1c9b0eace32036909ea8efeda1f53f58b4f4bde1ca32b5
puppy playing outside,pinterest,https://i.pinimg.com/originals/34/49/e5/3449e509fc1fa09771e6be93dce081c8.jpg,dataset/images/puppy_playing_outside/0027_1e2e9d3c793e.jpg,1440,1530,1e2e9d3c793ea7b3ab584b73985cea08284cababa855eef6eae4940e4122b9db
puppy playing outside,pinterest,https://i.pinimg.com/originals/79/8b/30/798b30121b9e3c8cbf509d2c8646c2b4.jpg,dataset/images/puppy_playing_outside/0028_93977d3551d8.jpg,3024,4032,93977d3551d88ee4f1c5feaeb6fd1c35a5a1d30637ad942bb7da46b958eb2bcf
puppy playing outside,pinterest,https://i.pinimg.com/originals/1e/d0/30/1ed0303a93763633b6bb8025fce2411a.jpg,dataset/images/puppy_playing_outside/0029_9cea5b5c626d.jpg,1080,1920,9cea5b5c626d4f4cef4cdfe4b19b2c97f977bda1fe821543d4033f874f7964e1
puppy playing outside,pinterest,https://i.pinimg.com/originals/10/33/9d/10339de714db50f06d747e0c5db492f5.jpg,dataset/images/puppy_playing_outside/0030_2056cfcc8503.jpg,425,768,2056cfcc8503ea786bc91d8a7b52cc2e9297e0d6e5d54a6e52c2888e81eedac6
puppy playing indoors,pinterest,https://i.pinimg.com/originals/1b/0c/94/1b0c9451e2ed72119645377a25e97d45.jpg,dataset/images/puppy_playing_indoors/0001_3f824ecf8c8e.jpg,474,712,3f824ecf8c8ee5c3e61cb4472909073027e3fd3fc29fca3c2b0f22f33111aacf
puppy playing indoors,pinterest,https://i.pinimg.com/originals/39/d6/3c/39d63c22ec16ceebcba5bb9912911a8f.jpg,dataset/images/puppy_playing_indoors/0002_e3f66fe339e4.jpg,1200,700,e3f66fe339e4d5acc7ae4cdd194a3ef16462bcf6d30594f22607356247bc04c0
puppy playing indoors,pinterest,https://i.pinimg.com/originals/b0/88/9f/b0889f71142d784c7d33820761fb880a.jpg,dataset/images/puppy_playing_indoors/0003_cf3910511da4.jpg,1536,1024,cf3910511da413544fade0732214ecea7f0b79b6bec0455149bca132536644d9
puppy playing indoors,pinterest,https://i.pinimg.com/originals/cf/68/9c/cf689c2c5b7a7d1be8e389e3cc6993c3.jpg,dataset/images/puppy_playing_indoors/0004_00dfaeb2912d.jpg,2288,2287,00dfaeb2912d37ee06345dea01fabe75d8abca464d0cd16b3e998fd490a016b2
puppy playing indoors,pinterest,https://i.pinimg.com/originals/20/75/fe/2075fe8d6e38c48d1d59d879eed1d08c.jpg,dataset/images/puppy_playing_indoors/0005_0f88aa8567e3.jpg,1080,1920,0f88aa8567e3ef774307304e10397ad868e139ee988ed650b068f0d6e8d552f5
puppy playing indoors,pinterest,https://i.pinimg.com/originals/ec/b2/ef/ecb2ef3b0d5598c8bc927ac291d67fdb.jpg,dataset/images/puppy_playing_indoors/0006_0f94b4298fd6.jpg,1080,1920,0f94b4298fd636110899d2dfa3ed778a043a45d683ef077094579ab85a5b6c0d
puppy playing indoors,pinterest,https://i.pinimg.com/originals/99/3f/89/993f89a857984006747c381b63c771c5.jpg,dataset/images/puppy_playing_indoors/0007_657752bfa17d.jpg,1080,1920,657752bfa17d73d476b724a92fd51c35987c69fcd15df0626079a2895f73884c
puppy playing indoors,pinterest,https://i.pinimg.com/originals/6c/46/83/6c4683a9ac1b044762fc4e8222cba2d9.jpg,dataset/images/puppy_playing_indoors/0008_8fc9a64517da.jpg,1200,675,8fc9a64517dab5bf82883a3d4027d095acfca817e3795deca677443ae6581e4e
puppy playing indoors,pinterest,https://i.pinimg.com/originals/20/c9/62/20c962fc73b40814f5837192c0e16cf4.jpg,dataset/images/puppy_playing_indoors/0009_17f1ebf134a6.jpg,1080,1920,17f1ebf134a60ab4623e4bf08c2f5b3d099b9a812adb7a9d8d38e7a2fd89d2bc
puppy playing indoors,pinterest,https://i.pinimg.com/originals/95/39/76/95397665bff9a6f116577d6bc54737cf.jpg,dataset/images/puppy_playing_indoors/0010_13293cae7a3b.jpg,1440,960,13293cae7a3b62438f8869879923873e7fe1318c2395a13eafba7fb87d2329d4
puppy playing indoors,pinterest,https://i.pinimg.com/originals/8f/59/ab/8f59abc446103b0e2d67bae4f9fc04ac.jpg,dataset/images/puppy_playing_indoors/0011_a3142285f394.jpg,768,1376,a3142285f394f58c17bc0e58a97bafc40cc2637eed89306004559939b10cf26d
puppy playing indoors,pinterest,https://i.pinimg.com/originals/77/74/c8/7774c8b9c2552645571f46bf1d66eacd.jpg,dataset/images/puppy_playing_indoors/0012_8a580db8d15a.jpg,770,770,8a580db8d15a0b01dd0152154bd5961d52878279e097de652963ac3ad15189e2
puppy playing indoors,pinterest,https://i.pinimg.com/originals/e5/49/3a/e5493a96f4f11cf52c1d1b61af20a44f.jpg,dataset/images/puppy_playing_indoors/0013_b6f17b92fec6.jpg,1280,1600,b6f17b92fec65645b58cf5be702c3fa2150107ce6312d1dce2809d5eac32aa3c
puppy playing indoors,pinterest,https://i.pinimg.com/originals/53/0f/12/530f123c7d6845a582038871221fe880.jpg,dataset/images/puppy_playing_indoors/0014_bbe65c6737af.jpg,768,1376,bbe65c6737afbb0cacc3c7b9a1131bea4553a6340febf7402f42619f72699838
puppy playing indoors,pinterest,https://i.pinimg.com/originals/3e/e0/4d/3ee04d414a29fd522698898dc22dfebc.jpg,dataset/images/puppy_playing_indoors/0015_ebdb7e953752.jpg,768,1376,ebdb7e953752774a0f5f0df208db4c14ac0e6ef8fc1ce30a28d63bfbbd0ed404
puppy playing indoors,pinterest,https://i.pinimg.com/originals/20/73/b3/2073b336b342433a9647b11cb43f6927.jpg,dataset/images/puppy_playing_indoors/0016_9badd09313f7.jpg,540,960,9badd09313f7661b88b652c36558dc56671e08712e6c94b6d9b6c25b04fac0be
puppy playing indoors,pinterest,https://i.pinimg.com/originals/03/94/0a/03940a8ecefef60ade858bcaedbb5436.jpg,dataset/images/puppy_playing_indoors/0017_b5521a3b34ba.jpg,1320,1760,b5521a3b34babac95d6dec6d7b2269ecbf4100eee198cf5a8a7b458de21b6925
puppy playing indoors,pinterest,https://i.pinimg.com/originals/03/d6/51/03d6510ecf02f4f6b2fa91aee74c35cb.jpg,dataset/images/puppy_playing_indoors/0018_2c535d0322f7.jpg,918,1600,2c535d0322f7a69820b77b7cdb6b937313f1af194937a144d127e9826809cf61
puppy playing indoors,pinterest,https://i.pinimg.com/originals/8f/af/8d/8faf8db258f6d3eb905a68b6dba4bf99.webp,dataset/images/puppy_playing_indoors/0019_df4c6e42f9e8.jpg,1024,1024,df4c6e42f9e89efdf4f20e611096083657911a4518cac8f4afba4caccacb4634
puppy playing indoors,pinterest,https://i.pinimg.com/originals/a3/5b/c7/a35bc7ae76852b9cc0371c4e91b7fe4c.webp,dataset/images/puppy_playing_indoors/0020_5b99410275d6.jpg,1024,1536,5b99410275d60b19d30cd73d4cd1ba6a46fcdcfa50128ded32e37bc493389f63
puppy playing indoors,pinterest,https://i.pinimg.com/originals/24/82/9a/24829a11628ee6760f492ea668caa170.webp,dataset/images/puppy_playing_indoors/0021_c97a01f3998c.jpg,736,1312,c97a01f3998c9dbe2e7f8473978ccd5f83e550fb6632061816045e59bbff81dc
puppy playing indoors,pinterest,https://i.pinimg.com/originals/2e/34/b5/2e34b52e873061f93e03f08541a99ffe.jpg,dataset/images/puppy_playing_indoors/0022_1bb1ef07e1d6.jpg,1000,1500,1bb1ef07e1d674fe478aa23c1c38d25d3b525ff5d8cad181ea0803de0043a100
puppy playing indoors,pinterest,https://i.pinimg.com/originals/58/e9/2c/58e92cdd8f8326923facca17e224c029.jpg,dataset/images/puppy_playing_indoors/0023_a08a43d71769.jpg,1024,1820,a08a43d7176981a8c4219d0293cb3d3d9de487ebba4980dd5d407cdd1e20e3e3
puppy playing indoors,pinterest,https://i.pinimg.com/originals/66/7e/4b/667e4be077d5136c1933fe9b9bf65bc6.jpg,dataset/images/puppy_playing_indoors/0024_ffd74df11b8a.jpg,1080,1920,ffd74df11b8a2086ee5fff559273f239cef2b53c1db324bbb15f470d9f988061
puppy playing indoors,pinterest,https://i.pinimg.com/originals/37/2d/b2/372db2a4ecd7332cd7e507b9288f8ab4.jpg,dataset/images/puppy_playing_indoors/0025_aa53900c9e17.jpg,768,1376,aa53900c9e17a00b289417d719e687ea53946f6c50bb8d4dea49cf96b4cd1733
puppy playing indoors,pinterest,https://i.pinimg.com/originals/2f/1e/69/2f1e692f571b6432d7c4cfd019553e76.jpg,dataset/images/puppy_playing_indoors/0026_9a3efefde419.jpg,480,640,9a3efefde4194320baccb3d6ff1395e28452f69b3d6daf2df734586605aedd67
puppy playing indoors,pinterest,https://i.pinimg.com/originals/ab/17/2b/ab172b54c47e8053835bbc590df6b7f2.jpg,dataset/images/puppy_playing_indoors/0027_749c9f878478.jpg,1151,1728,749c9f878478aac5938ed6ff0b9b31618fd0056386d3363191f4e870a4514ccb
puppy playing indoors,pinterest,https://i.pinimg.com/originals/16/2a/07/162a07e42c47e782208de34b14f2a3f6.jpg,dataset/images/puppy_playing_indoors/0028_a1cd42ac0780.jpg,675,1200,a1cd42ac07801a75af9460e4bce2a5be8fb698c3ba4ac211d6da7cc18f5fe8d4
puppy playing indoors,pinterest,https://i.pinimg.com/originals/3d/8f/da/3d8fda4f1521aaf1a82d95553b9a0bb4.jpg,dataset/images/puppy_playing_indoors/0029_fe97a9759dcf.jpg,1224,1632,fe97a9759dcf9ba5dadcd304b76096ef404f95ff52dcab9869332114cf18e9fb
puppy playing indoors,pinterest,https://i.pinimg.com/originals/22/6a/5c/226a5c5db8b699c96beb7c83d1a59cbe.jpg,dataset/images/puppy_playing_indoors/0030_68a10fccbd00.jpg,1080,1920,68a10fccbd00399f51a20c1e5c284cc17b00538effc3665fda5e8f2fd0726df4
puppy playing with toy,pinterest,https://i.pinimg.com/originals/b7/60/5d/b7605da133bc4919577329aa856434ee.jpg,dataset/images/puppy_playing_with_toy/0001_e81a530954fb.jpg,329,465,e81a530954fbda0a406c9ed791d3f71258f01d73417e0969e808920d9046f08e
puppy playing with toy,pinterest,https://i.pinimg.com/originals/a2/4e/fa/a24efa84ef9eed8e14c6d5c61b22d2a2.jpg,dataset/images/puppy_playing_with_toy/0002_6d469604cc76.jpg,1165,2152,6d469604cc765c55bff1454084cad137d6eed32d4b770587f9a001a2b6610b5c
puppy playing with toy,pinterest,https://i.pinimg.com/originals/26/3b/94/263b941c3f214f746928a4371587468d.jpg,dataset/images/puppy_playing_with_toy/0003_dee72aa66176.jpg,768,1376,dee72aa66176ab2a56518414db684d893705f1435ebc6008c8e1532f030c4b88
puppy playing with toy,pinterest,https://i.pinimg.com/originals/17/d3/67/17d36786664071f9af05492e3097502b.jpg,dataset/images/puppy_playing_with_toy/0004_2e4ab03e6bc0.jpg,640,1136,2e4ab03e6bc0bf25ad7003fca57b3fe2f1697801e78c31a1ca67392ddef3c79b
puppy playing with toy,pinterest,https://i.pinimg.com/originals/27/bd/41/27bd41815d9b970155012f17f168fa44.avif,dataset/images/puppy_playing_with_toy/0005_2473c2e4c10c.jpg,800,533,2473c2e4c10c3ca146693150179f16b2f6f0fa5966988e23f38041980313cd83
puppy playing with toy,pinterest,https://i.pinimg.com/originals/e2/a8/7c/e2a87c3f305c6c457588b0f61ddad221.jpg,dataset/images/puppy_playing_with_toy/0006_29377731f3e2.jpg,882,828,29377731f3e26486cc09e451fb50ec54c78f40d1450ea77ba1aa16ca4cbab1a2
puppy playing with toy,pinterest,https://i.pinimg.com/originals/6e/8b/8f/6e8b8f04caa8fa1bba21f19c25fe9753.jpg,dataset/images/puppy_playing_with_toy/0007_04f39a3a6b82.jpg,1024,1280,04f39a3a6b8209760eb58258edc81a554ad69f0a8be664ae87446c9e885f08da
puppy playing with toy,pinterest,https://i.pinimg.com/originals/bf/b4/a4/bfb4a40fda29c57c165026d5f254bc91.jpg,dataset/images/puppy_playing_with_toy/0008_d5fca912ec86.jpg,640,427,d5fca912ec86ecddb657a5194ab9a0a5f71a8ec79390cf42dfa5a39aa4328d85
puppy playing with toy,pinterest,https://i.pinimg.com/originals/81/3e/11/813e11335f4db22992540e79da523238.jpg,dataset/images/puppy_playing_with_toy/0009_20f0dbe93281.jpg,1080,1080,20f0dbe93281e0437e6c553ea90d48bc8f9c89bd9feeb570c90bdb15586f26f0
puppy playing with toy,pinterest,https://i.pinimg.com/originals/c8/a5/04/c8a50478eb461c27135ea0f166f4929e.jpg,dataset/images/puppy_playing_with_toy/0010_06f95f44614d.jpg,1080,1350,06f95f44614d72da72e8031fb5461c13d801f185ca77b2859ab8b496b06b8829
puppy playing with toy,pinterest,https://i.pinimg.com/originals/a7/3a/b4/a73ab40570c4b088c1dcf993534f554f.jpg,dataset/images/puppy_playing_with_toy/0011_06ac58fad501.jpg,704,1280,06ac58fad501a1f575f8131c5c6fb840ab5feac3dc4bee803c12789b6e17caaf
puppy playing with toy,pinterest,https://i.pinimg.com/originals/cf/f6/5b/cff65b3deceb82a9923c5cb066aa6d7a.jpg,dataset/images/puppy_playing_with_toy/0012_f329b30031ce.jpg,1024,1024,f329b30031ce7a7cfa1ee654dab9b112591ea1b9048ff4357756c3abf9998f1f
puppy playing with toy,pinterest,https://i.pinimg.com/originals/d8/3f/e7/d83fe735827d29fa84800c2117a16983.jpg,dataset/images/puppy_playing_with_toy/0013_52863f757cac.jpg,700,700,52863f757caccd17992b4da1f68dbb28ed3da65b171f9f2b79b9531fb2897311
puppy playing with toy,pinterest,https://i.pinimg.com/originals/d4/b4/f3/d4b4f31db4adc9d48a31e40c364755cd.jpg,dataset/images/puppy_playing_with_toy/0014_6218dbca5e7f.jpg,1440,1920,6218dbca5e7f1697634ad081ada01670739e2b5bd772d6c63b46665d8baea776
puppy playing with toy,pinterest,https://i.pinimg.com/originals/b2/b2/a6/b2b2a6b3e420da74a5eb3afb3b171ae5.jpg,dataset/images/puppy_playing_with_toy/0015_4b689732b29f.jpg,1200,2133,4b689732b29f4c110f56206fb74749e05bd1f3aad23e05e1f298e2af45c74c2d
puppy playing with toy,pinterest,https://i.pinimg.com/originals/c8/4c/0e/c84c0e4ce491bd89a6803d7e17d1d545.jpg,dataset/images/puppy_playing_with_toy/0016_2abe6c73dce4.jpg,688,860,2abe6c73dce443ff9daaadc0ed90a7e194658c971cd30bda6091d20cb2ce68fb
puppy playing with toy,pinterest,https://i.pinimg.com/originals/4d/26/f0/4d26f069992efaa672838c0bc8b31f33.jpg,dataset/images/puppy_playing_with_toy/0017_18039b6288f9.jpg,768,1376,18039b6288f9d2d88730dfdb7d94fc17a264df5ab29e9c056a1c58049fa7e3e6
puppy playing with toy,pinterest,https://i.pinimg.com/originals/cd/a1/92/cda19270f744648f2e801b77c56a2c53.jpg,dataset/images/puppy_playing_with_toy/0018_2af8a2dc5308.jpg,704,880,2af8a2dc53081e3969c12ff4a133368e21de2edc4a202241bdd07282b314314f
puppy playing with toy,pinterest,https://i.pinimg.com/originals/1d/51/c7/1d51c75e9468d8289ea6ce573d3709cd.jpg,dataset/images/puppy_playing_with_toy/0019_be26a4906eaf.jpg,1667,2500,be26a4906eaf7239528a52e4c8108d5269855df7053c70486418dc18a1819837
puppy playing with toy,pinterest,https://i.pinimg.com/originals/ef/f0/81/eff0816eda0a877a7119bc6d5656e8a6.jpg,dataset/images/puppy_playing_with_toy/0020_97590faf418b.jpg,704,880,97590faf418b7fe86c6557e7e64f44c216df085cee74c2421f66bb82c1e7b3f8
puppy playing with toy,pinterest,https://i.pinimg.com/originals/68/ef/ef/68efefff3943c2e379a9692be375fbf4.jpg,dataset/images/puppy_playing_with_toy/0021_c394be878a90.jpg,688,860,c394be878a902b214112812264aac9002dede7d6232a0d451a7d75d215fad6cd
puppy playing with toy,pinterest,https://i.pinimg.com/originals/d8/ac/7d/d8ac7dfd90fcd7c4c24a4be875476480.jpg,dataset/images/puppy_playing_with_toy/0022_965dab35392c.jpg,704,880,965dab35392c84d72da3eaf9e5cfb6c419724f0b749ab8e594564fb52fe715ab
puppy playing with toy,pinterest,https://i.pinimg.com/originals/14/87/fc/1487fc6ca124ac04bf1664e77e85c61b.jpg,dataset/images/puppy_playing_with_toy/0023_66b463b60b58.jpg,704,880,66b463b60b5895ec01dcab8019a36c6daa1367b0e0bbe03c1a8610980c5fd19c
puppy playing with toy,pinterest,https://i.pinimg.com/originals/cc/e1/b1/cce1b144adc4e23dec3797b7ad140292.jpg,dataset/images/puppy_playing_with_toy/0024_b98c477afcaa.jpg,704,880,b98c477afcaafadd76c39febd9a87e362bd7d53d82c9bf93be00f4c3fc329f0e
puppy playing with toy,pinterest,https://i.pinimg.com/originals/d0/0c/4c/d00c4c109ce10ec501bbb8b5d4cc146f.jpg,dataset/images/puppy_playing_with_toy/0025_1d771604a3ed.jpg,704,880,1d771604a3edc4693351aa58dda3351c4dd5bce8da9dcc87e308b5d17b9c61d3
puppy playing with toy,pinterest,https://i.pinimg.com/originals/0d/48/4e/0d484e91d3b0026db73a931b6a036ee9.jpg,dataset/images/puppy_playing_with_toy/0026_6ed9d2680c95.jpg,704,880,6ed9d2680c95c628034edc0eb2ecc45455ed6d19ced77124f36d0e9ae91290f8
puppy playing with toy,pinterest,https://i.pinimg.com/originals/98/28/82/982882d3750ba6a91bc5203a9b7d0e81.jpg,dataset/images/puppy_playing_with_toy/0027_4eae1df5c6f1.jpg,688,860,4eae1df5c6f141549eb0a847005dd29a5852273a925de897447660c11d3a2679
puppy playing with toy,pinterest,https://i.pinimg.com/originals/6d/d8/99/6dd899eb0719bcbc9609261bae6e0620.jpg,dataset/images/puppy_playing_with_toy/0028_cd4500a6965b.jpg,1000,1000,cd4500a6965bda51872ca19b02827f568aceea0bf9467e873460ca12c1095313
puppy playing with toy,pinterest,https://i.pinimg.com/originals/23/cc/a3/23cca30c97aa1368ded37bbca1ef3b3a.jpg,dataset/images/puppy_playing_with_toy/0029_7fee9adbd202.jpg,424,640,7fee9adbd2029085f1ab2c5d1ce601eb881ae9086139d912e7c56fd7b3102930
puppy playing with toy,pinterest,https://i.pinimg.com/originals/fb/22/46/fb224677e5f8b7735f64433b84b040c2.jpg,dataset/images/puppy_playing_with_toy/0030_abd3790a22f7.jpg,1440,1023,abd3790a22f780202f118a33507e7de87c8f67d5780d6d6935513678a06cee27
puppy playing ball,pinterest,https://i.pinimg.com/originals/3e/de/f7/3edef7492f92083ef246197c57d0953e.jpg,dataset/images/puppy_playing_ball/0001_4dcd6e7a6cfd.jpg,510,680,4dcd6e7a6cfd61ac923cde8cbc381d96fea4294a32c401b8e5f4787f3e44f2e1
puppy playing ball,pinterest,https://i.pinimg.com/originals/f5/0f/fe/f50ffee2a2a0192b4c673fa4369d58f1.jpg,dataset/images/puppy_playing_ball/0002_cb96cac6c1c6.jpg,494,590,cb96cac6c1c6e447934c3533f5bd03482063da3ec29df60b535fe65b59a94ab7
puppy playing ball,pinterest,https://i.pinimg.com/originals/bb/19/63/bb1963bf14d192f970f86dfb8b2af252.jpg,dataset/images/puppy_playing_ball/0003_180f06f41dba.jpg,1224,1632,180f06f41dba5c204dc1e5e88a1e4d7979b6bb5319487deffef99287cf69610c
puppy playing ball,pinterest,https://i.pinimg.com/originals/26/3c/68/263c68e232d12685bcadf3bdeee6c410.jpg,dataset/images/puppy_playing_ball/0004_51d723a0de54.jpg,736,736,51d723a0de54ef4b1492bedd5cb7fa2d1fc95980bcad6090ccf9b213973dd7bc
puppy playing ball,pinterest,https://i.pinimg.com/originals/d2/e5/b6/d2e5b6edbc768aed7c9889f54182f3c2.jpg,dataset/images/puppy_playing_ball/0005_8b1f18e91772.jpg,736,1104,8b1f18e91772db8a1f9bd3a1c5f035eab6dd397012645488b6e81fbe25f0a8ac
puppy playing ball,pinterest,https://i.pinimg.com/originals/93/4e/98/934e9839a3d9e66872721899ec651323.jpg,dataset/images/puppy_playing_ball/0006_3492b7950e50.jpg,720,1280,3492b7950e504ce08ce7fa08979cb9310f018f27f22b227ec818a235020efe66
puppy playing ball,pinterest,https://i.pinimg.com/originals/84/5e/9e/845e9eaa0f741c39bcef5000d9452b27.jpg,dataset/images/puppy_playing_ball/0007_58370f46732d.jpg,1440,1440,58370f46732da491266d740d2972d210421ba042735c5b409a03ee3a6765e204
puppy playing ball,pinterest,https://i.pinimg.com/originals/b7/97/53/b79753227c579fed22fb5237f42422bf.jpg,dataset/images/puppy_playing_ball/0008_1a9cffa3cb0b.jpg,845,450,1a9cffa3cb0bfe27fc11fdc5204e49039df5aa8f6478afd5cd60d95a4fb3fccc
puppy playing ball,pinterest,https://i.pinimg.com/originals/70/96/f5/7096f5c23f83e55e0c4e0c8c41979357.jpg,dataset/images/puppy_playing_ball/0009_5a2aed84ed6b.jpg,850,530,5a2aed84ed6b6972a34532babef580e03d13624c6ab9d2a2651dd082b26b87db
puppy playing ball,pinterest,https://i.pinimg.com/originals/e6/02/6d/e6026db1d9055f7a4a9faaea86f3a1f2.jpg,dataset/images/puppy_playing_ball/0010_ab28348ecf85.jpg,736,983,ab28348ecf8587e43cd32e0f025ba2de3d1720ace59cd56027d73e470b90d19f
puppy playing ball,pinterest,https://i.pinimg.com/originals/6c/bf/14/6cbf1496c0bc08fe2c583b2877381ad9.jpg,dataset/images/puppy_playing_ball/0011_022cc18b0b78.jpg,630,523,022cc18b0b788c3f0f48f156106b75fa25bfbce95508db6dec940d0e643855e1
puppy playing ball,pinterest,https://i.pinimg.com/originals/52/05/0e/52050e539ba62d033a3eb55ea78da5d8.jpg,dataset/images/puppy_playing_ball/0012_2e837cd9650b.jpg,736,1308,2e837cd9650b961e48b3bea3c6e39594cd00a302d3585fd7c6bed8271dea46d8
puppy playing ball,pinterest,https://i.pinimg.com/originals/1b/3a/bb/1b3abb6753e05a9e13a4f7f1f0165c77.jpg,dataset/images/puppy_playing_ball/0013_ff7bf76bad88.jpg,1024,1550,ff7bf76bad88de89df319e516bc82c9c058019f91b3d44a9d2c5bf2e023f3e55
puppy playing ball,pinterest,https://i.pinimg.com/originals/64/af/a0/64afa01d4bc6d0416b1f23a0117848e0.jpg,dataset/images/puppy_playing_ball/0014_b4ab4010d310.jpg,1319,1572,b4ab4010d31064b7b0471c98503dc328c924ca4293c8ebdf8781e804b0590f38
puppy playing ball,pinterest,https://i.pinimg.com/originals/03/c9/02/03c9029826d3bea0cc203d4e59bb8ed2.jpg,dataset/images/puppy_playing_ball/0015_2070ca6cd4bd.jpg,736,1308,2070ca6cd4bdb2e4856f5f062eceac3aa641a164d2a77c4c0bf79fbaf10ced56
puppy playing ball,pinterest,https://i.pinimg.com/originals/27/70/e5/2770e504439106bc28837472f78401d4.jpg,dataset/images/puppy_playing_ball/0016_e4c57e99fa93.jpg,562,1000,e4c57e99fa9387cb3e3e90685d8d988cb5c71f9a3e48dd1c8f639f1928cea0e1
puppy playing ball,pinterest,https://i.pinimg.com/originals/d8/bf/d8/d8bfd8599c8ee83eb7e35d9e99c44f45.jpg,dataset/images/puppy_playing_ball/0017_6d01c8618727.jpg,526,925,6d01c8618727f28213f7e7686904a34e59205654e61fd6da1279aa4ac4644b3b
puppy playing ball,pinterest,https://i.pinimg.com/originals/aa/be/5a/aabe5a047320b45dd6cf74cf74906c78.jpg,dataset/images/puppy_playing_ball/0018_49e4086fcfbf.jpg,600,709,49e4086fcfbf7fc0b078b091e18060bd505369cb1d0779a65807ce6fa743dda2
puppy playing ball,pinterest,https://i.pinimg.com/originals/eb/5a/9e/eb5a9e837e0aa4ba891c1f2040b2580f.jpg,dataset/images/puppy_playing_ball/0019_f0663a83c29a.jpg,720,960,f0663a83c29a1216de9c3b63a9d2d5fb7dbe2daf49f32ae6bbd9508083b1009e
puppy playing ball,pinterest,https://i.pinimg.com/originals/da/68/65/da686532aa9b555055b426b6ec23eb3e.jpg,dataset/images/puppy_playing_ball/0020_84305b09c8fc.jpg,736,1035,84305b09c8fcf27595504747b764fa620b57c59c24608a9f345298f47adebcb0
puppy playing ball,pinterest,https://i.pinimg.com/originals/21/f5/a5/21f5a52c3bf944119e11e5110cd56880.jpg,dataset/images/puppy_playing_ball/0021_d56c43f7e105.jpg,1280,1280,d56c43f7e1053ddeb4a73d9270778a40f29da5d15e71acaa4573215f0578ea89
puppy playing ball,pinterest,https://i.pinimg.com/originals/5f/f9/ef/5ff9ef8e682daa9d273f0bf12d76f9ab.jpg,dataset/images/puppy_playing_ball/0022_93b4bcdc1782.jpg,720,898,93b4bcdc178220054a206506330740656f24b0365a09003c50f68afaa359a640
puppy playing ball,pinterest,https://i.pinimg.com/originals/ef/79/12/ef791297339a91920749edad5ea46bc4.jpg,dataset/images/puppy_playing_ball/0023_0be43610cb29.jpg,736,1104,0be43610cb293cfaa10367d1b68965b14e271682e050f864d3168d62920ec04b
puppy playing ball,pinterest,https://i.pinimg.com/originals/c3/e0/86/c3e0860f8f8f2682d45fc93cf832aaa3.jpg,dataset/images/puppy_playing_ball/0024_d945411312e2.jpg,863,1079,d945411312e2ffb268fc455705e7ec81dcd4c89b79dd8235b5efc0802fc277bb
puppy playing ball,pinterest,https://i.pinimg.com/originals/b8/61/0e/b8610e2c2d0975a9456c71fd517819b4.jpg,dataset/images/puppy_playing_ball/0025_f04ae63291f4.jpg,720,1280,f04ae63291f434dfcb762f16221344854efd61a2e3e28ecd736345260bd72aab
puppy playing ball,pinterest,https://i.pinimg.com/originals/1c/ca/71/1cca71b2b2f1a6e35a026c4cebf0ba2b.jpg,dataset/images/puppy_playing_ball/0026_bced9f1455e9.jpg,1000,1500,bced9f1455e9b1c29aee681a4319d5956d8152f95e9b7adfc8c5c35e700aa0b9
puppy playing ball,pinterest,https://i.pinimg.com/originals/14/53/f8/1453f8afdd8d68fef61e817bf6042369.jpg,dataset/images/puppy_playing_ball/0027_a0232d564bbd.jpg,296,340,a0232d564bbd8e59a044a72204490c3af080b3181532a2bfb3dfe4322450abf0
puppy playing ball,pinterest,https://i.pinimg.com/originals/85/cf/7c/85cf7ce4d5bbc2f05bb181109601b2e4.jpg,dataset/images/puppy_playing_ball/0028_f5d59ea20dcb.jpg,626,626,f5d59ea20dcb50c9cf749d39a29c33c83c4bedb288891105a2989b3b6641ae60
puppy playing ball,pinterest,https://i.pinimg.com/originals/19/82/f8/1982f884fc6f80e808f87092538f9451.jpg,dataset/images/puppy_playing_ball/0029_bdf71ed80350.jpg,612,816,bdf71ed803508b6fcdb88bdce961b5439094ac8ebafe1f0c5afe0520893ce6b7
puppy playing ball,pinterest,https://i.pinimg.com/originals/36/21/d4/3621d4d23f1f80c23ee236d712ff2fb2.jpg,dataset/images/puppy_playing_ball/0030_5cbe849b98b2.jpg,608,1080,5cbe849b98b2c11d69cecbdcbc8fcd662a611b34af44d071db10568dbeacc20c
puppy playing fetch,pinterest,https://i.pinimg.com/originals/21/cc/b4/21ccb484f0b30c7c4298663b8f515656.jpg,dataset/images/puppy_playing_fetch/0001_75d4915854eb.jpg,1080,1920,75d4915854eb657fe895a65b70e85e6426e9aed48d8fc35d16492aaf128587d8
puppy playing fetch,pinterest,https://i.pinimg.com/originals/2c/98/63/2c98634d18ccd4839ecd5aa8d3913bd3.jpg,dataset/images/puppy_playing_fetch/0002_b41650e2cb62.jpg,1080,1920,b41650e2cb6229e452f055421e65fbd04f79d648283dde95302a928e4f6fd2af
puppy playing fetch,pinterest,https://i.pinimg.com/originals/6b/68/38/6b68387827f5757d286faff36fca60eb.jpg,dataset/images/puppy_playing_fetch/0003_bbc7e3ced590.jpg,380,654,bbc7e3ced59064ec30f29877746db4e2b618b1c662adb4533b9af659330f0ca6
puppy playing fetch,pinterest,https://i.pinimg.com/originals/9c/e0/ca/9ce0ca098122c53ead1fc367764594c5.jpg,dataset/images/puppy_playing_fetch/0004_683d7a2f25b3.jpg,542,960,683d7a2f25b30bb97c539da5082b45775ebe031e4fd445cd9e340e2bb0a88990
puppy playing fetch,pinterest,https://i.pinimg.com/originals/82/49/fd/8249fd5392ed82211aed457a50f63153.jpg,dataset/images/puppy_playing_fetch/0005_9354f9ca37a8.jpg,736,1308,9354f9ca37a8befde703d7af5d227bfbc0560d7e36efe986984066817cc5f4d8
puppy playing fetch,pinterest,https://i.pinimg.com/originals/d5/c9/40/d5c9405ec6e5c20ef5d9983462cf4e88.jpg,dataset/images/puppy_playing_fetch/0006_5bcf5b58ff13.jpg,683,1024,5bcf5b58ff13aabcf051a88c386889708033079df8eb5ff0afcade4ece640966
puppy playing fetch,pinterest,https://i.pinimg.com/originals/cb/66/b2/cb66b2526ac7cfde15d8beabf0992354.jpg,dataset/images/puppy_playing_fetch/0007_623138e7baef.jpg,720,1280,623138e7baefe82fd396406d8efb9ec463498c19cbcd678685657e82b90d0132
puppy playing fetch,pinterest,https://i.pinimg.com/originals/40/a7/1c/40a71c57a1f89ceaed7e444c012156f3.jpg,dataset/images/puppy_playing_fetch/0008_e4516cff743d.jpg,400,600,e4516cff743d18677ec1df80be6d34d239ec57ac49c7cc8a47bf66a4a3af191b
puppy playing fetch,pinterest,https://i.pinimg.com/originals/6b/5a/24/6b5a24ecc85b77b44e72c98e10053b12.jpg,dataset/images/puppy_playing_fetch/0009_25adad72d06f.jpg,1020,1435,25adad72d06f0dffdece206bbeeaf3cc1839f92f182a70c71ddc2cef007bb021
puppy playing fetch,pinterest,https://i.pinimg.com/originals/0e/1a/67/0e1a67ceeae8dc3255c75edb58c9ba5f.jpg,dataset/images/puppy_playing_fetch/0010_b12ec4ec66b2.jpg,574,960,b12ec4ec66b20c3e9794f6adf9b99c6a330373c3823382f5c7f9e87f73590974
puppy playing fetch,pinterest,https://i.pinimg.com/originals/9b/95/a2/9b95a29a3ab784436637c6cc52328017.jpg,dataset/images/puppy_playing_fetch/0011_1cd87d0ea281.jpg,673,1200,1cd87d0ea28140cb2873dd66a907e2d3946a132df82166acdffa6b5d1c59d8fb
puppy playing fetch,pinterest,https://i.pinimg.com/originals/58/b1/13/58b113e561d336725b214ec4637b6769.jpg,dataset/images/puppy_playing_fetch/0012_20ac2caf502e.jpg,360,640,20ac2caf502eba6ad41fd85efbff2bd779da5babaa6b8393bbf9e31776eccea7
puppy playing fetch,pinterest,https://i.pinimg.com/originals/83/98/28/8398281afb8614e16451609b9d841edd.jpg,dataset/images/puppy_playing_fetch/0013_9818a18748b3.jpg,582,633,9818a18748b36b0012c9a5bb9f56f57cfd33e3451e4192d8f79253e5d7e123a3
puppy playing fetch,pinterest,https://i.pinimg.com/originals/4c/e4/a5/4ce4a5a7567d65d266801a49d7a6e31e.jpg,dataset/images/puppy_playing_fetch/0014_4f216e61051d.jpg,480,480,4f216e61051d965f3d467c5461ad0fd2762cf5c5b3997016d3e5a9c310764469
puppy playing fetch,pinterest,https://i.pinimg.com/originals/6b/0c/ac/6b0cac7f55afd8e5ad0ae7d43768b6cb.jpg,dataset/images/puppy_playing_fetch/0015_bee3cd12404c.jpg,736,981,bee3cd12404cd3c219852d2ef9ccf19c538823a2a8cd2d742a2b6a6887fcc2de
puppy playing fetch,pinterest,https://i.pinimg.com/originals/68/05/b1/6805b14a597c162d5ad0c8cd9da270ec.jpg,dataset/images/puppy_playing_fetch/0016_434f10d09cab.jpg,735,1102,434f10d09cab5882526bef346c7f0f4fefaeccd7273f7f5f223d2eafefc7454b
puppy playing fetch,pinterest,https://i.pinimg.com/originals/3f/75/26/3f75268d12f55eeed8cbfafba271de34.jpg,dataset/images/puppy_playing_fetch/0017_fbfeef106054.jpg,1080,1920,fbfeef1060547ca8c329e3a97d21a5ef6a147d614a10d7212e78847d1f5552ea
puppy playing fetch,pinterest,https://i.pinimg.com/originals/40/9f/74/409f74fc7eeb324f766a90805e7dd66d.jpg,dataset/images/puppy_playing_fetch/0018_701f5b6e6e02.jpg,1072,1612,701f5b6e6e0293ebf4f168878a2d50be96e3ac53621c6b5a8a6a7fe17a78fbdd
puppy playing fetch,pinterest,https://i.pinimg.com/originals/7a/2d/4d/7a2d4dbe21888339bbc7446b08c45f38.jpg,dataset/images/puppy_playing_fetch/0019_46167877dcbb.jpg,640,498,46167877dcbb7f9d51dbf1a4155cb23aff50330473e286ce73bcef9a4c57a39c
puppy playing fetch,pinterest,https://i.pinimg.com/originals/1a/28/18/1a281824b2f1faab9678eab109d31c5b.jpg,dataset/images/puppy_playing_fetch/0020_8c411a676937.jpg,393,657,8c411a6769372edf33b50772bf219a41e49db886fe6c639181c53a79db396f3c
puppy playing fetch,pinterest,https://i.pinimg.com/originals/fa/22/23/fa22238df114140b5cf81c98e624f5f9.jpg,dataset/images/puppy_playing_fetch/0021_db833bcb7a35.jpg,673,1200,db833bcb7a35021791907a92cf47c867977e06ce6307ce887f73a5cfbe4dcb83
puppy playing fetch,pinterest,https://i.pinimg.com/originals/23/f7/fa/23f7faa73f978f2ac25133fc4657d0a2.jpg,dataset/images/puppy_playing_fetch/0022_aed724fed050.jpg,339,343,aed724fed050f6f1bdea919c4e9f66fc788fde84523ec6016f54d0440f674a4e
puppy playing fetch,pinterest,https://i.pinimg.com/originals/06/66/b9/0666b9b3e96edf7fa77416a3caccbfce.jpg,dataset/images/puppy_playing_fetch/0023_e111fd543744.jpg,1080,1920,e111fd54374463794c473b95afdf7f632f568d835b83cd8070baa55fd852c1b1
puppy playing fetch,pinterest,https://i.pinimg.com/originals/d2/21/5a/d2215a1b95984f6b5d5f33f1205b125e.jpg,dataset/images/puppy_playing_fetch/0024_bcc285f2535f.jpg,2048,2048,bcc285f2535fbfb84d9d7684b162788394aec397bf7e5d9c5fd0cc7ca4e81501
puppy playing fetch,pinterest,https://i.pinimg.com/originals/39/6b/81/396b81a2e906d6b185e2831f5c39d1fa.jpg,dataset/images/puppy_playing_fetch/0025_4cfc90e07beb.jpg,896,1593,4cfc90e07beb9f440e5aa9d2c9ad120850f9ebdd7d282ed8e010e5c5df1dd90b
puppy playing fetch,pinterest,https://i.pinimg.com/originals/11/f4/c0/11f4c0f4867aa2f2c2835572c658404e.jpg,dataset/images/puppy_playing_fetch/0026_32ead4f2e047.jpg,1000,1500,32ead4f2e0479bc621e0f8a2b2ceab25bfb05235b9f99f0092a91cc8cfb8ec53
puppy playing fetch,pinterest,https://i.pinimg.com/originals/a1/01/4c/a1014cfec3f7a72c17a520232c5df25c.jpg,dataset/images/puppy_playing_fetch/0027_f2e7e1a3ed32.jpg,1080,801,f2e7e1a3ed3225ae34c0c656a89effbdf86c916922c8df831777a4bbf440dabb
puppy playing fetch,pinterest,https://i.pinimg.com/originals/84/25/ac/8425acd5fdffc86b4f9e3b7b8314926c.jpg,dataset/images/puppy_playing_fetch/0028_43f5bb80ae6c.jpg,673,1200,43f5bb80ae6c014267ca255d046f38d195461245e3ffb5d284f73bf33819dba7
puppy playing fetch,pinterest,https://i.pinimg.com/originals/6f/c9/30/6fc93018246d0bf8ee99841fa896ca07.jpg,dataset/images/puppy_playing_fetch/0029_8f7e2985a754.jpg,768,1365,8f7e2985a7549e03cee5bb45196e7190bc25efdffe9af44866f5c3af69166062
puppy playing fetch,pinterest,https://i.pinimg.com/originals/b9/c0/12/b9c0128db6363bd933bad99fda21ef7a.jpg,dataset/images/puppy_playing_fetch/0030_4848dc030296.jpg,576,1024,4848dc030296adb30d3271593ae406fdba37419f1af117830725d9b635573c4e
puppy playing tug,pinterest,https://i.pinimg.com/originals/a5/d8/39/a5d839fb9660fade729154fb9eee345e.jpg,dataset/images/puppy_playing_tug/0001_6a0439524fef.jpg,1224,1632,6a0439524fef45309e9621779c39204c18f49fe3365516cf43c3a8584aef8ab5
puppy playing tug,pinterest,https://i.pinimg.com/originals/fa/dd/56/fadd564552684079835614122fa7fa35.jpg,dataset/images/puppy_playing_tug/0002_8cbff4ced436.jpg,600,600,8cbff4ced436cd2716372895fd324f9c6aefbfadcc5b44cc030516e4e1f1edeb
puppy playing tug,pinterest,https://i.pinimg.com/originals/f5/a5/cc/f5a5cc7916f8613773ddecb75a638522.jpg,dataset/images/puppy_playing_tug/0003_6dce7d141751.jpg,1440,1440,6dce7d1417518eb498a4cec0881671861209a8389656c9d81b7d998316cf5ff2
puppy playing tug,pinterest,https://i.pinimg.com/originals/1a/69/4d/1a694d59544c356bce5ed9912131fb07.jpg,dataset/images/puppy_playing_tug/0004_ffe50f3510aa.jpg,1440,1440,ffe50f3510aa14821852176a30bc8329c3617507fd08b2e54c8528260333f1c4
puppy playing tug,pinterest,https://i.pinimg.com/originals/e4/63/2f/e4632fe5ebb64bc88ddf25060d655db8.jpg,dataset/images/puppy_playing_tug/0005_5702559b6fa8.jpg,1913,685,5702559b6fa85418640ad8efb56a8038e2770917259fdf6ee2b8abd14d6a4a75
puppy playing tug,pinterest,https://i.pinimg.com/originals/f6/12/0d/f6120de7806569e29543df67933f0c57.jpg,dataset/images/puppy_playing_tug/0006_b5f96874f5ef.jpg,1440,1440,b5f96874f5ef73f3905914059a1248704c448628e81a740ff6439566aae58c39
puppy playing tug,pinterest,https://i.pinimg.com/originals/6c/95/4d/6c954d77090640a627aacd21265c37d4.jpg,dataset/images/puppy_playing_tug/0007_f9646440419b.jpg,900,1200,f9646440419b08defb3fd0704cafca8e2bc6f26f5b7bd2e62d44a6cda2c07f8e
puppy playing tug,pinterest,https://i.pinimg.com/originals/db/99/38/db99385f18879871df3bf43a04146cd8.jpg,dataset/images/puppy_playing_tug/0008_dbf37706ec25.jpg,736,1104,dbf37706ec2566e30eff2743145d6214ae7677f6d3c67543746a140a989c3658
puppy playing tug,pinterest,https://i.pinimg.com/originals/18/04/e7/1804e70eee2e7b3368c80920d5854627.jpg,dataset/images/puppy_playing_tug/0009_0d678e3f07d4.jpg,750,500,0d678e3f07d45692915979077b5813046408f5d0cbba387f2641a75433d763bd
puppy playing tug,pinterest,https://i.pinimg.com/originals/1c/14/0b/1c140ba2c697eae4d8cbf3d4734f5efb.jpg,dataset/images/puppy_playing_tug/0010_e55e88ae9a11.jpg,320,320,e55e88ae9a111406514d1937486dde0fcb309499586e37185a105cfa29ee7c80
puppy playing tug,pinterest,https://i.pinimg.com/originals/fb/0c/ed/fb0ced04e1e93d872c2bd41bb27bcd63.jpg,dataset/images/puppy_playing_tug/0011_821e9db01773.jpg,1000,1500,821e9db01773591ac17e443909b811d00cd20faff74828aff51362eb64783a10
puppy playing tug,pinterest,https://i.pinimg.com/originals/9a/2b/87/9a2b87170a2e0d98d20af7c5385a2405.jpg,dataset/images/puppy_playing_tug/0012_b45c551c086e.jpg,1601,1601,b45c551c086eaffcecca0380b96b5aa51beb41205ef735640dcdb3cb74f024b1
puppy playing tug,pinterest,https://i.pinimg.com/originals/da/94/6b/da946bc15f01c025b2d53262e51f4bb1.jpg,dataset/images/puppy_playing_tug/0013_8e2aaadd1b79.jpg,936,667,8e2aaadd1b79ac31e8a3ed49b89b2c9f1335fffb0caad7766ed2b5a4df7e63eb
puppy playing tug,pinterest,https://i.pinimg.com/originals/6a/ba/d6/6abad66ed9eb139b9b73a2e64c740499.jpg,dataset/images/puppy_playing_tug/0014_d9f354ddc04f.jpg,736,920,d9f354ddc04fcba7e08cb7277e5ed69f8c5ffaffe1e01c1ec8374ae362dd3668
puppy playing tug,pinterest,https://i.pinimg.com/originals/77/e6/fa/77e6fa73d585088a4dfd2c6ecf2227fa.jpg,dataset/images/puppy_playing_tug/0015_79fe5abdf29e.jpg,650,867,79fe5abdf29e4809e1782b3e66ea9f6686af893abfa143cd5bf45bc3299468d0
puppy playing tug,pinterest,https://i.pinimg.com/originals/74/c4/55/74c455c76efb002ead35ef6844e927f5.jpg,dataset/images/puppy_playing_tug/0016_5e575c5cb665.jpg,668,891,5e575c5cb665a4d80f5c48e001be2088ccc2c3a684eece84609ff92aa4505c8a
puppy playing tug,pinterest,https://i.pinimg.com/originals/5f/62/eb/5f62eb3641febb7564c01c1667cb6706.jpg,dataset/images/puppy_playing_tug/0017_5f65499cc653.jpg,1080,1920,5f65499cc653fa3776fdaf9bf4508e248709e9c5ec056210a68246b7d0a5c255
puppy playing tug,pinterest,https://i.pinimg.com/originals/cd/b1/6a/cdb16a2204ed8e8cc99ee7e992a5b11f.jpg,dataset/images/puppy_playing_tug/0018_7d451edfa14b.jpg,866,1540,7d451edfa14b3b32b0fc051e113efd0a37c596913f191d8ea5f82c5669028ff0
puppy playing tug,pinterest,https://i.pinimg.com/originals/50/4f/86/504f86acccc76372bbab566cf8df1740.jpg,dataset/images/puppy_playing_tug/0019_3528891d5b38.jpg,1080,1920,3528891d5b38cc28ac06879f69b41fd7441f41d6bb926f4235d9ad5f3c0fdffa
puppy playing tug,pinterest,https://i.pinimg.com/originals/ea/f6/bb/eaf6bb89ceaf876c13f10c430c82b72a.jpg,dataset/images/puppy_playing_tug/0020_6308d4fc1f6f.jpg,1200,1600,6308d4fc1f6fd095cb9d7505f68d403b9619576009251f6b826f5c35edc5e2c4
puppy playing tug,pinterest,https://i.pinimg.com/originals/f7/b2/08/f7b208d5eb1a1e5fe203f2fb2f92aa65.jpg,dataset/images/puppy_playing_tug/0021_61e269a93149.jpg,1600,1600,61e269a93149f022370989dc0bcebfb582fce8b6e76ef1ec0a1424348524228f
puppy playing tug,pinterest,https://i.pinimg.com/originals/16/c1/3e/16c13ed670dd19054b50261829b721f1.jpg,dataset/images/puppy_playing_tug/0022_60964ea0f151.jpg,1000,1500,60964ea0f15147e6f51893711e0f99d532371a8ecb87b7491e04da691dfadfcb
puppy playing tug,pinterest,https://i.pinimg.com/originals/52/3b/2c/523b2cce8f6a38a266e45f255530911a.jpg,dataset/images/puppy_playing_tug/0023_3e6887d2737d.jpg,2200,1987,3e6887d2737dfb3ede77bc8b76a362822c9b9fc98683082fb00233340a746741
puppy playing tug,pinterest,https://i.pinimg.com/originals/e0/cb/cb/e0cbcb33ea4b01a1b940c30ba73d59f9.jpg,dataset/images/puppy_playing_tug/0024_b4c3897a28e5.jpg,1536,2048,b4c3897a28e56c8b33c7f6bf41d7e29895a67bb7e8e98481ea833ecb2e65b105
puppy playing tug,pinterest,https://i.pinimg.com/originals/c4/e0/32/c4e0320834741d843bd8de0a82a1a9c7.jpg,dataset/images/puppy_playing_tug/0025_a01b0955d6c3.jpg,1000,1000,a01b0955d6c34f405568638dd8ad31df266508ac0bfc7100b40dfdd0e365437b
puppy playing tug,pinterest,https://i.pinimg.com/originals/06/39/17/063917eb6db289d73d42cd9c2adc2079.jpg,dataset/images/puppy_playing_tug/0026_3326719f6059.jpg,1080,1080,3326719f60593c4da901042b3618faf4921caac1a30d60c0addfbea6f21e6cec
puppy playing tug,pinterest,https://i.pinimg.com/originals/ca/bd/03/cabd038ad044741f72998886e466e49c.jpg,dataset/images/puppy_playing_tug/0027_e5035274459e.jpg,450,450,e5035274459e8093b61b8f9ade9d473ae87f9c8f3d99a3561adb6badf83b04ed
puppy playing tug,pinterest,https://i.pinimg.com/originals/87/92/16/879216b994750f39ad498f0e86fec5be.jpg,dataset/images/puppy_playing_tug/0028_8175098e0689.jpg,720,1280,8175098e068909482ff619f1bd12b90878d06eab274e28f7b740723c1409df02
puppy playing tug,pinterest,https://i.pinimg.com/originals/2b/c5/9f/2bc59faa2e6932d6d6b402e88a79144f.jpg,dataset/images/puppy_playing_tug/0029_cfebf0783f73.jpg,313,354,cfebf0783f73b67203d0d5d2c27d1db03d300d3897a0647f1bb84aa55a70936c
puppy playing tug,pinterest,https://i.pinimg.com/originals/cc/0e/0b/cc0e0b5816b1fef096f5ddbbd0c879fd.jpg,dataset/images/puppy_playing_tug/0030_a7e641a87655.jpg,720,720,a7e641a876552ec8257dc9f2a7437ed5e2b3eb5bb13a47cec32ddcbc20201dd2
puppy chewing toy,pinterest,https://i.pinimg.com/originals/3b/21/a7/3b21a765fd99081249c230724bcfb71b.jpg,dataset/images/puppy_chewing_toy/0001_9f16f04f9cea.jpg,1224,1632,9f16f04f9ceac049c57dbe2e1a5d532cc98517527289abf1db0f136e6ab8fbdc
puppy chewing toy,pinterest,https://i.pinimg.com/originals/e7/ca/ea/e7caeab85ab3beddc03699ed29c8321e.jpg,dataset/images/puppy_chewing_toy/0002_743e22c22a42.jpg,1600,1600,743e22c22a42aa3e4390c59d6225058cad9cef3ac82c49f0659fab31ab8d70e5
puppy chewing toy,pinterest,https://i.pinimg.com/originals/5e/3b/87/5e3b87ef4e1774c540fcb16b302c483c.jpg,dataset/images/puppy_chewing_toy/0003_fa144ba55e38.jpg,500,334,fa144ba55e38d168a2c9cd13962ee2580d2dfd3d1bef0971bebf8a7453ca9ac0
puppy chewing toy,pinterest,https://i.pinimg.com/originals/1b/b4/30/1bb4301b9cb7b22ed2631c85a046d6e6.jpg,dataset/images/puppy_chewing_toy/0004_72465fe2a8f7.jpg,480,480,72465fe2a8f74adb377d62f78f95fb1a5dd7d1791114f9ff5a24b32e8523b278
puppy chewing toy,pinterest,https://i.pinimg.com/originals/8a/f3/4b/8af34b41f4982b3bd24c6713be43e3eb.jpg,dataset/images/puppy_chewing_toy/0005_2279eb611bef.jpg,1440,960,2279eb611bef06308bec738f0dafc2422bf53373108d72a21bd9fe8d29345ad4
puppy chewing toy,pinterest,https://i.pinimg.com/originals/d4/f3/6c/d4f36c8f50cda48cbf6de43c964d538d.jpg,dataset/images/puppy_chewing_toy/0006_3580e5382e52.jpg,729,486,3580e5382e525496e7a154c3f4d2ac85a5b591e25fff5dad4270a55d24e7d94b
puppy chewing toy,pinterest,https://i.pinimg.com/originals/84/22/9b/84229bc9a50505c8dda4dd2550293f91.jpg,dataset/images/puppy_chewing_toy/0007_49f095287ccc.jpg,1168,1752,49f095287cccf4b6c543a09d051e16f3354f5e51225be697430a21e396d6abf1
puppy chewing toy,pinterest,https://i.pinimg.com/originals/1e/e6/b1/1ee6b1b8fd8b199843549b22465a2f2a.jpg,dataset/images/puppy_chewing_toy/0008_7ab0095b363d.jpg,1600,1600,7ab0095b363dc1e7710cdbe0583a4673a2d19f8f86287573551e2a3ece5edd86
puppy chewing toy,pinterest,https://i.pinimg.com/originals/a1/c9/a1/a1c9a1e992acc75f51cbf9900c705572.jpg,dataset/images/puppy_chewing_toy/0009_6c8390ffd8e1.jpg,768,1376,6c8390ffd8e1c2486694c2da118d0d7db41bab2b3ffb2b7ff481778778c9f642
puppy chewing toy,pinterest,https://i.pinimg.com/originals/4e/a7/fe/4ea7fe70be8ab9f33263d4affaa9b71a.webp,dataset/images/puppy_chewing_toy/0010_49ca2100be77.jpg,1254,1254,49ca2100be77ef423fce212594991f4b07857725b7231cc4fcb098adb330a5df
puppy chewing toy,pinterest,https://i.pinimg.com/originals/6f/e3/65/6fe365f61d1e375eb8aa3c9fa198495c.jpg,dataset/images/puppy_chewing_toy/0011_a9ec8234744f.jpg,1000,1000,a9ec8234744f488ff15849a36bc05b31bda90a3fc8d11020654a2b411b7e3da0
puppy chewing toy,pinterest,https://i.pinimg.com/originals/8b/d8/57/8bd857cc31eeadf144469b4cc6c83295.jpg,dataset/images/puppy_chewing_toy/0012_e64d7b848743.jpg,1600,1600,e64d7b84874396138ed129792eebc28a21bdb02c0a69422039f242a1e2c3139d
puppy chewing toy,pinterest,https://i.pinimg.com/originals/d8/d8/41/d8d841e249ca5a8c0b9839d65084c71f.jpg,dataset/images/puppy_chewing_toy/0013_1eff42703c71.jpg,1792,2400,1eff42703c7128268553071ae448e0bd3438f5156fb078ad3cdc6f93fa8c1174
puppy chewing toy,pinterest,https://i.pinimg.com/originals/aa/52/08/aa5208d30b960d0d7839df27d58118ba.jpg,dataset/images/puppy_chewing_toy/0014_34aec4f81d9e.jpg,450,450,34aec4f81d9e8514ad0148597557a50fa283eb899d2631e46b1cfc3f19f8d13c
puppy chewing toy,pinterest,https://i.pinimg.com/originals/dc/ba/e6/dcbae65a2ef5e54304d8d16b803acfd4.jpg,dataset/images/puppy_chewing_toy/0015_ba66b660ca29.jpg,1024,1024,ba66b660ca2994d2da67f87caf91346612fc81077b2091b39a5793f5110ad0f1
puppy chewing toy,pinterest,https://i.pinimg.com/originals/23/81/c2/2381c25dab7d3eb69965fddfea7ca8d2.jpg,dataset/images/puppy_chewing_toy/0016_62d536cb1343.jpg,1254,1254,62d536cb13430e51420187dd5a7b2238abb24c0ac743cf16cae3af07aec21404
puppy chewing toy,pinterest,https://i.pinimg.com/originals/9b/20/ed/9b20ed65d1ac062ea4daf61b1d010aed.jpg,dataset/images/puppy_chewing_toy/0017_e83973328b67.jpg,768,1024,e83973328b67bbf2a6183060ab116557e6a145ab02c06cd22c57fbcf14f7c8df
puppy chewing toy,pinterest,https://i.pinimg.com/originals/60/ba/40/60ba40193f93444ea79ae29534054b9f.jpg,dataset/images/puppy_chewing_toy/0018_6c3dc9abf809.jpg,1024,1280,6c3dc9abf8092cc14e4768197fe0dc5b3623ea273cef42a8fa531db5ddc81c5e
puppy chewing toy,pinterest,https://i.pinimg.com/originals/e4/ab/4b/e4ab4bba75dc2dbcf54111568d303fa1.jpg,dataset/images/puppy_chewing_toy/0019_4b42bf0590dd.jpg,1024,1024,4b42bf0590dd88d4c06eb9c421f06ff634deaf66de1abc326162d20abf44f091
puppy chewing toy,pinterest,https://i.pinimg.com/originals/de/48/83/de48835cead89659a76ef6cace4086da.jpg,dataset/images/puppy_chewing_toy/0020_203594e3b94e.jpg,1200,800,203594e3b94ef2ff86b896ac4ab0211ace0df2409942a1e2bca6a817cb7b3815
puppy chewing toy,pinterest,https://i.pinimg.com/originals/a4/a4/ee/a4a4eeccf6a414371e647ab79ec3e1d3.jpg,dataset/images/puppy_chewing_toy/0021_92f1d6e67ffc.jpg,1601,1601,92f1d6e67ffc139f83b371bb9726f28ab598655ba196e95aaf0b6601cbb1f083
puppy chewing toy,pinterest,https://i.pinimg.com/originals/f1/7b/09/f17b0928954035fa9f0166766158e8ae.jpg,dataset/images/puppy_chewing_toy/0022_41c760e8c798.jpg,414,386,41c760e8c798fb548230efc5117d98d8a7c657d3ae4064594e4c69cdc986d71a
puppy chewing toy,pinterest,https://i.pinimg.com/originals/b7/4e/cc/b74ecc5cd0d4ccd11591b6d2601dee85.jpg,dataset/images/puppy_chewing_toy/0023_b5913cdb5c3e.jpg,646,646,b5913cdb5c3efdab72d60b69cf7728f192960803b78389cfb174d192104e2faf
puppy chewing toy,pinterest,https://i.pinimg.com/originals/01/44/de/0144dea8cb9614d31347d08a8727eda8.jpg,dataset/images/puppy_chewing_toy/0024_19093e07e241.jpg,640,628,19093e07e24196b05c87c6cf613d6501a0dab7a4a8913cccc30937826ca04214
puppy chewing toy,pinterest,https://i.pinimg.com/originals/02/e6/c7/02e6c74cbb37bad4d22596761c6bef16.jpg,dataset/images/puppy_chewing_toy/0025_5675d900aa45.jpg,1278,1623,5675d900aa453e596e0e33b279319cad0f3b7168aef9d4f5a0cc6e1e09707c3f
puppy chewing toy,pinterest,https://i.pinimg.com/originals/b3/0a/6f/b30a6f1a76cc2daad4a2e1e662753e9a.jpg,dataset/images/puppy_chewing_toy/0026_4083b65bb94c.jpg,576,1024,4083b65bb94c86af1f6fc2d23a199ef2d59b4943a9b8ca305a0c685779ee620e
puppy chewing toy,pinterest,https://i.pinimg.com/originals/df/04/3c/df043cf0f7c363a6c6ae92f37822855f.jpg,dataset/images/puppy_chewing_toy/0027_31a7f8c5c872.jpg,960,943,31a7f8c5c87297a1c99701c383d636607fa5fc5a1b1d0bc06257bce4a0c09fb9
puppy chewing toy,pinterest,https://i.pinimg.com/originals/4d/3c/5f/4d3c5f71f9fd543cef5d95827a3e9478.jpg,dataset/images/puppy_chewing_toy/0028_21a77d2abb52.jpg,1040,1376,21a77d2abb52ff6a1ae474cf69ea51a67190a91fb7bd775d0d353697b3144839
puppy chewing toy,pinterest,https://i.pinimg.com/originals/23/18/20/231820d8a4319e3684563869914da40f.jpg,dataset/images/puppy_chewing_toy/0029_874a6b1a4122.jpg,836,1254,874a6b1a4122b394057f44c736fbe01f7f82f5bbab4834341c207ac3e311dd6d
puppy chewing toy,pinterest,https://i.pinimg.com/originals/25/60/9b/25609be5090c1c7451fac20e5ca66672.jpg,dataset/images/puppy_chewing_toy/0030_8b95cce7cdad.jpg,564,846,8b95cce7cdadeebd8bc8f7dd34d87f10eee716ac59fded83338a43de58a326ed
puppy chewing,pinterest,https://i.pinimg.com/originals/54/3c/b4/543cb48c193ae7ea69d8d64c6ae78e36.jpg,dataset/images/puppy_chewing/0001_c97ebac3e064.jpg,2448,3264,c97ebac3e0643933c924ab05a95f8fe4637f80179f4a1662065c4a46d5f4bbec
puppy chewing,pinterest,https://i.pinimg.com/originals/3a/1f/1f/3a1f1f3621674e11530cf9a3233f101d.jpg,dataset/images/puppy_chewing/0002_302f5392cbf9.jpg,2594,1945,302f5392cbf97d38a2832359f594d0ac10c4391ba524be66b66b0120d77ef410
puppy chewing,pinterest,https://i.pinimg.com/originals/c9/86/22/c98622e2220443a7da672ad752b10559.jpg,dataset/images/puppy_chewing/0003_b4fdf8da142c.jpg,680,453,b4fdf8da142c085d7cb3f338773ca25194e95ee866d8565d0de113764d374059
puppy chewing,pinterest,https://i.pinimg.com/originals/2d/47/4d/2d474dd2732ea17abed37992079cc679.jpg,dataset/images/puppy_chewing/0004_02ca9257b8a9.jpg,600,400,02ca9257b8a9da1cee61237c85b3fc647166ab8ba57b4ff1b61bf4a326e2237f
puppy chewing,pinterest,https://i.pinimg.com/originals/6e/2f/84/6e2f8493c2c72c897e79280a98c6f800.jpg,dataset/images/puppy_chewing/0005_fece21210b9c.jpg,1417,925,fece21210b9c7d7e21bf72c4a07cf9cd3be1e8248573bf99ec4f37425bcacec9
puppy chewing,pinterest,https://i.pinimg.com/originals/52/b0/1b/52b01b97d27483fc6b1f9ee0f28b07a8.jpg,dataset/images/puppy_chewing/0006_6dd1ca6983a9.jpg,1024,683,6dd1ca6983a904c2f8d28c53bff66d347e04b09b479aea1024cb0b9dc95d8eeb
puppy chewing,pinterest,https://i.pinimg.com/originals/1c/77/e5/1c77e52e965bba77d11027783095e3a2.jpg,dataset/images/puppy_chewing/0007_dbbe4fb79dad.jpg,480,640,dbbe4fb79dadd823dc13ab4b013328bbbddc2aa9432e3cb1b233036a79ca830b
puppy chewing,pinterest,https://i.pinimg.com/originals/00/cb/1b/00cb1b231cd9c0bb389c53d53b5a081a.avif,dataset/images/puppy_chewing/0008_199d4a5e9295.jpg,1536,1024,199d4a5e9295b28584416dbe0e39a930177185883bf6f7522612a905a898b739
puppy chewing,pinterest,https://i.pinimg.com/originals/71/2e/c4/712ec4fe2475129c48569f2507429905.jpg,dataset/images/puppy_chewing/0009_c04aa2f1a0cb.jpg,2560,1709,c04aa2f1a0cb068012e9a5449aa8da16bdf8f7f6cf0a2151cb8a3fd81edc491f
puppy chewing,pinterest,https://i.pinimg.com/originals/0d/08/6b/0d086be742414e270cc26b807d05c9b9.jpg,dataset/images/puppy_chewing/0010_16c8b380f42f.jpg,1024,1024,16c8b380f42fe2cc1a3996c2045bbaca4b038b277bb8eae6e07196076a939387
puppy chewing,pinterest,https://i.pinimg.com/originals/be/16/8c/be168c767a9f5a894d2803b04cfcb917.jpg,dataset/images/puppy_chewing/0011_31bd7c0b8c54.jpg,278,300,31bd7c0b8c541ce3a52b4782c5b5ee263148c9547396b3f4bb1e26948d3c0b56
puppy chewing,pinterest,https://i.pinimg.com/originals/03/e6/88/03e688626748baedf3035eaec024123a.avif,dataset/images/puppy_chewing/0012_a45e00f9c55f.jpg,1536,1024,a45e00f9c55f9543df7f1cfc7096cfde7edc2d6390d0ac0d1cb51a64f8f15b72
puppy chewing,pinterest,https://i.pinimg.com/originals/93/9a/29/939a2917c06dcce310bc2cfc9d57120f.jpg,dataset/images/puppy_chewing/0013_a1028a938e47.jpg,1080,1080,a1028a938e476e549cc02483214d13c93a083a9fea206a1cba3ae8d70aafc2c6
puppy chewing,pinterest,https://i.pinimg.com/originals/bf/52/11/bf5211fd6ddeb0ab022f1c5b8146f0e8.jpg,dataset/images/puppy_chewing/0014_f6e4d3707d2b.jpg,1024,1024,f6e4d3707d2ba7b3c6258f8aaa896ea64568808d10590457f5f8b05a2fb806b7
puppy chewing,pinterest,https://i.pinimg.com/originals/77/30/9f/77309fa0973d4c0a71ef4c65bfc3c1c0.jpg,dataset/images/puppy_chewing/0015_9d8bc104ec61.jpg,850,850,9d8bc104ec617c6ecd9721f171160c75628d12973b52659853e9c2907ceea302
puppy chewing,pinterest,https://i.pinimg.com/originals/80/1c/1a/801c1ab09bc6621ec0892d0caeecad85.jpg,dataset/images/puppy_chewing/0016_8a659a378024.jpg,907,605,8a659a378024584904b48243fb114789a9386cc62e48f69f7230cc130cb3ae31
puppy chewing,pinterest,https://i.pinimg.com/originals/06/82/4b/06824b8571d03ce405753c4f98464b91.jpg,dataset/images/puppy_chewing/0017_3f45d2011fd7.jpg,1024,1536,3f45d2011fd787c9baa1d373e8508e9d756fb4167ceb79cb011d610e49b6b691
puppy chewing,pinterest,https://i.pinimg.com/originals/06/71/c3/0671c343045f4d8778f5deb2de81df32.jpg,dataset/images/puppy_chewing/0018_235096cc36c5.jpg,488,837,235096cc36c54b236e1462b82274b85a747991fad0d00000af59a41a407624f7
puppy chewing,pinterest,https://i.pinimg.com/originals/ca/6a/c3/ca6ac369bfbcc93ac178c44947e8a4bf.jpg,dataset/images/puppy_chewing/0019_f445d76bfdd4.jpg,473,315,f445d76bfdd4d7e929f1055a662df63d7a0768d9e74df65a3282058fe02377be
puppy chewing,pinterest,https://i.pinimg.com/originals/08/6b/a2/086ba21226b514039d5ef850f49617ca.jpg,dataset/images/puppy_chewing/0020_7955ec2e8d4e.jpg,584,960,7955ec2e8d4e61af5f49e222a523cca480c98be37b72fab995cf966438b8ff86
puppy chewing,pinterest,https://i.pinimg.com/originals/27/de/87/27de878978931307c1527cda69bf2d70.jpg,dataset/images/puppy_chewing/0021_82e22aaa7b7a.jpg,2000,1482,82e22aaa7b7a386a084beb77f2826088b78bbd8c16f4fca0fbef6b035adee784
puppy chewing,pinterest,https://i.pinimg.com/originals/dd/0d/eb/dd0deb6a05f7d89173b72a2fa2b34d58.webp,dataset/images/puppy_chewing/0022_4904f6463922.jpg,1608,933,4904f6463922c13600861ca96f5d23cd73fd3fc8297e9a07da1a55b2afbe81ae
puppy chewing,pinterest,https://i.pinimg.com/originals/3c/a8/29/3ca82907a9776444efa947958a495271.jpg,dataset/images/puppy_chewing/0023_70d4dcb140db.jpg,600,400,70d4dcb140db9b494cdcc2c12685ed105c417fbb27e93a199061ae803e6b1337
puppy chewing,pinterest,https://i.pinimg.com/originals/a0/37/f1/a037f14c44a7dea21351171a5b54fec6.jpg,dataset/images/puppy_chewing/0024_6d0f37377d4e.jpg,720,960,6d0f37377d4ea3340588de5f240dc64b0b9c9b9f05eac9fc3a27ffa73d90e617
puppy chewing,pinterest,https://i.pinimg.com/originals/73/22/22/732222b1eb844e605fdafeb29d4cbd70.jpg,dataset/images/puppy_chewing/0025_72911acf5d2a.jpg,920,960,72911acf5d2a122436830faa762b8569d3a1c16e52b60fc01ef02a6244059461
puppy chewing,pinterest,https://i.pinimg.com/originals/aa/c6/b9/aac6b961e82c588b7c5e57657713e113.jpg,dataset/images/puppy_chewing/0026_58cd45503f64.jpg,1080,1920,58cd45503f64eee091204f51fa4665733cae1bc4b1f6b2127b9aecca2365950d
puppy chewing,pinterest,https://i.pinimg.com/originals/b0/17/ad/b017ad53d6959d76b51fffe841e203b1.jpg,dataset/images/puppy_chewing/0027_f47f95342c10.jpg,500,666,f47f95342c10605b9697e2663df97e30982be5b39f80c32e36c1b139a2426170
puppy chewing,pinterest,https://i.pinimg.com/originals/c1/8e/3e/c18e3e669203b4c0c87d00e5c5c3dadc.jpg,dataset/images/puppy_chewing/0028_0979b8502205.jpg,736,736,0979b85022058f36b172ede0bbb5104319bf22938c00a2f4335a650641656f1e
puppy chewing,pinterest,https://i.pinimg.com/originals/4c/cf/42/4ccf42be77a7f6f65a4e0bf2bea9f14f.jpg,dataset/images/puppy_chewing/0029_42b0de330083.jpg,335,285,42b0de330083e449dd147306f3acb0bb96dfb5a6bb11081df3cfce9a672e62a8
puppy chewing,pinterest,https://i.pinimg.com/originals/65/c5/07/65c50770d93b5aaa41a02fcc95c1cb04.jpg,dataset/images/puppy_chewing/0030_787faf036840.jpg,848,1264,787faf03684083beb97a19627e567787370c26fefe129b876138b0cd3193a468
puppy digging,pinterest,https://i.pinimg.com/originals/3d/44/b6/3d44b64bea1bc1824ae8e0ed7381a124.jpg,dataset/images/puppy_digging/0001_317f67b7263e.jpg,939,980,317f67b7263ee2fd957cc5562026027667160a38f1e2a3467f465d596a638e0e
puppy digging,pinterest,https://i.pinimg.com/originals/50/ad/0a/50ad0a377fca28c4570a720a853a7f95.jpg,dataset/images/puppy_digging/0002_8fe2c349e9fc.jpg,1200,800,8fe2c349e9fcc676881b556bba5fe7558c07bef2c61f686c7f3dd89c9065a258
puppy digging,pinterest,https://i.pinimg.com/originals/07/fa/e9/07fae9ec534017a7449eecc8d70b1dba.jpg,dataset/images/puppy_digging/0003_b4260307b438.jpg,720,900,b4260307b438f98c62b88e3aa023c424c84f663fdff5fea735deecc3f269a264
puppy digging,pinterest,https://i.pinimg.com/originals/61/0b/34/610b34a44bdb9b2fe6df0b19313e7839.webp,dataset/images/puppy_digging/0004_ef952d940878.jpg,1536,1024,ef952d940878c03b1ee320c732a77cbdcf63d2134381f3905bcc85bcdd92dc6d
puppy digging,pinterest,https://i.pinimg.com/originals/b9/df/28/b9df286c0f54ebc3f481523babf92b0b.jpg,dataset/images/puppy_digging/0005_52c08c42cef7.jpg,947,894,52c08c42cef7bfd6d457052c835e1fa6a31c4f394c2f1afd8f2732ea89033d38
puppy digging,pinterest,https://i.pinimg.com/originals/6d/0d/d2/6d0dd29188d909ceb1ca254674951985.jpg,dataset/images/puppy_digging/0006_9fe58c8c19d2.jpg,800,1200,9fe58c8c19d2f4391cb6cad7671f15a47a7b37cffb54e640c22f5b482e4d46e4
puppy digging,pinterest,https://i.pinimg.com/originals/46/5a/fc/465afc71c2b3625bb1b06efce48a2e6c.jpg,dataset/images/puppy_digging/0007_8e56c7e0de4a.jpg,683,454,8e56c7e0de4a0350c2a03565ee3b560eeec522c6b4a6fd9c7dd344cb14bfddc8
puppy digging,pinterest,https://i.pinimg.com/originals/03/80/11/038011b20431d840b8bfc9674c7a5193.jpg,dataset/images/puppy_digging/0008_f2146f2c99bb.jpg,2560,1920,f2146f2c99bbf9f348a4e0bfc2bf1bce8b1499594bb02a9ff287162ebfa6e9c4
puppy digging,pinterest,https://i.pinimg.com/originals/ed/0f/2a/ed0f2ab6817ccd6108c25a2cd458f456.jpg,dataset/images/puppy_digging/0009_af5457a20ac0.jpg,845,450,af5457a20ac0291d7d773b12ff3abdb533d4ce8ccd26551971c9a5343250b502
puppy digging,pinterest,https://i.pinimg.com/originals/f1/00/f9/f100f9972044f6124ddb4a5f334b3fcc.jpg,dataset/images/puppy_digging/0010_73e087552c6e.jpg,960,960,73e087552c6e92c0a9787a944195f8112da2861f7bb7f83481a2cf1c857e48a8
puppy digging,pinterest,https://i.pinimg.com/originals/3d/27/a9/3d27a90c89c97bb7b1115521507684a9.jpg,dataset/images/puppy_digging/0011_b9c37b458b7c.jpg,500,510,b9c37b458b7c36a36a9f32e1e83088bede0aa000fe0bbb84c056fe5c55db404d
puppy digging,pinterest,https://i.pinimg.com/originals/f2/3e/68/f23e682ededd921b044d683b9f126347.webp,dataset/images/puppy_digging/0012_bd07408fca20.jpg,1000,667,bd07408fca2060f7610f91f413af08758391734ac9f5fd8c81b8b1f4abe8cf6d
puppy digging,pinterest,https://i.pinimg.com/originals/b3/75/6c/b3756c389f05ffcbe6e3e16849570e51.jpg,dataset/images/puppy_digging/0013_099735806fbc.jpg,1080,1080,099735806fbc39fff8d58f6e81f7c5cde28e0e70c38c1f8df59c9d45990533be
puppy digging,pinterest,https://i.pinimg.com/originals/67/2d/6d/672d6df47093b364c178d2e3979afe5b.jpg,dataset/images/puppy_digging/0014_891a5ee12072.jpg,3264,2448,891a5ee120728ec4670d2096f3efcf7e021b8cc0943415fdb81b811f79ac9cd8
puppy digging,pinterest,https://i.pinimg.com/originals/75/54/78/755478f94fb85c014d5ac1f9c61e88b7.jpg,dataset/images/puppy_digging/0015_c4a6b1852ab6.jpg,288,512,c4a6b1852ab674a60cb30f7ef66ac15c8e1a2ebde766b9160adc349d2384d846
puppy digging,pinterest,https://i.pinimg.com/originals/4a/2c/1f/4a2c1fe851d2f2a14adf3c156c2d5e22.jpg,dataset/images/puppy_digging/0016_853c0fced32d.jpg,635,388,853c0fced32d46b35589862fea97fcc471790a62e2398f9148411113a75c4886
puppy digging,pinterest,https://i.pinimg.com/originals/d4/71/e4/d471e425f13281c03f01eec4d0ecc738.jpg,dataset/images/puppy_digging/0017_e601c2867d5a.jpg,720,960,e601c2867d5a6e7181390489839a57b0745e876e26f0a6018a897ebca1475e8a
puppy digging,pinterest,https://i.pinimg.com/originals/f7/5d/b9/f75db96e5e3ffa44d99b3d426b86a88e.jpg,dataset/images/puppy_digging/0018_35fce11d722a.jpg,1669,1920,35fce11d722a0465032abb82a061bddc8ad1d5dc18c4f972b7668c3cbeb22bef
puppy digging,pinterest,https://i.pinimg.com/originals/45/d7/3b/45d73b5cdc213a9b1fbd058400492a80.jpg,dataset/images/puppy_digging/0019_b5f18dafd908.jpg,2848,4288,b5f18dafd9082cdc3dea3756afced3740d934216b310d343d2eb7439f8838544
puppy digging,pinterest,https://i.pinimg.com/originals/75/8f/7e/758f7e608cc0f41c24e3cdfdbcd6ba8c.jpg,dataset/images/puppy_digging/0020_2ffcd8f58147.jpg,500,375,2ffcd8f581472b93b2528477ac6572e380142d03aecda252e0994fcd65b08544
puppy digging,pinterest,https://i.pinimg.com/originals/2b/62/12/2b6212bfad03a5242ac342e531d04200.jpg,dataset/images/puppy_digging/0021_5944fcbb3b45.jpg,1024,1024,5944fcbb3b450d32d9ab225ec857ae4d729171c3b7c1ca2e1f6647a8ac2dfbeb
puppy digging,pinterest,https://i.pinimg.com/originals/44/74/95/44749541be8e56bda4cd54a5cb3d970c.jpg,dataset/images/puppy_digging/0022_372ddcb1925b.jpg,640,640,372ddcb1925b9cff6c08cfc7f26cb312c24fdae1eab5d82864dcf726471bedbb
puppy digging,pinterest,https://i.pinimg.com/originals/4e/8d/9a/4e8d9a23b961ecab2067ba4c017a80d2.jpg,dataset/images/puppy_digging/0023_71eee28be8a9.jpg,572,399,71eee28be8a9f467a2d8532bc120d6eaf656b6836603b6411c97c444edb417b8
puppy digging,pinterest,https://i.pinimg.com/originals/cf/79/d7/cf79d7209c4750efe4c65ef616e52984.jpg,dataset/images/puppy_digging/0024_6b08668c4775.jpg,335,285,6b08668c47750aa402b3f5f889200a9b71925ff37e08bbe4ef4e886dadc5d43f
puppy digging,pinterest,https://i.pinimg.com/originals/d6/2e/75/d62e75cc23d56c26c577272e0fc48fce.jpg,dataset/images/puppy_digging/0025_7fbc1a7126d0.jpg,680,512,7fbc1a7126d0168d9bf4eb323107ded4e7ae15134d52ccace6a6b6412a936fb7
puppy digging,pinterest,https://i.pinimg.com/originals/bf/f9/34/bff934957c2121e64d152027e594edac.webp,dataset/images/puppy_digging/0026_fe86d7b16483.jpg,375,375,fe86d7b16483af192fd4608ab6ce7b1c3d43ab05372c456be949a96237007760
puppy digging,pinterest,https://i.pinimg.com/originals/9b/cb/2c/9bcb2c3ef1d9726f9d930f09914a0c37.jpg,dataset/images/puppy_digging/0027_d6e1b0f248de.jpg,540,720,d6e1b0f248de8c7ceb9324e3cf17ad7242a16c4be34a3918cf486a734819925e
puppy digging,pinterest,https://i.pinimg.com/originals/8b/67/56/8b67560881a96ef665277629b1f47c4f.jpg,dataset/images/puppy_digging/0028_8c6abf3c1099.jpg,729,486,8c6abf3c10991deddcce1be55427ef7cda3ffe92995c0e7a8a09e7b3215c019e
puppy digging,pinterest,https://i.pinimg.com/originals/b6/1c/f0/b61cf05c5e1d694cee6aeee84494de51.jpg,dataset/images/puppy_digging/0029_ca825409abb1.jpg,730,547,ca825409abb1a68b06efc876f434ae3160b01a96a499fe295db4bcc77dbe995f
puppy digging,pinterest,https://i.pinimg.com/originals/7e/48/32/7e4832180b338bccdc193a871a221db1.jpg,dataset/images/puppy_digging/0030_e2d590f6422f.jpg,896,1200,e2d590f6422f17901c2083a73ea046e58710e5e4e0ad210139ba572ded31a4cc
person real photo,pinterest,https://i.pinimg.com/originals/ce/ad/94/cead941fca1ea8075e01f564f1eedf98.jpg,dataset/images/person_real_photo/0001_114423bdfae3.jpg,2732,4097,114423bdfae35728a032d25c00b023ba4b14100767543111ce647f266134a010
person real photo,pinterest,https://i.pinimg.com/originals/91/71/72/9171729dc4f1ea3a4ce1468f4ef5b73b.jpg,dataset/images/person_real_photo/0002_f297eb515b30.jpg,675,1200,f297eb515b30e7752f5d5d8a15ccf2c89d740cb364b8fdd1216be6dd87ea9220
person real photo,pinterest,https://i.pinimg.com/originals/15/95/7c/15957c03972a4187797bd28ab8da82ae.jpg,dataset/images/person_real_photo/0003_7ef1cd83057f.jpg,1344,1792,7ef1cd83057f3561f4610ffe81914e248bcfee19b2727a116caa8f09c4a7f585
person real photo,pinterest,https://i.pinimg.com/originals/d9/5f/13/d95f135e567815533e4416d69e369b15.jpg,dataset/images/person_real_photo/0004_5d004bfa74ab.jpg,720,1149,5d004bfa74ab814828a32fbf67a8ea7aa586dc29ab69924787d1853bae554def
man real photo,pinterest,https://i.pinimg.com/originals/aa/33/74/aa3374405c8d93a5a0d314aa7fd08b45.jpg,dataset/images/man_real_photo/0001_5d907c48ac64.jpg,1277,2082,5d907c48ac644a4b72f4af73abd9e406a9636c0707183de2406e61d8c23486a6
man real photo,pinterest,https://i.pinimg.com/originals/89/7c/b3/897cb3f76f3068b2699b3a3dc25b2171.jpg,dataset/images/man_real_photo/0002_835f47b0b834.jpg,736,1104,835f47b0b8347b51e65cda322ce3e6dfd82c05b2136a0da53d79158e7ca1cb19
man real photo,pinterest,https://i.pinimg.com/originals/56/7e/fc/567efc154766b5ff54b3ead274e4fa3d.jpg,dataset/images/man_real_photo/0003_8433123757b2.jpg,1080,1862,8433123757b27c646ed46f076a318ba1b02c58f8f17f2de01d7dac843e8802a6
man real photo,pinterest,https://i.pinimg.com/originals/7b/9e/8b/7b9e8b1de3cce649f83a27c92d162232.jpg,dataset/images/man_real_photo/0004_242294af2f01.jpg,736,1308,242294af2f0178fee05b7427c9e44ec737e01d4a09ec20e34d84c9cf6252a3f9
woman real photo,pinterest,https://i.pinimg.com/originals/ba/d8/13/bad81386722dcdd6e0dca21e3b739ddf.jpg,dataset/images/woman_real_photo/0001_4c4ab91959de.jpg,675,1200,4c4ab91959de85a19d61bab116e095832f1462eb00d817fd5a594a515d44d1a0
woman real photo,pinterest,https://i.pinimg.com/originals/9e/29/68/9e29687810e4b70889c7eea25415bb75.jpg,dataset/images/woman_real_photo/0002_268029de687a.jpg,900,1200,268029de687a7a97e6803717e7d5d8925782a2dfd057ba798566aff35af2b608
woman real photo,pinterest,https://i.pinimg.com/originals/8a/f5/f9/8af5f9f265e3dac75932e51af3ac99f8.jpg,dataset/images/woman_real_photo/0003_ea8b015bddce.jpg,556,1024,ea8b015bddce00105b5095549b954245e1d7784a51a3af3d5cfa34cd53e1164d
woman real photo,pinterest,https://i.pinimg.com/originals/e0/75/ec/e075ec053fa5b62a9b3849dffc436714.jpg,dataset/images/woman_real_photo/0004_54b7f038c252.jpg,1080,1920,54b7f038c252d1c5cc0cbc4db230606bd9e00f02b7a4984462dd2a4404b365ca
young woman real photo,pinterest,https://i.pinimg.com/originals/dc/84/da/dc84da720f31388c05864f8043ec0361.jpg,dataset/images/young_woman_real_photo/0001_6c57134d07c4.jpg,715,953,6c57134d07c4c99f969f958073fba4e79ac003821c14078fea0c24d84fd5b79c
young woman real photo,pinterest,https://i.pinimg.com/originals/60/1f/3b/601f3bfe071d3fc17dbac6008d49daef.jpg,dataset/images/young_woman_real_photo/0002_a2e20251c947.jpg,720,877,a2e20251c947333de38708e27cca6f4e4a14c275055a873e53bd0dd9aedd6a88
young woman real photo,pinterest,https://i.pinimg.com/originals/b3/da/de/b3dadeeb52b0e7b8535a89ded45f9aa4.jpg,dataset/images/young_woman_real_photo/0003_3ab70d46a68d.jpg,736,1104,3ab70d46a68d2b36005bcf4c9eba7bb84d3d1c5313713c68abbfa77f7604f1ed
young woman real photo,pinterest,https://i.pinimg.com/originals/8a/eb/ce/8aebce394527115466efeef275e9450f.jpg,dataset/images/young_woman_real_photo/0004_c8558f9abf07.jpg,900,1200,c8558f9abf07e616b4504f4b78c58865cfa1d07b05ff1e53a0aaa3c1ccbe8fb8
elderly man real photo,pinterest,https://i.pinimg.com/originals/cf/df/ec/cfdfecf476834f9aa394bd218c5260b8.jpg,dataset/images/elderly_man_real_photo/0001_8f4e3e5ec6ba.jpg,1278,1704,8f4e3e5ec6ba0fdf2a5011c32bd53e3f0529294a1edd5ac2a04d7244045b9b65
elderly man real photo,pinterest,https://i.pinimg.com/originals/75/57/82/7557822f9c971381b481d06da1f2ac64.jpg,dataset/images/elderly_man_real_photo/0002_f01a28f41c3b.jpg,774,1032,f01a28f41c3b6cb4cec99c8a4d0b37956f5e3369c15576af97181398184d3913
elderly man real photo,pinterest,https://i.pinimg.com/originals/f7/10/a2/f710a2ec73e6dabe32a809628a25f90e.jpg,dataset/images/elderly_man_real_photo/0003_344dac669359.jpg,674,1200,344dac66935901c757710203464f425d8f87ef686b3bfd063894c0197301785d
elderly man real photo,pinterest,https://i.pinimg.com/originals/24/11/6d/24116df9d3bf47801beae09a1b2e225f.jpg,dataset/images/elderly_man_real_photo/0004_b6f2edd7ab78.jpg,800,1200,b6f2edd7ab78f83ed1ce65c171cd4a2deeb56b850f03e976ff7688ccf5fbc0de
elderly woman real photo,pinterest,https://i.pinimg.com/originals/21/e0/9f/21e09f09136683a06cf7427aac73a238.jpg,dataset/images/elderly_woman_real_photo/0001_5dd61706d415.jpg,675,1200,5dd61706d415177fb62a57c95233d3da3aa3d503d5708fe112c209f4a98f61f3
elderly woman real photo,pinterest,https://i.pinimg.com/originals/9e/3c/07/9e3c07bf635512e992f6604f07c0954a.jpg,dataset/images/elderly_woman_real_photo/0002_fbedae3b6e1b.jpg,1080,1631,fbedae3b6e1b6596f720cae476c4a4ce938067deb371b03157ed57cfb3ded24b
elderly woman real photo,pinterest,https://i.pinimg.com/originals/92/a9/6b/92a96b69e2136a3193dd215e5626c39f.jpg,dataset/images/elderly_woman_real_photo/0003_3e2bbf8bc4fa.jpg,736,1104,3e2bbf8bc4fa4117685fa148cabc90d39738130debe8e919380205f77d0115e1
elderly woman real photo,pinterest,https://i.pinimg.com/originals/b2/12/ac/b212ac20ede073b75a5443163f82ac46.jpg,dataset/images/elderly_woman_real_photo/0004_3a8fb4849928.jpg,747,1328,3a8fb48499289d9c9f2acbcb93e3faebde7ec1eaa5c10d22a7a725d78647950d
person face close up,pinterest,https://i.pinimg.com/originals/9e/20/14/9e201471fa5b495cffec6f376c180f48.jpg,dataset/images/person_face_close_up/0001_fd8679ea93ed.jpg,720,960,fd8679ea93edcd0e9338b223d4e6008db1ce2777aa884f33ac408727145a29db
person face close up,pinterest,https://i.pinimg.com/originals/4a/05/33/4a05335bfb849beb2f1513d3094ac91b.jpg,dataset/images/person_face_close_up/0002_64378de85c78.jpg,533,800,64378de85c78ea1e2f076397665a265ac38f253de0c1b1f24fe048e520990382
person face close up,pinterest,https://i.pinimg.com/originals/de/98/fa/de98fa65fd1324fd85f7511ecc15ee61.jpg,dataset/images/person_face_close_up/0003_6c446e7cfca0.jpg,1080,1920,6c446e7cfca0eb5454a9b41b1374e8583d7d757da7ff39a102920d70936f5b59
person face close up,pinterest,https://i.pinimg.com/originals/a4/f0/b3/a4f0b39b5cec2f47e5a550137bab88a7.jpg,dataset/images/person_face_close_up/0004_15ae2fda4088.jpg,1097,1648,15ae2fda4088f0e351b9974a1e42776674fd6c8f4decf324dfbf5ef428c2cc92
man face close up,pinterest,https://i.pinimg.com/originals/16/df/df/16dfdf865d77768152f8111bb9cbf65e.jpg,dataset/images/man_face_close_up/0001_bafbd3627ac2.jpg,1080,1920,bafbd3627ac2d5b25fc886343d54e70383eafb7bd21187cbf736881d86489b5d
man face close up,pinterest,https://i.pinimg.com/originals/87/0b/7c/870b7cee1dc89149c56c9908539ed12d.jpg,dataset/images/man_face_close_up/0002_e13e2a8b1b1e.jpg,736,1086,e13e2a8b1b1e6145b3ff18548d4c2389f4e91c03cd13db694a34db574c39b773
man face close up,pinterest,https://i.pinimg.com/originals/39/91/04/399104dc5a7e9a1d151c962e3356a704.jpg,dataset/images/man_face_close_up/0003_3fabd06d2070.jpg,816,1456,3fabd06d2070895a4c6ca49e38312798cd49dea2813c03544846bcf47a8a824d
man face close up,pinterest,https://i.pinimg.com/originals/a2/b6/73/a2b673342432955a7d152ea5063dfe92.jpg,dataset/images/man_face_close_up/0004_c65b391ae88d.jpg,736,906,c65b391ae88da1b5e10f6e237ca3b0a532ce20ffdf7690e0af2478a210b64413
woman face close up,pinterest,https://i.pinimg.com/originals/bb/13/d5/bb13d59ef5bb0c1cf83e86f782216cd0.jpg,dataset/images/woman_face_close_up/0001_71a95a81ad50.jpg,1080,1920,71a95a81ad50ef7ad758e3321d4b2ca78d8a4c749a03a4a4064838fd71bf53b0
woman face close up,pinterest,https://i.pinimg.com/originals/68/6c/39/686c396d0410d7778cec95e9b9e0f05d.jpg,dataset/images/woman_face_close_up/0002_394ba30230da.jpg,896,1593,394ba30230dab6256290dd41df569d5b3b3b610c2f2c6ce357b06595b4c52954
woman face close up,pinterest,https://i.pinimg.com/originals/df/9b/02/df9b0251a369c00b3eec9011132666fb.jpg,dataset/images/woman_face_close_up/0003_b6d5686a871f.jpg,1000,1499,b6d5686a871f40c4340c326f21fc1e69c9fa1e8823e2a54d768df392dc9fdd5b
woman face close up,pinterest,https://i.pinimg.com/originals/77/31/ce/7731ce50f7bb2697752092a5c73adc03.webp,dataset/images/woman_face_close_up/0004_0d9836c8ba02.jpg,1152,2016,0d9836c8ba02043034717954c68e85dbf5a49314b329f15857864687e49a86ac
person exercising,pinterest,https://i.pinimg.com/originals/2d/c4/13/2dc413f822c2f2fcc0401a19f96d4beb.jpg,dataset/images/person_exercising/0001_74bf12a50c60.jpg,736,736,74bf12a50c60e0c4a388b56111b82e75371b899f7655ba949733e1f2547582af
person exercising,pinterest,https://i.pinimg.com/originals/30/67/ae/3067aef8116fa064dfe095b1c8711f51.jpg,dataset/images/person_exercising/0002_153df053b9a6.jpg,720,720,153df053b9a6ba6cc3e3adbcf82e0ce87411cdf13cda494ab5ca07f852a664ca
person exercising,pinterest,https://i.pinimg.com/originals/e3/a5/7f/e3a57f896988cb419b3c1b2365b2bffc.jpg,dataset/images/person_exercising/0003_4fa9bccb5043.jpg,784,1168,4fa9bccb5043a3892d68c963c3547fe71a2beebd2aa7c251bbd2711745a9535c
person exercising,pinterest,https://i.pinimg.com/originals/81/4c/d2/814cd26c1a63af04bba074fd00debdeb.jpg,dataset/images/person_exercising/0004_e8c5c0a2bbb9.jpg,640,640,e8c5c0a2bbb920e25fb9a75a9b3df36ce4086da23209b569a63b883c0594983b
person selfie,pinterest,https://i.pinimg.com/originals/d5/58/6e/d5586e669284af22b45400a0f4cd3272.jpg,dataset/images/person_selfie/0001_7d7d6a01d251.jpg,1080,1920,7d7d6a01d2517efb03e4663377bcf1059d362c8c054bf205a0e1c24cf5c696ad
person selfie,pinterest,https://i.pinimg.com/originals/a2/76/8f/a2768f55531ad49d78ff9227521e666a.jpg,dataset/images/person_selfie/0002_f14a2ef85f18.jpg,1080,1920,f14a2ef85f18a51e4faee5b4d41a0a57825818c0f525e12dbed668959d1afb2a
person selfie,pinterest,https://i.pinimg.com/originals/df/77/a4/df77a4b7f34d27ce9be864045a6cfe31.jpg,dataset/images/person_selfie/0003_22b7baea245d.jpg,1080,1920,22b7baea245d8dc3c102c20a31b6897d3571dedd308068e670d75c155d21a3a9
person selfie,pinterest,https://i.pinimg.com/originals/80/67/d1/8067d1d2025f13847c653598066e0721.jpg,dataset/images/person_selfie/0004_63d79c2b9c61.jpg,555,1200,63d79c2b9c61281793bc21f3eb0165805967ed0e7e324cb96e1c70a5c19ade99
person candid photo,pinterest,https://i.pinimg.com/originals/3b/a5/67/3ba56761b0fc7087758311a3a2d3c5f5.jpg,dataset/images/person_candid_photo/0001_9339f45fd863.jpg,720,934,9339f45fd863171cfe38989c54e3d4dea5ab5c8cf912224aec5564e28a229784
person candid photo,pinterest,https://i.pinimg.com/originals/22/bd/87/22bd87d012e1df9c1185cb15967e03fb.jpg,dataset/images/person_candid_photo/0002_9e560136cd06.jpg,720,1261,9e560136cd064a344dc0cb43a5bb8206636957e53454e1f2029ef60e6a076223
person candid photo,pinterest,https://i.pinimg.com/originals/92/1b/96/921b96e860f021a15db7cafda25b093a.jpg,dataset/images/person_candid_photo/0003_abaeca27d279.jpg,2433,3598,abaeca27d2798ffcea14e3561dafdfdfdc6139091a9a636e0792e765f8927f39
person candid photo,pinterest,https://i.pinimg.com/originals/6e/05/0c/6e050c80ef1f9dfd396880e3a950325f.jpg,dataset/images/person_candid_photo/0004_1584619400a8.jpg,2304,4096,1584619400a8570b8a80baa04c471338911e12fe1e8e04e41ba6070a4c74586c
person at home,pinterest,https://i.pinimg.com/originals/60/b6/97/60b697590dc91b989ccc84ba9e73cf9a.jpg,dataset/images/person_at_home/0001_e650bd0d4507.jpg,1362,2048,e650bd0d450766a8d6eec49f887a16f4989fd0ac92473b7f842e97be216c8347
person at home,pinterest,https://i.pinimg.com/originals/98/ef/eb/98efeba94ed21727d7a11cf0cba18477.jpg,dataset/images/person_at_home/0002_558f70cfe2b0.jpg,720,1080,558f70cfe2b0fd8cc1009bbfda717f6788702e453639d05499e672acab4ab498
person at home,pinterest,https://i.pinimg.com/originals/0e/1c/5f/0e1c5fccba16b4a0c2f739b3e663eaea.jpg,dataset/images/person_at_home/0003_1501d8373c00.jpg,1122,1402,1501d8373c00b8adf4abe18c41aef6566114671a4002578a51fb5bf84344367c
person at home,pinterest,https://i.pinimg.com/originals/94/95/55/949555780f3c22acb18e67e46c9c18ef.jpg,dataset/images/person_at_home/0004_0e45de57c783.jpg,1040,1960,0e45de57c783ec62630c2b9c6916dbc862079439af6a156f25253ff741ab9524
person indoors,pinterest,https://i.pinimg.com/originals/04/c0/33/04c03345cf051b9a0cf2774560d638e8.jpg,dataset/images/person_indoors/0001_19663aaad080.jpg,1023,1537,19663aaad080f3b17f711bdc0c6c9a0542a1ce9dfdba29a802c47d7009bbf426
person indoors,pinterest,https://i.pinimg.com/originals/9d/41/5d/9d415d12896e8361089d159bfad33847.jpg,dataset/images/person_indoors/0002_3e71f08494a7.jpg,796,1200,3e71f08494a7e3758c8024f64414630954780f26505b4dc5342879aa22977708
person indoors,pinterest,https://i.pinimg.com/originals/a7/0d/f1/a70df18c082cb4289528ddecf199fdc4.jpg,dataset/images/person_indoors/0003_6d9402f76560.jpg,736,1288,6d9402f765605b89e41e59aa1411ca8f40176b28dd4b8f5135cbe2c9b8c5676d
person indoors,pinterest,https://i.pinimg.com/originals/e5/ee/5a/e5ee5a12a95db0e891f756db962f7a87.webp,dataset/images/person_indoors/0004_6f5b87c5ba1f.jpg,896,1344,6f5b87c5ba1fdc473311e57d80c324d92b21c92cd2c16067bf829ea11a628a08
person outdoors,pinterest,https://i.pinimg.com/originals/c9/eb/c6/c9ebc6337aa2268ac4b357f9cb1ac547.jpg,dataset/images/person_outdoors/0001_58ce914fec78.jpg,655,1164,58ce914fec78508762a6763a690efa54cf616460ace8142f2b0bce8798ed178b
person outdoors,pinterest,https://i.pinimg.com/originals/8d/be/24/8dbe24fa884e6a71343ce94457128ed4.jpg,dataset/images/person_outdoors/0002_cceffe5f47a3.jpg,1230,1489,cceffe5f47a3fc79345a3b022ce88f9438458fff554b80911d228368cbc3e0f0
person outdoors,pinterest,https://i.pinimg.com/originals/40/42/f3/4042f3180e265e2801987977209584dd.jpg,dataset/images/person_outdoors/0003_4fcbb0371b44.jpg,736,977,4fcbb0371b4471728644e8d39a42108fdf1fc62fdcad5aa29a6fbaf02e73c2cc
person outdoors,pinterest,https://i.pinimg.com/originals/4c/89/a9/4c89a9a31a58d2e147eefb5a9e3fa676.jpg,dataset/images/person_outdoors/0004_3cfcc217ca41.jpg,1248,1664,3cfcc217ca41981aa3ed5517d3fec59ea32a6f21e2bce534bac6e6fe6a41b719
person in bedroom,pinterest,https://i.pinimg.com/originals/45/5c/c2/455cc20e3793ca62f1c1b5edf477e41f.jpg,dataset/images/person_in_bedroom/0001_fe04bed536ab.jpg,1179,1651,fe04bed536ab8f8e32946b34f70d87b1ae2b4a9b98a22e9f3b0049b45d7ee344
person in bedroom,pinterest,https://i.pinimg.com/originals/8e/a9/55/8ea955b4f5f8372e0804629b5ade26ee.jpg,dataset/images/person_in_bedroom/0002_d79abbec061a.jpg,429,640,d79abbec061a2325b297218160ceb0f1a1563717040163d690a332e3ef3909e7
person in bedroom,pinterest,https://i.pinimg.com/originals/ce/7a/83/ce7a83022ecaf59bcdb50f45ab45a066.webp,dataset/images/person_in_bedroom/0003_1eed8430ba0e.jpg,1250,1250,1eed8430ba0e5fe1241d50994ca8c5700539545120a695eb05a1027a55ccb803
person in bedroom,pinterest,https://i.pinimg.com/originals/02/c7/6e/02c76e4f86d3a9a8fbf467684b7aeaa6.jpg,dataset/images/person_in_bedroom/0004_cb0219d48ba7.jpg,720,1080,cb0219d48ba7c5fb743574391fb3cedb8fd4245e8d5d49eba08e940e946dc10c
person in kitchen,pinterest,https://i.pinimg.com/originals/ac/33/bc/ac33bcf0b0158b4dbc7a586c34d65b33.jpg,dataset/images/person_in_kitchen/0001_d67d3d4c4403.jpg,1224,1632,d67d3d4c44038261f7878d7cff1f7610a152c08d9845a45a2bada121703fe9dc
person in kitchen,pinterest,https://i.pinimg.com/originals/3c/e9/33/3ce93373db4cd974e5c9d3e332e15dee.jpg,dataset/images/person_in_kitchen/0002_c98a945a4a14.jpg,736,1110,c98a945a4a149c7719206bc135fb80271cf84f904c7abc74890c66c7013be331
person in kitchen,pinterest,https://i.pinimg.com/originals/e4/e4/fb/e4e4fb949450a4e5125a053515fc66e2.jpg,dataset/images/person_in_kitchen/0003_df74823087d0.jpg,1440,1800,df74823087d024790edfc33872686dc121c9865b25a25d101f9f23f9f8770e9b
person in kitchen,pinterest,https://i.pinimg.com/originals/a2/eb/4b/a2eb4bf7849a1fdff13c0f6b53f6c512.jpg,dataset/images/person_in_kitchen/0004_fe289700fa58.jpg,1125,1396,fe289700fa58204417fdfc625b89a4253fc43c2b5db17ca5d5ca44b833cf7eea
person on couch,pinterest,https://i.pinimg.com/originals/2a/21/6b/2a216b7649f49beb85407bcfb53f6f6a.jpg,dataset/images/person_on_couch/0001_cb7c889e27d5.jpg,3360,5040,cb7c889e27d577ded1041d993433bab12d6ec68bf04e73dbe0e1a9564acff4fa
person on couch,pinterest,https://i.pinimg.com/originals/77/5d/74/775d74f85f5fc033d1f01932520a04c4.jpg,dataset/images/person_on_couch/0002_063f30af96a6.jpg,899,600,063f30af96a6d2d5825b3049d3b04b8fb19194fc38585947c20519aa15ede3a5
person on couch,pinterest,https://i.pinimg.com/originals/5e/3e/dc/5e3edc5c6b29f82240988e2c03981256.jpg,dataset/images/person_on_couch/0003_049692ea35e7.jpg,640,432,049692ea35e77ff8842b6503c755c335f90950c0a0097b127cdee71bccd1700b
person on couch,pinterest,https://i.pinimg.com/originals/4b/12/e7/4b12e7a330219747e0afb4615b1c560b.jpg,dataset/images/person_on_couch/0004_ac96e0709679.jpg,615,409,ac96e0709679fd0f0593a52a3b62ebe8bb7914d8dbaa0f4d9f2b7b9c14525a9d
person on floor,pinterest,https://i.pinimg.com/originals/c3/52/85/c35285c7abb8d88e68dc1288d89cb35e.jpg,dataset/images/person_on_floor/0001_893ee52a1967.jpg,736,981,893ee52a196769bed0b0051e57f62c3956f2bf3c5f1b9dedd3afa66be8ded4ee
person on floor,pinterest,https://i.pinimg.com/originals/60/e2/1f/60e21fba802ac43b294455017dc35a53.jpg,dataset/images/person_on_floor/0002_b96733dd5978.jpg,2731,4096,b96733dd5978eedb667d39a9dc9f535a8b2b15a268b978c29a7ca16d417f1200
person on floor,pinterest,https://i.pinimg.com/originals/08/85/8a/08858a56807abbf05137a48610074a13.jpg,dataset/images/person_on_floor/0003_fa602052cfa1.jpg,612,408,fa602052cfa12c09bfa2d74feb616a54b7eec2d1eabed78a2004c6a5168707d9
person on floor,pinterest,https://i.pinimg.com/originals/5b/ef/68/5bef686b4b94c224a8ad1c742cc2936d.jpg,dataset/images/person_on_floor/0004_c3d15524140f.jpg,1407,1474,c3d15524140f7f02f1a3dcb56b49ebd86d361318ed7e6b92d85713fcc3cabc1e
person in backyard,pinterest,https://i.pinimg.com/originals/36/63/f2/3663f27481da4fbe7dd491f6d1fe26ad.jpg,dataset/images/person_in_backyard/0001_9a8e737a3436.jpg,832,1248,9a8e737a3436630035edb53274c7d59280789ab4a778d03af56ca7a58cf89521
person in backyard,pinterest,https://i.pinimg.com/originals/4b/a0/c6/4ba0c6405933ac940073e6a79e136b8c.jpg,dataset/images/person_in_backyard/0002_e9f9a2cdcdb5.jpg,1080,1440,e9f9a2cdcdb5ae081504d52dacdacfe390588f0de7f58c5fa1e5650484b92e80
person in backyard,pinterest,https://i.pinimg.com/originals/f8/33/3f/f8333f4893ae8c4cebf8efa316b3cd14.jpg,dataset/images/person_in_backyard/0003_2710accedef9.jpg,1215,1431,2710accedef9484dff6eb522c417fc944e63b0970db7d39452fd725d00f5976c
person in backyard,pinterest,https://i.pinimg.com/originals/b4/b0/98/b4b09894a29d503600e60a539b954b9b.jpg,dataset/images/person_in_backyard/0004_41565bdb09e9.jpg,687,1200,41565bdb09e90c55274312aff5f30e7bfc33df86a1ac00e54d0737e8305ce7d4
person in garden,pinterest,https://i.pinimg.com/originals/25/e4/ae/25e4aeeb40f4b390e867fd09e50768e5.jpg,dataset/images/person_in_garden/0001_11c9e80adbd0.jpg,784,1168,11c9e80adbd05bb3a4364a82dfb283c50354e16cb33d5b97c0927205cfff6093
person in garden,pinterest,https://i.pinimg.com/originals/0b/b7/24/0bb724835012537dbda5cd6e3e956d44.jpg,dataset/images/person_in_garden/0002_dc41aa4d5563.jpg,828,1018,dc41aa4d556336ac75c2490abc67b75a68f89a1a0bc6d9ed958ee8720405fd4f
person in garden,pinterest,https://i.pinimg.com/originals/e8/e5/24/e8e524a53daeffe38df58844335b991e.jpg,dataset/images/person_in_garden/0003_c671648a8411.jpg,926,1646,c671648a8411df672b75e57d2c61507bcd0cc7f4adce3f35890a624c292e8cef
person in garden,pinterest,https://i.pinimg.com/originals/96/5e/5e/965e5e53941738c5f1b95b7660cab394.jpg,dataset/images/person_in_garden/0004_71fbe1dbd78d.jpg,736,1308,71fbe1dbd78df120ead461f58a56680bcb519bfff2af664b42cfef7216903b0e
person at park,pinterest,https://i.pinimg.com/originals/e2/71/91/e27191f81b71e552720679657f41c403.jpg,dataset/images/person_at_park/0001_71e165c7207d.jpg,1224,1632,71e165c7207d63eaa583cedef650d5f005a6a37010f89aa4ba5b5adda2583ac6
person at park,pinterest,https://i.pinimg.com/originals/91/67/51/916751e3c597dd5cd18a51abccc19574.jpg,dataset/images/person_at_park/0002_d0b1b15d2567.jpg,736,981,d0b1b15d2567ebdd68a9393dc93c3124e6ed35cf192cf6374a8f6d72588defe7
person at park,pinterest,https://i.pinimg.com/originals/c1/fa/5b/c1fa5b24eba80d3883e4e4fba318fe91.jpg,dataset/images/person_at_park/0003_d09bb4de5e36.jpg,1152,1440,d09bb4de5e367b3d710280022b9c37d565dca031e14cd541910bfd3b6001137c
person at park,pinterest,https://i.pinimg.com/originals/6e/6a/47/6e6a475d2f7967465952e2cbfde1c66e.jpg,dataset/images/person_at_park/0004_3f14c2cd54da.jpg,724,1086,3f14c2cd54daa370dcc1acf906cad6c4aedbf89d224bc6e0e8d3bfd2604acbe6
person on grass,pinterest,https://i.pinimg.com/originals/5c/80/bf/5c80bfd994bfa2d5d18aa625ce7c89c2.jpg,dataset/images/person_on_grass/0001_6110bc512321.jpg,564,376,6110bc512321627d5ed316abecc9f6be1359f7dda26d0f1f492084487e7db731
person on grass,pinterest,https://i.pinimg.com/originals/19/8c/c0/198cc07d46354c42d6a3ae0cc5e29b29.jpg,dataset/images/person_on_grass/0002_2e6fc7feba04.jpg,736,736,2e6fc7feba04f4a5f87b718db13702a21a8454d4eb7ae4334eb3870ab7aa41e0
person on grass,pinterest,https://i.pinimg.com/originals/6f/ce/5e/6fce5e089e15065b06c32066906b78b8.jpg,dataset/images/person_on_grass/0003_5b94b1caa0e6.jpg,736,737,5b94b1caa0e6eda34184a49f707a99a64a5bd38e912bc5fe0ce34635e094c69e
person on grass,pinterest,https://i.pinimg.com/originals/97/c8/32/97c832c66c1ee0c488744c4c7233ab4d.jpg,dataset/images/person_on_grass/0004_5318c3620e02.jpg,736,981,5318c3620e02080e94a094c25cc9710fac0863cb21e9565f3649b56c09146a08
person at beach,pinterest,https://i.pinimg.com/originals/83/d0/79/83d079a0b9717a81849ef7ec52dd1585.jpg,dataset/images/person_at_beach/0001_15747b21b215.jpg,3231,4100,15747b21b21506e0c1bac18b422414f466128588174bef017dfed3fbdeebc591
person at beach,pinterest,https://i.pinimg.com/originals/f9/5c/e9/f95ce9b6bcd6be5eba7f304c29bc3ce8.jpg,dataset/images/person_at_beach/0002_429833fbab2f.jpg,1199,934,429833fbab2fcacc58872b4f90e4853244a92f6f117b0db8e7776d2b7d00cf78
person at beach,pinterest,https://i.pinimg.com/originals/c6/5a/02/c65a027bd33d8c48054457d1ee36d40f.jpg,dataset/images/person_at_beach/0003_defcfc80a7ed.jpg,1080,1349,defcfc80a7ed84200e4f586564d198d3e1bd53388de403e897accdc3c17660e6
person at beach,pinterest,https://i.pinimg.com/originals/d3/c5/24/d3c524e644951a4c17a46a1d265ad3af.jpg,dataset/images/person_at_beach/0004_da01d3801bd3.jpg,1224,1632,da01d3801bd314c261564794c7de42965a07e2d1ff251b1ad81b4bf5ec51d8bf
person on street,pinterest,https://i.pinimg.com/originals/48/44/0d/48440d39fcc84f996f23cb24aa6d7dd6.jpg,dataset/images/person_on_street/0001_53708bfd1644.jpg,800,1200,53708bfd16442d021575be58857bbca7cc8b4fa25473d0d0d3a547a8c3420c01
person on street,pinterest,https://i.pinimg.com/originals/94/a3/a0/94a3a06a01006c6c1dbad3e738028189.jpg,dataset/images/person_on_street/0002_c691384c3cfa.jpg,1038,1408,c691384c3cfaf733806d54d18b7981aa6212cac9fd2be4ba5e7a63442d657a69
person on street,pinterest,https://i.pinimg.com/originals/af/a4/8c/afa48ca614a2c6fa7bcff956ea745750.jpg,dataset/images/person_on_street/0003_911b0ebaa172.jpg,720,1080,911b0ebaa1728c5c49dbe2029719437a3028fa3053ef1f445702845a1dcfb6e8
person on street,pinterest,https://i.pinimg.com/originals/8a/f8/fe/8af8fea7acd9fa350b3c9bb3c043662e.jpg,dataset/images/person_on_street/0004_8a3376bf0d69.jpg,1008,1344,8a3376bf0d69e40f0f4312ab52bc7da276712011f944a9a09fbb071ccb8db5a3
person in car,pinterest,https://i.pinimg.com/originals/67/7c/9c/677c9c270118d3ec7547d4170518a823.jpg,dataset/images/person_in_car/0001_1afe5fcdd4a0.jpg,5016,3344,1afe5fcdd4a04d819f2dfad2d0c49c40ea0d44e80f2c02fcd25680e1f01cd730
person in car,pinterest,https://i.pinimg.com/originals/d7/8f/23/d78f232d1c247f2ce1f3e1b5a50c3d60.jpg,dataset/images/person_in_car/0002_4ad6b591e1c1.jpg,1632,1224,4ad6b591e1c1489221058322af5b75e772fdcff4ad491aa1e0b12fac00e56127
person in car,pinterest,https://i.pinimg.com/originals/3d/21/32/3d2132dd245fb4f8e48246bb4940ccbf.jpg,dataset/images/person_in_car/0003_e492021c8fcd.jpg,736,981,e492021c8fcdd73d697daad0ee0e33dcc408734fe68051716ac76b1525814256
person in car,pinterest,https://i.pinimg.com/originals/13/04/1e/13041ec3a406f9798f8961c7d1a5142b.jpg,dataset/images/person_in_car/0004_f5342278f4b4.jpg,736,1308,f5342278f4b495a259777d5627d3e8f4a504178c599ee95f6a2d53d4868b3297
people real photo,pinterest,https://i.pinimg.com/originals/83/1a/fb/831afb059739525fb134a5fb154310a5.jpg,dataset/images/people_real_photo/0001_fdc6a73bef67.jpg,2500,3750,fdc6a73bef678384b9df4dd41e31c1b4fc6bfb475e16134e3074a04182b1414a
people real photo,pinterest,https://i.pinimg.com/originals/c5/f5/36/c5f5361756550a4392857dd616f99370.jpg,dataset/images/people_real_photo/0002_aa2964519267.jpg,1200,2133,aa2964519267e6b3f086ce74346accf900d2468a78efee7f5aa352ca86720072
people real photo,pinterest,https://i.pinimg.com/originals/e9/bd/81/e9bd81be8df744c2f2deae7c60d38bdb.jpg,dataset/images/people_real_photo/0003_d43332e24b95.jpg,418,626,d43332e24b9517bf08860da0c3696d5342f28b787261acb1e553c0aaaecbb14d
people real photo,pinterest,https://i.pinimg.com/originals/08/ef/cf/08efcf8de60a68d7437a8e735709565f.jpg,dataset/images/people_real_photo/0004_2a2b7ba3a1ea.jpg,333,500,2a2b7ba3a1ea8035994c1ef16cb26d6cbc30f93530323325f6b7ac2184755f1d
people outdoors,pinterest,https://i.pinimg.com/originals/7f/e7/58/7fe7589110f08c2ecfd6106383940fe7.webp,dataset/images/people_outdoors/0001_beaa37f0793d.jpg,1012,1350,beaa37f0793d07a676a1d66a320598197fcd39272b75dc9c7f969eb9f92cb294
people outdoors,pinterest,https://i.pinimg.com/originals/fd/2d/be/fd2dbee50d043c476699dd82efdb1eda.jpg,dataset/images/people_outdoors/0002_a6ba558989f6.jpg,887,1200,a6ba558989f695265a795563089f889475994fc2285d9c0af829616629e84853
people outdoors,pinterest,https://i.pinimg.com/originals/d0/a6/3b/d0a63bf93789c0e91d3c4f8eb6812a84.jpg,dataset/images/people_outdoors/0003_163ef34731bf.jpg,898,1200,163ef34731bfe64eb8a33b06813849b7cb21732c0ddb59118a68a031a527c602
people outdoors,pinterest,https://i.pinimg.com/originals/20/07/71/200771dbe3742b3d5197a5e5f16d17e4.jpg,dataset/images/people_outdoors/0004_4043df769915.jpg,1440,1800,4043df769915222f4150acc7883771fec8aac314d753de17744a29373761612c
people indoors,pinterest,https://i.pinimg.com/originals/5f/99/5e/5f995e82c7bbe23e52cca9c93536d531.jpg,dataset/images/people_indoors/0001_d300e52ac20d.jpg,4320,6472,d300e52ac20db1cc327d9a5caeaf77fb7626b25468f66a7ff50bd748e489891d
people indoors,pinterest,https://i.pinimg.com/originals/84/29/40/842940b3c2b4d0433035bbef1ee7abed.jpg,dataset/images/people_indoors/0002_0b83791ffc71.jpg,2048,1536,0b83791ffc71102eed6da94ee0a9e1595968cde434b5363c9d36212c11ff4ad2
people indoors,pinterest,https://i.pinimg.com/originals/fa/c7/4d/fac74d09a999fecdcd9776f47633ede0.jpg,dataset/images/people_indoors/0003_37a91e63ca5d.jpg,3024,4032,37a91e63ca5d0615c9821b23514cf0daf70054ad75183ae662a267481a47f026
people indoors,pinterest,https://i.pinimg.com/originals/ae/f1/ae/aef1ae8a92607fd240b17b02c532e674.jpg,dataset/images/people_indoors/0004_2ff8612e87da.jpg,1792,2400,2ff8612e87da53ab3bfe22b715d4bb8ce1250a12dec2ad2a77775111147ea87b
friends outdoors,pinterest,https://i.pinimg.com/originals/39/2c/6b/392c6b4de5c6292fbe10eaa50aeaff4c.jpg,dataset/images/friends_outdoors/0001_59997de31e00.jpg,564,423,59997de31e00214201c86ef897bbf4dc5d19652940a4e57057210242c9e5d7de
friends outdoors,pinterest,https://i.pinimg.com/originals/9c/70/f3/9c70f3ffbcc4f69c72401c6f3b91965c.jpg,dataset/images/friends_outdoors/0002_a746722b0791.jpg,3000,4000,a746722b079197c4829968d761637187565cb008ac4441f1ca21fe13323a6b1a
friends outdoors,pinterest,https://i.pinimg.com/originals/a1/11/98/a111986cdfd3b0dffa606ab578102587.jpg,dataset/images/friends_outdoors/0003_6abc4eca69cd.jpg,736,920,6abc4eca69cd68cfd9e82d88339c38d23b81d54d01d43d78287d884dd481990e
friends outdoors,pinterest,https://i.pinimg.com/originals/aa/d7/29/aad7293338e175aebb46ab9fa66ce20b.jpg,dataset/images/friends_outdoors/0004_3d6a4a8f43fc.jpg,749,925,3d6a4a8f43fcca598fb9e74c115c777978f06e6fca2484619cb8b1ef53e586a7
friends indoors,pinterest,https://i.pinimg.com/originals/f6/29/e0/f629e0c91f47b26cc6d1c991b4a5e76c.jpg,dataset/images/friends_indoors/0001_94d064aafc94.jpg,654,798,94d064aafc94352a29b8e6ec90476da1c1def9aa4a7c0df5da449acc48f39c21
friends indoors,pinterest,https://i.pinimg.com/originals/5c/61/0c/5c610ccfea7271c64756aefed4dbcfa6.jpg,dataset/images/friends_indoors/0002_4ad4846264a1.jpg,1560,1170,4ad4846264a1ecb6fe508dfcefa5febf5b7251c5058749e3db92a1e05349b1ec
friends indoors,pinterest,https://i.pinimg.com/originals/00/e6/e0/00e6e0144b77ac4f4d6143bd44f3e710.jpg,dataset/images/friends_indoors/0003_f9fe623fead0.jpg,900,1200,f9fe623fead02a18a7fbeffb1e51057e5585aa71fa84dd5bc7c61f28584b0f0d
friends indoors,pinterest,https://i.pinimg.com/originals/fc/ea/70/fcea7066388ba4bebb4757ab1768ab85.jpg,dataset/images/friends_indoors/0004_d38d9d3493b3.jpg,675,1200,d38d9d3493b39055907b58298cb34496dd21a4846fbc73b48432f45782af7495
couple real photo,pinterest,https://i.pinimg.com/originals/0c/83/f9/0c83f9b250b7a5e5a5ad6bf69582a43a.jpg,dataset/images/couple_real_photo/0001_ad1efd27e62d.jpg,720,1280,ad1efd27e62dd3e8a5bdb738543b59a73cc8558e0748b4c7714bc1cd1b86480f
couple real photo,pinterest,https://i.pinimg.com/originals/5e/3a/05/5e3a052d2c15c4fbf9ead66e125af2d0.jpg,dataset/images/couple_real_photo/0002_331e48bbbdc1.jpg,1080,1920,331e48bbbdc1d254b7f0f7649a045c49af4f9cddb427a5c101bdfca93381aefd
couple real photo,pinterest,https://i.pinimg.com/originals/39/d6/4b/39d64b9e1baae52aec62ca7b5de70f94.jpg,dataset/images/couple_real_photo/0003_6cdd3d0d3bba.jpg,768,1365,6cdd3d0d3bba812f69c90d1995027a49f23df145475c7c3378e710e5fc806e34
couple real photo,pinterest,https://i.pinimg.com/originals/7f/8b/d3/7f8bd36cbfe9216e4a5d2a9dcc0580f4.jpg,dataset/images/couple_real_photo/0004_f58cf6d24333.jpg,721,1200,f58cf6d243337bfe86c49ee92d59cb3193a5ebc3984d976f68d1c36f2c60a1d8
family real photo,pinterest,https://i.pinimg.com/originals/e3/9b/14/e39b14d8f32df43157cd9a64199e2540.jpg,dataset/images/family_real_photo/0001_ecd7703958d9.jpg,2670,4000,ecd7703958d9eb53b6738587f52ad5a436e414b45e7cc14d34d05102810e47a6
family real photo,pinterest,https://i.pinimg.com/originals/1d/9f/d0/1d9fd0113186cbc354f9d5fa512545d6.jpg,dataset/images/family_real_photo/0002_b54dd99bea5a.jpg,710,491,b54dd99bea5a5486e3771d810a3ba06aa7c23370ada217e91dc450f557d47cde
family real photo,pinterest,https://i.pinimg.com/originals/cf/37/dd/cf37dd5f234cbcf98dc3ffaa1acb126b.jpg,dataset/images/family_real_photo/0003_5b7ee8057358.jpg,1024,1024,5b7ee8057358d25bdc52596748d85fa7b8e339f82b8fc06806538c3aadd89c5c
family real photo,pinterest,https://i.pinimg.com/originals/36/80/c8/3680c8647011e290278f6b452c836ec6.jpg,dataset/images/family_real_photo/0004_14e16acddcb3.jpg,564,376,14e16acddcb31fdfebd7fca64d4042726f15f80bc04fca5c54094687df19bffa
child real photo,pinterest,https://i.pinimg.com/originals/ce/d9/1a/ced91a8af673baf8c0c597012a719d1d.jpg,dataset/images/child_real_photo/0001_b77a9a9f6420.jpg,400,533,b77a9a9f6420d4c4b888f87d9abd973d6e4682ceeb3f7528b96a1be86c942791
child real photo,pinterest,https://i.pinimg.com/originals/cb/29/60/cb296004f8321013a052e4be8aeb36ea.jpg,dataset/images/child_real_photo/0002_57830f3a156b.jpg,1080,1079,57830f3a156b1b88da3466fde3963d8c9264c37595fa43637bb67fe290859336
child real photo,pinterest,https://i.pinimg.com/originals/0f/65/2d/0f652d342b4a28c20634f370e8eb98d3.jpg,dataset/images/child_real_photo/0003_a4049a737849.jpg,450,600,a4049a73784994fdc4075090614d5b321d2d430a77f706f9832e41a1c2126e62
child real photo,pinterest,https://i.pinimg.com/originals/31/cd/e6/31cde652fa488a82e374d73a7fb7b621.jpg,dataset/images/child_real_photo/0004_51c3c27b150f.jpg,440,605,51c3c27b150f6900d6558ec559e3f6fd84ebf849e875ed2cfd6459992ba46233
children real photo,pinterest,https://i.pinimg.com/originals/31/66/58/31665838a57b4e49c01652b892103066.jpg,dataset/images/children_real_photo/0001_30926330c0ad.jpg,345,431,30926330c0adc69e70caf449f5b2a45d58ea68df49d6164a38656b0325b0cbf5
children real photo,pinterest,https://i.pinimg.com/originals/f1/72/2d/f1722d935d119af04e1e799a54aa8edc.jpg,dataset/images/children_real_photo/0002_a1893ffbbbdc.jpg,720,900,a1893ffbbbdc4324bf5302ba0a866921d41b329710b22e73f0f7e02f731911db
children real photo,pinterest,https://i.pinimg.com/originals/8d/61/cd/8d61cd216a2322f673e84836e4a389ae.jpg,dataset/images/children_real_photo/0003_d4d9e80d0e48.jpg,944,1600,d4d9e80d0e481f2a5b118537ff4316f941c96e5a95b3770511020ad67a2ac0ef
children real photo,pinterest,https://i.pinimg.com/originals/27/4a/3c/274a3c2a8188a70a4bb7ab759b6782fd.jpg,dataset/images/children_real_photo/0004_119e34493611.jpg,614,850,119e34493611b2f6570b95b9390bfef9bbe16a52097edfd65072e35ce240138c
kid real photo,pinterest,https://i.pinimg.com/originals/b0/77/c5/b077c5b9b2ff29c82487bad90333c910.jpg,dataset/images/kid_real_photo/0001_a13549fbb442.jpg,720,1280,a13549fbb4427a7b26d3d71c90e07283e10678a5b1fbbea8838cd10547d3852b
kid real photo,pinterest,https://i.pinimg.com/originals/5a/f3/12/5af312bd3ebb3a67d92bc1e266065d30.jpg,dataset/images/kid_real_photo/0002_9dc8f150ff90.jpg,1080,1920,9dc8f150ff90d0a086b38c82ab9b90e24d37cd98d7c41e88ca359f38feefd560
kid real photo,pinterest,https://i.pinimg.com/originals/83/cb/22/83cb22d8144a7b76ec450dbb21147f39.jpg,dataset/images/kid_real_photo/0003_228514676bed.jpg,900,1350,228514676bedc3146a3a5fc0a4117486c7ad137fa47f6c8be9766b95aafdb22c
kids real photo,pinterest,https://i.pinimg.com/originals/4e/4f/d6/4e4fd68a085ebf69612525fd9c1fa864.jpg,dataset/images/kids_real_photo/0001_2c6872bd1ef4.jpg,640,1136,2c6872bd1ef45939d4de5612090d30d03366c663150defa59a3f51e1e18ee7be
kids real photo,pinterest,https://i.pinimg.com/originals/78/e1/98/78e198564124c8911667bfa652df82be.jpg,dataset/images/kids_real_photo/0002_099074319ec6.jpg,1080,1350,099074319ec63c024ebcd2e648cd8fbdb12736ef7955d8360a4afe6c2b74d813
kids real photo,pinterest,https://i.pinimg.com/originals/77/81/01/778101e86957033be02883fa12d6df20.jpg,dataset/images/kids_real_photo/0003_8b87fb1627ee.jpg,1080,1920,8b87fb1627ee8023491c160b3e76ee28f27eca89a9f8e954f0a807297ffc9a51
kids real photo,pinterest,https://i.pinimg.com/originals/d7/7e/c1/d77ec1a48a4a9929d76b0dea8ef1726c.jpg,dataset/images/kids_real_photo/0004_b3fe3ce1d2c7.jpg,1224,1632,b3fe3ce1d2c7cfea61321aa0657236565ef9a6a0be7d59d643c74ac4d021f604
boy real photo,pinterest,https://i.pinimg.com/originals/62/c7/16/62c716ee6c10aaeca92112d5ca223848.jpg,dataset/images/boy_real_photo/0001_498615c4b432.jpg,1086,1448,498615c4b4325f85cc900e037031b9eeffcc9490a13a2bc563bcd14fee5ccec1
boy real photo,pinterest,https://i.pinimg.com/originals/6d/8d/cd/6d8dcdbada45ee9125adc0923b7baa1e.jpg,dataset/images/boy_real_photo/0002_777595fd5064.jpg,736,1095,777595fd5064e65e7fc3b6767ac9f4107ffff4019dd00f1590503475855e6309
boy real photo,pinterest,https://i.pinimg.com/originals/c1/6e/45/c16e4508eedecb49577ace1dde9d35f9.jpg,dataset/images/boy_real_photo/0003_3b2ea4468c1e.jpg,1080,1350,3b2ea4468c1e4607779995a38080eea29ba3eb4e6bee0f6229bd9bfdb579cc9d
boy real photo,pinterest,https://i.pinimg.com/originals/ec/b9/1b/ecb91b6c3ba34b0ab102496c04ca0e58.jpg,dataset/images/boy_real_photo/0004_9ebae4b2f492.jpg,900,1600,9ebae4b2f492b767805aaab2ebd2105653bd9a0391088187d99f58a494889075
girl real photo,pinterest,https://i.pinimg.com/originals/aa/bb/22/aabb22e657d2c051764ef1170288c0c1.jpg,dataset/images/girl_real_photo/0001_aa3f3a17ffdf.jpg,720,1280,aa3f3a17ffdf96ee06b98c80ff022327298a2f42a742f356ae9cf7b465215704
girl real photo,pinterest,https://i.pinimg.com/originals/20/07/94/20079426a10c0af9d0b277e7135dfd16.jpg,dataset/images/girl_real_photo/0002_bb2b9dbd021a.jpg,736,1313,bb2b9dbd021a518ce435f032a08f32120bd61f3e9c76eafd01e33d13de3efc11
girl real photo,pinterest,https://i.pinimg.com/originals/54/7e/72/547e72bf34e193e6c4ddd1b8aaba8931.jpg,dataset/images/girl_real_photo/0003_ba6678d30421.jpg,570,1018,ba6678d304213810b04c93e9d1d81a6dd766312cf1b813192014244a8859e3e9
girl real photo,pinterest,https://i.pinimg.com/originals/7f/db/d9/7fdbd984e8f45ede235b50f002ad9d02.jpg,dataset/images/girl_real_photo/0004_b4c8317a06a9.jpg,675,1200,b4c8317a06a97bf611bd6344ce3033a3516fedd499030bfbd7296bdfa484da54
baby real photo,pinterest,https://i.pinimg.com/originals/28/c5/07/28c5074a5a0d682a685d8b70fed28a6c.jpg,dataset/images/baby_real_photo/0001_f26fe57ff5b9.jpg,675,1200,f26fe57ff5b9bdd09093f25e72cfe3816803e4afd03244bb0ab9d9e3509746e7
baby real photo,pinterest,https://i.pinimg.com/originals/b4/f8/bd/b4f8bd161bb0359afd3b88c30e0628a2.jpg,dataset/images/baby_real_photo/0002_5b001b28aac0.jpg,1080,1920,5b001b28aac0cdc7e1421b6d77862d0307c550c018b92cc0eea4374577d66889
baby real photo,pinterest,https://i.pinimg.com/originals/51/96/6e/51966eb2077f875be0defcd308ac2874.jpg,dataset/images/baby_real_photo/0003_6baab8abcf08.jpg,736,1226,6baab8abcf08d994ebfad3ab165592bbc034cb22e0d9886dc2ba10b5230bd858
baby real photo,pinterest,https://i.pinimg.com/originals/67/e8/18/67e8186ae6185ddce2d42f4654179eb9.jpg,dataset/images/baby_real_photo/0004_aa8443dae00b.jpg,1080,1350,aa8443dae00be53ff75af4b18f49a2d0a382ebd71170f949985d5c86c14e40b9
toddler real photo,pinterest,https://i.pinimg.com/originals/0e/61/00/0e61002abfb8a0befaf25504e3a54d6d.jpg,dataset/images/toddler_real_photo/0001_95fbb7723f0e.jpg,1440,1919,95fbb7723f0e80138d20f68cdd95feb40d00a22e2082e543eb968a2b1f41b7a1
toddler real photo,pinterest,https://i.pinimg.com/originals/f0/1d/e8/f01de8ce182c539a421892ce07fc016c.jpg,dataset/images/toddler_real_photo/0002_c41ffc856f2f.jpg,675,1200,c41ffc856f2f595ac0b8c8d69c8cc86558715de02039702a2a95368f33d84726
toddler real photo,pinterest,https://i.pinimg.com/originals/0f/f5/73/0ff5738ece14e182b49a0f8068c46f59.jpg,dataset/images/toddler_real_photo/0003_817e5165a8e4.jpg,720,1259,817e5165a8e434087e03cf0f7e622f54dea71be80daa49a44b0eed4ab0b6e3f2
toddler real photo,pinterest,https://i.pinimg.com/originals/20/f9/ce/20f9ce2fd7ba9c16b6719a5dd0625f11.jpg,dataset/images/toddler_real_photo/0004_a0b57578d453.jpg,2160,3840,a0b57578d4537cddcc7d19303bed699cdeca5637940114ee6e2430af268e8cf9
children outdoors,pinterest,https://i.pinimg.com/originals/5e/66/0c/5e660cd8ce9014c24d59f0ae794a476d.jpg,dataset/images/children_outdoors/0001_5b07c7f139d7.jpg,1000,1500,5b07c7f139d700dff6361a234838237dd1f6b96bff4c3fb37c87c998ba7dd09a
children outdoors,pinterest,https://i.pinimg.com/originals/0a/89/be/0a89be5ea0a3a9ab340aea3b56b178c5.jpg,dataset/images/children_outdoors/0002_17ae298789fa.jpg,1390,1853,17ae298789fa1df93ff979419b910b809c832edbd39978f69da194d3acb6015d
children outdoors,pinterest,https://i.pinimg.com/originals/8f/ee/90/8fee90030a9a1261036313f8f7390aae.jpg,dataset/images/children_outdoors/0003_1381bdbaa989.jpg,564,1004,1381bdbaa989fa27723154ba9268d7256384a540a95df59403db5c445f6dbff3
children outdoors,pinterest,https://i.pinimg.com/originals/94/dd/80/94dd8088c57a802759fd03fd8746aed8.jpg,dataset/images/children_outdoors/0004_e3c0e02c1884.jpg,952,1272,e3c0e02c18843d6266f220866177ec6953527e0be836915a967d8ea77c2985e9
children indoors,pinterest,https://i.pinimg.com/originals/98/29/16/982916c3024316ed195a7c15358f52be.jpg,dataset/images/children_indoors/0001_abd5ff2cf0c4.jpg,1000,563,abd5ff2cf0c4806221292a45849db3f3d3b467c211760432c0bb0771587b60e2
children indoors,pinterest,https://i.pinimg.com/originals/50/39/f1/5039f15f8a0c9970b26bd72aa0c6ea60.jpg,dataset/images/children_indoors/0002_e508069016f0.jpg,749,1059,e508069016f0c191dcb7c7374b7b245bd9f8d858a4128d0bdb1ffba5d2109c98
children indoors,pinterest,https://i.pinimg.com/originals/1e/09/95/1e09953041df11c84ed0cc7db5fe68f8.jpg,dataset/images/children_indoors/0003_c19f3ee53b4b.jpg,1200,900,c19f3ee53b4b5dc15b82da81d7c4618697c5a781833d922adb724aa67a4d0383
children indoors,pinterest,https://i.pinimg.com/originals/21/97/c3/2197c378070c5e28dc3b4fc3d645d991.jpg,dataset/images/children_indoors/0004_dfe091fd8e99.jpg,832,1248,dfe091fd8e99f3848664e26d087d1a862b4bead74db9b15d1c09c1fd2e0996e4
toddler walking,pinterest,https://i.pinimg.com/originals/51/63/dc/5163dcfea19fa17824bedf69afdea7b3.jpg,dataset/images/toddler_walking/0001_b6c097864e0e.jpg,357,500,b6c097864e0ec6f7583783ca307a0da8aa54b9ace962656e6428afde89d28a86
toddler walking,pinterest,https://i.pinimg.com/originals/64/da/4b/64da4bb7fe811ec9205a570600c6e35f.jpg,dataset/images/toddler_walking/0002_0267d6116f12.jpg,373,500,0267d6116f12a7cae404aed11fbdd8986970d6c1afea308065ddafc4e51a7bdd
toddler walking,pinterest,https://i.pinimg.com/originals/0c/b1/8f/0cb18f28e30b7c33e098515cd82a084d.jpg,dataset/images/toddler_walking/0003_b4361bec60e3.jpg,1470,2613,b4361bec60e3bb7ad7f13dd4c951bd8a5139d4176a780cd86ab48e7bdf885ece
toddler walking,pinterest,https://i.pinimg.com/originals/32/8c/42/328c425d41d40702d8f241633d7a749c.jpg,dataset/images/toddler_walking/0004_95aeae56c1c5.jpg,626,626,95aeae56c1c5d0955e9c973d369578276a3f3749ad320f9e56de0d46646053c9
parents with children,pinterest,https://i.pinimg.com/originals/96/05/ac/9605acd64230db4952a4bd1c4db556cc.jpg,dataset/images/parents_with_children/0001_e1d3ff1f4780.jpg,944,1680,e1d3ff1f4780fb645a7214bebdd3600559bbda8e5008dec0b3f91d55463acc7e
parents with children,pinterest,https://i.pinimg.com/originals/17/4a/26/174a26d05acfeb102cdef8bdde5d8aca.jpg,dataset/images/parents_with_children/0002_4f90f6acf51d.jpg,1440,1800,4f90f6acf51d23d36381cb25ed122b9b0fd39d52c0935cfb0d97dfb1959eef11
parents with children,pinterest,https://i.pinimg.com/originals/fa/21/d1/fa21d140507ae2ac42fa1f562200ed7f.jpg,dataset/images/parents_with_children/0003_5f7ca6f173cd.jpg,640,426,5f7ca6f173cd4e55a649144004f98bbcaf7230ff0e2e3f01bb91ca9687f2cc16
parents with children,pinterest,https://i.pinimg.com/originals/8a/95/81/8a958166e721e2bfc01b2f378341aee1.jpg,dataset/images/parents_with_children/0004_88be0cd262a6.jpg,1024,1536,88be0cd262a6db19a118d46a1b64ae161397382dad8b305408630cfed32c215f
family with children,pinterest,https://i.pinimg.com/originals/2f/c9/a4/2fc9a4a19db4530a25b319f327bd4ac8.jpg,dataset/images/family_with_children/0001_1e1ba10ac72f.jpg,1024,1536,1e1ba10ac72fe57e467af680c1bc07971d166972cef56b378fb8d31bc63655b1
family with children,pinterest,https://i.pinimg.com/originals/58/2e/22/582e22465302a70a44ef5558dcc8b1f2.jpg,dataset/images/family_with_children/0002_4b588c8db7e4.jpg,1200,1499,4b588c8db7e42320c32c7995d7a667c716a986cc650e2189a8331c7d42018c14
family with children,pinterest,https://i.pinimg.com/originals/e3/4c/c7/e34cc7d0537ee2f13e89e6735ccf6a57.jpg,dataset/images/family_with_children/0003_6ae6953c26a4.jpg,1080,1920,6ae6953c26a47f0fb2b8ec2ccc5cccdd9c076b0b3c91adfd846743098a3aa8e1
family with children,pinterest,https://i.pinimg.com/originals/22/ca/9b/22ca9b99819088cbcd9b84de305786e4.jpg,dataset/images/family_with_children/0004_291be7eb504d.jpg,960,1200,291be7eb504dd852c06c4ba5232b8e4767aa1b31fe39d64703675ea77d07cc76
people candid photo,pinterest,https://i.pinimg.com/originals/9a/a2/e0/9aa2e0c0112ed4c61a99c465e3bf4da6.jpg,dataset/images/people_candid_photo/0001_c49d9388710a.jpg,683,1024,c49d9388710a95876c27d2d7baa74f5ddd5637f3e482eceeba68920d6acd6ee8
people candid photo,pinterest,https://i.pinimg.com/originals/55/0c/14/550c14839ddebd04d353c6df70f03274.jpg,dataset/images/people_candid_photo/0002_baeb29986469.jpg,801,1200,baeb299864696adb5af288cffca85b1356983901e303708119f32027eefd9197
people candid photo,pinterest,https://i.pinimg.com/originals/9b/68/6f/9b686f873fc19922105e3cc957928487.jpg,dataset/images/people_candid_photo/0003_a28d412a70ab.jpg,427,640,a28d412a70ab1cccc76fd2729962f8b8dea685666ce90270c23b0d0a29bc6f05
people candid photo,pinterest,https://i.pinimg.com/originals/75/58/5b/75585b81fc583651d3b725922c78665c.jpg,dataset/images/people_candid_photo/0004_eae5d8a87cc8.jpg,1000,1393,eae5d8a87cc8c803b88d0aa62f3a05c614229ebf06c1b0f4eee8698b0eb20e55
people phone photo,pinterest,https://i.pinimg.com/originals/4d/6e/b7/4d6eb792c6cdc2f946319110dd6bbb8c.jpg,dataset/images/people_phone_photo/0001_4815eaff4a24.jpg,688,1024,4815eaff4a24cce9ff3f40b91ac7f04aa83fb196ef839259f7e7af0980537e98
people phone photo,pinterest,https://i.pinimg.com/originals/ab/d1/90/abd1903c4a8fe0731476cd0acbc4b8ed.jpg,dataset/images/people_phone_photo/0002_8ba54b834658.jpg,1024,1535,8ba54b8346581f00e345e31293d92fc7a8e2bf92ce2ef382c30e883ead4dad4c
people phone photo,pinterest,https://i.pinimg.com/originals/cc/1a/8c/cc1a8c664981e1153a01fb55c2fd8dbc.jpg,dataset/images/people_phone_photo/0003_1d2d6058c643.jpg,1280,1664,1d2d6058c6439426196646fda5972aa2fa0ebaab4a37ef6555cf6811415b7203
people phone photo,pinterest,https://i.pinimg.com/originals/a9/51/2d/a9512dcb2a81c8c60cb38cdcc55f8376.jpg,dataset/images/people_phone_photo/0004_628b37debfbb.jpg,735,976,628b37debfbb6160062a177ae40fcf3a368f00943d1afb9dbebbadbad98f88e7
people daily life,pinterest,https://i.pinimg.com/originals/49/44/d1/4944d1a758e8ebed3bbd1a2de2027343.jpg,dataset/images/people_daily_life/0001_4a209f369e87.jpg,564,785,4a209f369e87865f901232ae5c6298186fb3d2588e1cad3184145c678071ef06
people daily life,pinterest,https://i.pinimg.com/originals/c1/2d/20/c12d20eb5e4210fbeaa1188c86f2b65c.jpg,dataset/images/people_daily_life/0002_bc83d686841e.jpg,755,1000,bc83d686841eeac638c7b95f85a633f64d8aece70ec63185ec7c8e3375b5ca43
people daily life,pinterest,https://i.pinimg.com/originals/fe/46/e0/fe46e025c7ebf37e4d13818521c7943e.jpg,dataset/images/people_daily_life/0003_7f9f2e22fe61.jpg,933,1400,7f9f2e22fe61ffed43f9114908c0649dfca3b5c20092e110780ec429351257bf
people daily life,pinterest,https://i.pinimg.com/originals/d8/4f/2a/d84f2a5ef1280f294e73396e2180f0f7.jpg,dataset/images/people_daily_life/0004_7f1fe0a83477.jpg,750,1000,7f1fe0a834779ab4371e643439aa28a3e2e5192096e0e1e4c3e9034218fe66d5
