STT,Họ và Tên,Profile URL,Avatar URL
1,"1 bạn bè","https://www.facebook.com/profile.php?id=100060157728939",""
2,"Hồ Quốc Bảo","https://www.facebook.com/quocbao.ho.5059601",""
3,"Trần Hồng Quân","https://www.facebook.com/tran.hong.quan.88582",""
4,"Huy Le","https://www.facebook.com/huy.le.299120",""
5,"Michael Phan","https://www.facebook.com/michael.phan.371274",""
6,"Đức Hải","https://www.facebook.com/uchai.627746",""
7,"Nguyễn Minh Anh","https://www.facebook.com/anh.nguyenminh.9212301",""
8,"Phạm Quân","https://www.facebook.com/ptq.ishere",""
9,"Trung Quân","https://www.facebook.com/trung.quan.809576",""
10,"Võ Ngọc Thanh Long","https://www.facebook.com/Longvongocthanh",""
11,"Đào Nguyễn Tuấn Hoàngg","https://www.facebook.com/aonguyentuanhoangg",""
12,"Trung Quân","https://www.facebook.com/trung.quan.0207",""
13,"Nhân Armani","https://www.facebook.com/met.centi.3",""
14,"Ntshiab Lis","https://www.facebook.com/ntshiab.lis.558904",""
15,"Hiệp Loan","https://www.facebook.com/hiep.loan.327705",""
16,"Vinh Triệu","https://www.facebook.com/trieu.vinh.5494",""
17,"Mon Garden","https://www.facebook.com/mai.rung.bup.o.327209",""
18,"Tran Tinh Minh","https://www.facebook.com/minh.tran.364802",""
19,"Minh Tran","https://www.facebook.com/thuong.minh.tran.827252",""
20,"Kim Kim Quyền","https://www.facebook.com/ngotamq",""
21,"Khánh Cây Kiểng","https://www.facebook.com/khanh.cay.kieng",""
22,"Springer Nest Kennel","https://www.facebook.com/profile.php?id=100090626936775","https://scontent.fsgn8-4.fna.fbcdn.net/v/t39.30808-1/331540685_1321616685236711_8322530858143603869_n.jpg?stp=c0.127.1152.1152a_cp0_dst-jpg_tt6&cstp=mx1152x1152&ctp=s80x80&_nc_cat=109&_nc_map=urlgen_bucketless&ccb=1-7&_nc_sid=167101&_nc_ohc=ARmGeWY_I7AQ7kNvwEl1GJA&_nc_oc=AdqQ2p3uJoKxonSHjnrtMC7PpQzF8tWQeb9eJKS0fdJjTHFYUSGBfPABUhFgxVaG3Cc&_nc_zt=24&_nc_ht=scontent.fsgn8-4.fna&_nc_gid=AlWLfeM170wtUdE6c32BCw&_nc_ss=7b2a8&oh=00_AQOXZ9xmwJ7a1Gx60hdeEB4iyZw95ZQy6fv8aZFCYL_TTQ&oe=6AC6BFB2"
23,"Corgi Ú Nần","https://www.facebook.com/corgiunanvanhungnguoiban","https://scontent.fsgn8-4.fna.fbcdn.net/v/t39.30808-1/680345634_907194532299245_8050442921733413682_n.jpg?stp=cp0_dst-jpg_tt6&cstp=mx2048x2048&ctp=s80x80&_nc_cat=105&_nc_map=urlgen_bucketless&ccb=1-7&_nc_sid=167101&_nc_ohc=MAXuIc_24YIQ7kNvwGz_IS4&_nc_oc=Adp5fVdmT1zeFEZRL2xA9P5FWP_d2QkFEmI1MgikeY5NjjZdnVWBR1mdfgLjoE2mzaY&_nc_zt=24&_nc_ht=scontent.fsgn8-4.fna&_nc_gid=AlWLfeM170wtUdE6c32BCw&_nc_ss=7b2a8&oh=00_AQNWTn7Xf_iVvI2v2Fm2Px2EilGIvAsZvSA14WDxQgyAEQ&oe=6AC6D597"
24,"M2Bestie","https://www.facebook.com/profile.php?id=61589821006133","https://scontent.fsgn8-4.fna.fbcdn.net/v/t39.30808-1/825353154_122113943079327366_7708387492758920322_n.jpg?stp=cp0_dst-jpg_tt6&cstp=mx1982x1998&ctp=s80x80&_nc_cat=110&_nc_map=urlgen_bucketless&ccb=1-7&_nc_sid=167101&_nc_ohc=j6SZ0XaJ5goQ7kNvwEBDwgl&_nc_oc=AdppTttenJlll25ZvYKNthWB_jRFaUJN9Ly_MlPPgwUk2bIFUwCQ1uXPnTHhA-ME6KQ&_nc_zt=24&_nc_ht=scontent.fsgn8-4.fna&_nc_gid=AlWLfeM170wtUdE6c32BCw&_nc_ss=7b2a8&oh=00_AQPoEXr078Fb1GFA-mysVRSa7HHyMa-DxySmwRczh_9H6Q&oe=6AC6D3B9"
25,"The Basking Dachshund","https://www.facebook.com/profile.php?id=61594917290573","https://scontent.fsgn8-4.fna.fbcdn.net/v/t39.30808-1/817329468_1098822095936910_3372506017558880960_n.jpg?stp=cp0_dst-jpg_tt6&cstp=mx1024x1024&ctp=s80x80&_nc_cat=103&_nc_map=urlgen_bucketless&ccb=1-7&_nc_sid=167101&_nc_ohc=MA8V3HIay_wQ7kNvwHTFhQz&_nc_oc=AdobeeT8y_w0Yl9LMYEEYHiYxPzXAKhhKTRmo2ktb7Iioi2P5nbPUuItUNH9XzPD_bg&_nc_zt=24&_nc_ht=scontent.fsgn8-4.fna&_nc_gid=AlWLfeM170wtUdE6c32BCw&_nc_ss=7b2a8&oh=00_AQNVi1MnhgGqTLojJQ-DPaHTmUJC-g0lOZyMouePxe9E1A&oe=6AC6DB42"
26,"Odorarius Tami ""Tücsök""","https://www.facebook.com/profile.php?id=61590292133989","https://scontent.fsgn8-4.fna.fbcdn.net/v/t39.30808-1/749629560_27121034614266077_7410738487075486632_n.jpg?stp=c0.0.1542.1542a_cp0_dst-jpg_tt6&cstp=mx1542x1542&ctp=s80x80&_nc_cat=107&_nc_map=urlgen_bucketless&ccb=1-7&_nc_sid=167101&_nc_ohc=w3qfv3rYrfsQ7kNvwFJs2gT&_nc_oc=AdpIDFitZXCKd7FUYjfXHtvH8zDgL5ovYEzVN6eN5SgQQchBhix6b4CWCgWkv30QfDA&_nc_zt=24&_nc_ht=scontent.fsgn8-4.fna&_nc_gid=AlWLfeM170wtUdE6c32BCw&_nc_ss=7b2a8&oh=00_AQOEYCmY5Q6eFJZU405IN8xk7Jo7iPSQJdrqk_DhtZ6V-A&oe=6AC6EBC9"
27,"Skye The Blue Staffie","https://www.facebook.com/profile.php?id=61579401694567","https://scontent.fsgn8-4.fna.fbcdn.net/v/t39.30808-1/784816885_122171530436980056_1105878102800930259_n.jpg?stp=cp6_dst-jpg_tt6&cstp=mx1918x1918&ctp=s80x80&_nc_cat=107&_nc_map=urlgen_bucketless&ccb=1-7&_nc_sid=167101&_nc_ohc=mb7phwSv3OwQ7kNvwGopSX6&_nc_oc=AdoArkUUyO1igTGnoY-PYNeBa8UMp60_ht4hLdIi0u5eKF-0GGhZbd23RClYtRMPfN4&_nc_zt=24&_nc_ht=scontent.fsgn8-4.fna&_nc_gid=AlWLfeM170wtUdE6c32BCw&_nc_ss=7b2a8&oh=00_AQObI-ZzpEdE-Ve_bQTiOgeJpZpZyctTlbIb5vZfjaw2Hw&oe=6AC6E71F"
28,"Beagle Lover family","https://www.facebook.com/profile.php?id=61585463500734","https://scontent.fsgn8-4.fna.fbcdn.net/v/t39.30808-1/604590100_122101079979182116_5403467406868618238_n.jpg?stp=cp0_dst-jpg_tt6&cstp=mx736x736&ctp=s80x80&_nc_cat=111&_nc_map=urlgen_bucketless&ccb=1-7&_nc_sid=167101&_nc_ohc=8MhrPIG3ylEQ7kNvwHZHPLt&_nc_oc=Adrs3iIErEXtRAgaKE7HVMgED9LfdRsWHTyPCW_1B0m6Gw0njreMurUmJNvSCT5R_hQ&_nc_zt=24&_nc_ht=scontent.fsgn8-4.fna&_nc_gid=AlWLfeM170wtUdE6c32BCw&_nc_ss=7b2a8&oh=00_AQNS7dWoWpoEvo8xhJ6oyZ3vQQh9Pe8ykJ3EE4tTKgz0oQ&oe=6AC6D25F"
29,"Apexstaffs","https://www.facebook.com/profile.php?id=100031883786630","https://scontent.fsgn8-4.fna.fbcdn.net/v/t39.30808-1/215200167_462723971467058_1383152019463287000_n.jpg?stp=cp0_dst-jpg_tt6&cstp=mx1500x1500&ctp=s80x80&_nc_cat=102&_nc_map=urlgen_bucketless&ccb=1-7&_nc_sid=167101&_nc_ohc=k0_34IwQdK0Q7kNvwEFts_k&_nc_oc=AdqxMnvoG1gorqL3RpCAcQRyjOui0NmyyQi4ZkT-ItCf8C2UCj7UVB3rclSgn_PafWg&_nc_zt=24&_nc_ht=scontent.fsgn8-4.fna&_nc_gid=AlWLfeM170wtUdE6c32BCw&_nc_ss=7b2a8&oh=00_AQMN3Fo5JbK6bydwky5RyXWg51KBhLdFRKRJpL_VUwJkZw&oe=6AC6EF8C"
30,"Ghostandmillie","https://www.facebook.com/profile.php?id=61592377026545","https://scontent.fsgn8-4.fna.fbcdn.net/v/t39.30808-1/756894580_28351673007751723_7272664201838752944_n.jpg?stp=c0.0.1536.1536a_cp6_dst-jpg_tt6&cstp=mx1536x1536&ctp=s80x80&_nc_cat=100&_nc_map=urlgen_bucketless&ccb=1-7&_nc_sid=167101&_nc_ohc=hseLZ4PW5ZwQ7kNvwH_T03G&_nc_oc=AdqetdMb51XJd5eln3DWPckIxnC6xxXnkY_0-OODXBurqmgQlLVZAVPus43Z2vVSrUg&_nc_zt=24&_nc_ht=scontent.fsgn8-4.fna&_nc_gid=3mdBEBgnHUMnCOTDKEvlUQ&_nc_ss=7b2a8&oh=00_AQOc_sw4IMeZrKBuU0PwUN8AK8twnm8u9cQuFgTfm9dkOg&oe=6AC6F3CA"
31,"Mini Daisy Doxinfree","https://www.facebook.com/profile.php?id=61591169385115","https://scontent.fsgn8-4.fna.fbcdn.net/v/t39.30808-1/743699514_122108249223372312_70371853634859849_n.jpg?stp=cp0_dst-jpg_tt6&cstp=mx1080x1082&ctp=s80x80&_nc_cat=111&_nc_map=urlgen_bucketless&ccb=1-7&_nc_sid=167101&_nc_ohc=rmX2MI8BK90Q7kNvwHKvDkY&_nc_oc=Adqc6LDnSTOvZoCvhhhlUM_eaIvQdvFizITvXvRPh0O0JwcXj__wyyCev3kuqQBmjPo&_nc_zt=24&_nc_ht=scontent.fsgn8-4.fna&_nc_gid=3mdBEBgnHUMnCOTDKEvlUQ&_nc_ss=7b2a8&oh=00_AQMazDp6AJ9qrhSc0FmgDJ9xnHGsMCT8cApnHQ7huqbfGA&oe=6AC6EEB2"
32,"Bear Creek Dachshunds","https://www.facebook.com/profile.php?id=61591120935667","https://scontent.fsgn8-4.fna.fbcdn.net/v/t39.30808-1/749354532_122108944167370697_8534604022592717628_n.jpg?stp=cp6_dst-jpg_tt6&cstp=mx1308x1308&ctp=s80x80&_nc_cat=102&_nc_map=urlgen_bucketless&ccb=1-7&_nc_sid=167101&_nc_ohc=gWChvGPqcCQQ7kNvwFwQi2P&_nc_oc=AdoaDeKbD8qmvf6Pu_rFGHqHG1TD1UC1zrY10p0xENGd1T64VsGJ7B1NaEvejkNXBoc&_nc_zt=24&_nc_ht=scontent.fsgn8-4.fna&_nc_gid=3mdBEBgnHUMnCOTDKEvlUQ&_nc_ss=7b2a8&oh=00_AQO3fUkb8x6lqZfkp0qrtzwTxxfTJbyZG5nMgOVubtz1MA&oe=6AC6C5EF"
33,"AdventuresofMurphy&Raven","https://www.facebook.com/profile.php?id=61594576136204","https://scontent.fsgn8-4.fna.fbcdn.net/v/t39.30808-1/825327558_122102394075485871_3715820939717433060_n.jpg?stp=cp0_dst-jpg_tt6&cstp=mx1254x1254&ctp=s80x80&_nc_cat=1&ccb=1-7&_nc_sid=167101&_nc_ohc=3c9ku2fHMOYQ7kNvwFApBnT&_nc_oc=AdoVwbwJ_0ui6iB5F_sBsPol991PANzFeyU9poNiyWXlQJltWC9GRH4muDSqdR7aCj0&_nc_zt=24&_nc_ht=scontent.fsgn8-4.fna&_nc_gid=3mdBEBgnHUMnCOTDKEvlUQ&_nc_ss=7b2a8&oh=00_AQO9HJ3OnPwn-vpEvauCUS112DptYnNYRjZQqocD_Y2XRA&oe=6AC6F2B6"
34,"Mari Cielo Fernandez Quesada","https://www.facebook.com/maricielo.fernandezquesada","https://scontent.fsgn8-4.fna.fbcdn.net/v/t39.30808-1/465563091_28545689841696547_8791087339809802596_n.jpg?stp=cp0_dst-jpg_tt6&cstp=mx1792x1792&ctp=s80x80&_nc_cat=111&_nc_map=urlgen_bucketless&ccb=1-7&_nc_sid=167101&_nc_ohc=Sf32lPkoAOwQ7kNvwFEy3Ao&_nc_oc=AdqeErid2wyhNzAkIX6xttGzKzwXEDMU7ZU5W9GatGFY2HaN6y7dcWOyPeYYqmHsq64&_nc_zt=24&_nc_ht=scontent.fsgn8-4.fna&_nc_gid=3mdBEBgnHUMnCOTDKEvlUQ&_nc_ss=7b2a8&oh=00_AQNiz2_BOne01aeWzjtiJ90dRv34CoRTUVg5UAMM1ZvxNA&oe=6AC6C5FF"
35,"Freedom Farms Basset Hounds","https://www.facebook.com/profile.php?id=100057663420626","https://scontent.fsgn8-4.fna.fbcdn.net/v/t39.30808-1/710598211_1450508206881280_6215738980345841649_n.jpg?stp=cp0_dst-jpg_tt6&cstp=mx720x733&ctp=p80x80&_nc_cat=106&_nc_map=urlgen_bucketless&ccb=1-7&_nc_sid=167101&_nc_ohc=6Iqsf37ewR0Q7kNvwGzTvib&_nc_oc=AdrYyXyEhimZ8sy90e7judLPmnSCGOplzrP9gzs4BspjlVpCDw9Tk0Vhzv4wy4IfFWs&_nc_zt=24&_nc_ht=scontent.fsgn8-4.fna&_nc_gid=3mdBEBgnHUMnCOTDKEvlUQ&_nc_ss=7b2a8&oh=00_AQPwwvF3muVYXvaLonVBMmsZEk80wHA5qnNWAmb2aXUo6Q&oe=6AC6BEA4"
36,"Riley's Jack Russells","https://www.facebook.com/profile.php?id=100077010661303","https://scontent.fsgn8-4.fna.fbcdn.net/v/t39.30808-1/468200231_575311441712540_7201364684948354591_n.jpg?stp=cp6_dst-jpg_tt6&cstp=mx2048x2048&ctp=s80x80&_nc_cat=100&_nc_map=urlgen_bucketless&ccb=1-7&_nc_sid=167101&_nc_ohc=9ImfosBdNI4Q7kNvwFwiPQT&_nc_oc=Adqwc832DscNotp77fwmQiI3-I1XXjLriaGTrKUGT18hnVe7FEvWcRty2LMTKRiTf80&_nc_zt=24&_nc_ht=scontent.fsgn8-4.fna&_nc_gid=3mdBEBgnHUMnCOTDKEvlUQ&_nc_ss=7b2a8&oh=00_AQNov70iAAvLWMJrJMFpcwHngcrOOKQEDyHfslMqiFbOJw&oe=6AC6F3A6"
37,"AndeliVjecnosti","https://www.facebook.com/canisdirusdirewolvesbergerblancsuisse","https://scontent.fsgn8-4.fna.fbcdn.net/v/t39.30808-1/714599472_1317051917287933_746917269067863328_n.jpg?stp=cp6_dst-jpg_tt6&cstp=mx850x849&ctp=s80x80&_nc_cat=108&_nc_map=urlgen_bucketless&ccb=1-7&_nc_sid=167101&_nc_ohc=d_836NcfzU0Q7kNvwHxkzRd&_nc_oc=Adqgozwt0AlvtC2HJPSitK41iOy9r4OYisszCw_u-OVNMY2jDqN68Wqt1Z5RZjA9-XM&_nc_zt=24&_nc_ht=scontent.fsgn8-4.fna&_nc_gid=3mdBEBgnHUMnCOTDKEvlUQ&_nc_ss=7b2a8&oh=00_AQOcNstWZbxvrkELNGlNIKNkN_7BTsBZudygO3Q8jwezwg&oe=6AC6D636"
38,"Paws A Drama","https://www.facebook.com/PawsADrama","https://scontent.fsgn8-4.fna.fbcdn.net/v/t39.30808-1/830256477_122138780163218908_6857811068652334800_n.jpg?stp=cp0_dst-jpg_tt6&cstp=mx1600x1600&ctp=s80x80&_nc_cat=104&_nc_map=urlgen_bucketless&ccb=1-7&_nc_sid=167101&_nc_ohc=nIYZLXuoaOsQ7kNvwE6DZqD&_nc_oc=AdrTnH5UxJPCe6-Z86QSQdOEfa1NZ74LsGEoK6TRAR1I599AHkQ09WZBL-b35opmFYM&_nc_zt=24&_nc_ht=scontent.fsgn8-4.fna&_nc_gid=_9LXGhbQg2vyPganH-hrQg&_nc_ss=7b2a8&oh=00_AQNMpfCAj2I5okxHPZvEj8UfNO7mE8G9GS5SCTsoGJ2anQ&oe=6AC6D35D"
39,"Kaptain Beagle","https://www.facebook.com/profile.php?id=61580484401725","https://scontent.fsgn8-4.fna.fbcdn.net/v/t39.30808-1/805696645_122147354433016146_1345613998557290061_n.jpg?stp=cp0_dst-jpg_tt6&cstp=mx1143x1149&ctp=s80x80&_nc_cat=1&ccb=1-7&_nc_sid=167101&_nc_ohc=WVz6zZu3fPQQ7kNvwHMrQe4&_nc_oc=AdohHqlvOaq06d4MT4Z6x8AaABGoC63qB8xnNJ8pSuMw0AfzIOMjJVQ8hRIm7dsa93s&_nc_zt=24&_nc_ht=scontent.fsgn8-4.fna&_nc_gid=_9LXGhbQg2vyPganH-hrQg&_nc_ss=7b2a8&oh=00_AQNF0d3yjeNfbbMxm8H4VgZ_cgvFdhLYYsyxIh1A_LUqmQ&oe=6AC6E5EA"
40,"Dachshund Maddie","https://www.facebook.com/Lhizadventure","https://scontent.fsgn8-4.fna.fbcdn.net/v/t39.30808-1/679434636_1564699005659916_8965088491556189323_n.jpg?stp=cp6_dst-jpg_tt6&cstp=mx2048x2048&ctp=s80x80&_nc_cat=104&_nc_map=urlgen_bucketless&ccb=1-7&_nc_sid=167101&_nc_ohc=GUTwZDxySzIQ7kNvwENAkJ7&_nc_oc=Adqigjb-ELEENHE4IW_WpK404544crQzNm1QwlocRa6xYKLivJqDyujkpkdGdYJqjFc&_nc_zt=24&_nc_ht=scontent.fsgn8-4.fna&_nc_gid=_9LXGhbQg2vyPganH-hrQg&_nc_ss=7b2a8&oh=00_AQN9Dk_mYEffuqgWXjO3ikyw-rKkPhop77CqosvENxm3Og&oe=6AC6DFFA"
41,"Spotty Dalmatian","https://www.facebook.com/SpottyDalmatian.fan","https://scontent.fsgn8-4.fna.fbcdn.net/v/t39.30808-1/758253261_122141904999134919_227445388768259413_n.jpg?stp=cp0_dst-jpg_tt6&cstp=mx1080x1080&ctp=s80x80&_nc_cat=106&_nc_map=urlgen_bucketless&ccb=1-7&_nc_sid=167101&_nc_ohc=suGwdS3STS8Q7kNvwFeMLjc&_nc_oc=Adr2k0iUoyYQRy-rRrwAGtMfuXTAC2OIK658yjSIDX4TgL9pQwUiDtn7gJKCyvOeMjM&_nc_zt=24&_nc_ht=scontent.fsgn8-4.fna&_nc_gid=_9LXGhbQg2vyPganH-hrQg&_nc_ss=7b2a8&oh=00_AQNpt4MMqEDcLdp1L49gQY_JbPSFsqcXnnvnqiek0weDGw&oe=6AC6E338"
42,"Sheela Plowman","https://www.facebook.com/profile.php?id=61588622690374","https://scontent.fsgn8-4.fna.fbcdn.net/v/t39.30808-1/788933989_122122117911287423_8089022643009518161_n.jpg?stp=cp0_dst-jpg_tt6&cstp=mx2043x2048&ctp=s80x80&_nc_cat=102&_nc_map=urlgen_bucketless&ccb=1-7&_nc_sid=167101&_nc_ohc=Un-kzmkdAzoQ7kNvwHOPPxu&_nc_oc=AdqwbKEuIo-HEOJzQNXXQ9yry_mdwHGVQnrN_qcw7oJoxntnZyY_2FYWbdSlSi6iOCc&_nc_zt=24&_nc_ht=scontent.fsgn8-4.fna&_nc_gid=_9LXGhbQg2vyPganH-hrQg&_nc_ss=7b2a8&oh=00_AQNcY_gqZz7HVVchMLJCAa2ld5BJDcXwysqN8TZrP1ZQhw&oe=6AC6E1D3"
43,"Gunderson Dog Training and Boarding","https://www.facebook.com/Gundersondogtrainingandboarding","https://scontent.fsgn8-4.fna.fbcdn.net/v/t39.30808-1/290207996_499182558720754_7704497780115556736_n.jpg?stp=cp0_dst-jpg_tt6&cstp=mx1465x1465&ctp=s80x80&_nc_cat=109&_nc_map=urlgen_bucketless&ccb=1-7&_nc_sid=167101&_nc_ohc=K5M_0rKLgHAQ7kNvwFghBqR&_nc_oc=AdrpGfqlxyAB40zXNpms8Jp6IUacAZA-0pe_vWGmgui4ti1-NAyBGNNJURBBz6F_CFw&_nc_zt=24&_nc_ht=scontent.fsgn8-4.fna&_nc_gid=_9LXGhbQg2vyPganH-hrQg&_nc_ss=7b2a8&oh=00_AQPv8TPkPjxxhPrnWKt19yptAsuA3Xh3uTq-NwpU-zN-YA&oe=6AC6EEED"
44,"Labrador Retriever Love","https://www.facebook.com/profile.php?id=61593730757533","https://scontent.fsgn8-4.fna.fbcdn.net/v/t39.30808-1/796996406_122099899761467695_3428427544271764283_n.jpg?stp=cp0_dst-jpg_tt6&cstp=mx1254x1254&ctp=s80x80&_nc_cat=107&_nc_map=urlgen_bucketless&ccb=1-7&_nc_sid=167101&_nc_ohc=OEX-OmqEUw4Q7kNvwHjotgL&_nc_oc=AdpCSO77IYu2QHhEXpxQdj-XcBMWlL2lxEC2-ypCQN4msqMkNLXDC7yV7_FmiZ08ZoM&_nc_zt=24&_nc_ht=scontent.fsgn8-4.fna&_nc_gid=_9LXGhbQg2vyPganH-hrQg&_nc_ss=7b2a8&oh=00_AQMzOxlVsY7wJYo5KjtVAYCFgnWA6hEjXbWexDmKDwimlQ&oe=6AC6DE2C"
45,"Puppy tran","https://www.facebook.com/profile.php?id=61594670106875","https://scontent.fsgn8-4.fna.fbcdn.net/v/t39.30808-1/825598958_122101027737489003_3466116449453694271_n.jpg?stp=cp0_dst-jpg_tt6&cstp=mx1254x1254&ctp=s80x80&_nc_cat=102&_nc_map=urlgen_bucketless&ccb=1-7&_nc_sid=167101&_nc_ohc=cclzpVe_2E4Q7kNvwFZhyvd&_nc_oc=AdpriXgdP_m6TLFuJZyNoO8rrnIKxf6BEf9yqFXs302zLYB_B6LB2k6n3DyKSHXR9QM&_nc_zt=24&_nc_ht=scontent.fsgn8-4.fna&_nc_gid=_9LXGhbQg2vyPganH-hrQg&_nc_ss=7b2a8&oh=00_AQNSEBfH_GXvlJMEIKn7yOQp9-W-NK8Rg1SES9jOd94CiQ&oe=6AC6F133"
46,"Cute Cat","https://www.facebook.com/profile.php?id=61580785476573","https://scontent.fsgn8-4.fna.fbcdn.net/v/t39.30808-1/562541782_122108740779026182_7792777625510688528_n.jpg?stp=c0.0.781.781a_cp0_dst-jpg_tt6&cstp=mx781x781&ctp=s80x80&_nc_cat=100&_nc_map=urlgen_bucketless&ccb=1-7&_nc_sid=167101&_nc_ohc=wuiAEgT1WMkQ7kNvwEw5uIh&_nc_oc=AdprdaiAKZ6x7BWZhvvWRH3OItjA8XtRRP81QHY_mtlMDKyJX3XYpPw_GlrdGKJFvz8&_nc_zt=24&_nc_ht=scontent.fsgn8-4.fna&_nc_gid=oVjpe7uPyPdfgT-ZjW1SQQ&_nc_ss=7b2a8&oh=00_AQOPCt1rEfnMhubxoXffXTFDy3mwrDPjKZiieoWiCH_UNg&oe=6AC6CB98"
47,"Peerada Narinwong","https://www.facebook.com/pirada.nucharam","https://scontent.fsgn8-4.fna.fbcdn.net/v/t39.30808-1/489954704_9531254963655791_7746654067077508740_n.jpg?stp=cp0_dst-jpg_tt6&cstp=mx1440x1440&ctp=s80x80&_nc_cat=104&_nc_map=urlgen_bucketless&ccb=1-7&_nc_sid=167101&_nc_ohc=jWvL704whkgQ7kNvwGGlvzk&_nc_oc=AdrLh2ypqsbIHoDU5cCFiBFNsTeHDaRSC_DBNMu8KSNhqpQ7n2mOEYb_jPis37tB1hw&_nc_zt=24&_nc_ht=scontent.fsgn8-4.fna&_nc_gid=oVjpe7uPyPdfgT-ZjW1SQQ&_nc_ss=7b2a8&oh=00_AQMOgM1KPOe8Ri6VasxkKW69l9JMItmSLLxiW0wGC9WUag&oe=6AC6BD7D"
48,"Bond Mountain Kennels","https://www.facebook.com/bondmountainkennels","https://scontent.fsgn8-4.fna.fbcdn.net/v/t39.30808-1/468297332_1015427913931591_445771739120971526_n.jpg?stp=cp0_dst-jpg_tt6&cstp=mx1080x1089&ctp=s80x80&_nc_cat=111&_nc_map=urlgen_bucketless&ccb=1-7&_nc_sid=167101&_nc_ohc=nMsVWeLKQVsQ7kNvwHabHj6&_nc_oc=Adqm8TUo_mvcqNPYq3XvyPn49CRrbFo2GdTizMQryNd_INB-amg3OfMPjCFNi8afPa0&_nc_zt=24&_nc_ht=scontent.fsgn8-4.fna&_nc_gid=oVjpe7uPyPdfgT-ZjW1SQQ&_nc_ss=7b2a8&oh=00_AQNNvCrNLF48URDdnni3d4_ieytZIIdJm3liIR_691Tt5g&oe=6AC6F1D8"
49,"Elevage D'Okcledi","https://www.facebook.com/profile.php?id=61553904239577","https://scontent.fsgn8-4.fna.fbcdn.net/v/t39.30808-1/406511887_122105563670130141_3341806459243783862_n.jpg?stp=cp0_dst-jpg_tt6&cstp=mx794x794&ctp=s80x80&_nc_cat=101&_nc_map=urlgen_bucketless&ccb=1-7&_nc_sid=167101&_nc_ohc=65qQo3jPRboQ7kNvwG6bb_T&_nc_oc=AdpS8n3dVKAfS3METUfPaAFpX4bLgPQXoQZBSJn3CapVmNnYwHNBl77hpzSEABnaAA0&_nc_zt=24&_nc_ht=scontent.fsgn8-4.fna&_nc_gid=oVjpe7uPyPdfgT-ZjW1SQQ&_nc_ss=7b2a8&oh=00_AQPTRQ0g_EEOb_w9LzbnAM-EnQYKVdVgiIAj_C8nncFAOA&oe=6AC6EB1A"
50,"Cane Corso lovers","https://www.facebook.com/profile.php?id=61594060409490","https://scontent.fsgn8-4.fna.fbcdn.net/v/t39.30808-1/790341073_122096521683468680_1074202237918312515_n.jpg?stp=cp0_dst-jpg_tt6&cstp=mx1024x1024&ctp=s80x80&_nc_cat=102&_nc_map=urlgen_bucketless&ccb=1-7&_nc_sid=167101&_nc_ohc=3eGwobPm5YEQ7kNvwHMQHSK&_nc_oc=AdpuatsvJu2eivRtwJICYMph1zgts40jb45cqd1tEcaqUOJdUXwLfknfRQeCfmgnjGU&_nc_zt=24&_nc_ht=scontent.fsgn8-4.fna&_nc_gid=oVjpe7uPyPdfgT-ZjW1SQQ&_nc_ss=7b2a8&oh=00_AQPYJ87CwS8skjAWyEwrZFnMSqHfKg5-RMIdJ_7dDEiIuA&oe=6AC6E094"
51,"Besset.Trixie","https://www.facebook.com/profile.php?id=61580166525395","https://scontent.fsgn8-4.fna.fbcdn.net/v/t39.30808-1/634102200_122122796673005550_1354955611036682572_n.jpg?stp=cp0_dst-jpg_tt6&cstp=mx266x261&ctp=p80x80&_nc_cat=108&_nc_map=urlgen_bucketless&ccb=1-7&_nc_sid=167101&_nc_ohc=UAu0BJMlpnYQ7kNvwGCTnKg&_nc_oc=Adr4R2e2kWUILc8AfgcIghmh3Trrp48ft0GLdYPBisDAbDE8JY6tbuyPCyGgG2kYGQs&_nc_zt=24&_nc_ht=scontent.fsgn8-4.fna&_nc_gid=oVjpe7uPyPdfgT-ZjW1SQQ&_nc_ss=7b2a8&oh=00_AQPAwbfiFVdUJiAXXzRkBvyhWVW5_U56kKbFdVIPu-tAvA&oe=6AC6DE4B"
52,"Amos & Iris","https://www.facebook.com/profile.php?id=61578256268929","https://scontent.fsgn8-4.fna.fbcdn.net/v/t39.30808-1/561312633_122136540584941875_7299785020229475128_n.jpg?stp=cp0_dst-jpg_tt6&cstp=mx1536x1536&ctp=s80x80&_nc_cat=107&_nc_map=urlgen_bucketless&ccb=1-7&_nc_sid=167101&_nc_ohc=GVdz-7VdRcoQ7kNvwH3F3yX&_nc_oc=Adp2QmOwHcjUuTUfumx02u3RKlIDNw03Dr2xAYYVIyDjVUxwrI3NgmK_ochHmonKbz0&_nc_zt=24&_nc_ht=scontent.fsgn8-4.fna&_nc_gid=oVjpe7uPyPdfgT-ZjW1SQQ&_nc_ss=7b2a8&oh=00_AQNGWkjM5voiFAUwwkOMuOUsoJWi69SeA-GvHht18exa6A&oe=6AC6EF39"
53,"Meeko''s World","https://www.facebook.com/profile.php?id=61584195135661","https://scontent.fsgn8-4.fna.fbcdn.net/v/t39.30808-1/591702261_122152443140843381_8501135662331729812_n.webp?stp=cp0_dst-png&cstp=mx1926x1926&ctp=s80x80&_nc_cat=109&_nc_map=urlgen_bucketless&ccb=1-7&_nc_sid=167101&_nc_ohc=vsuFfW7v1ksQ7kNvwEWtwhA&_nc_oc=Adq_fLA31kCwVLznatnGsqzMkLof--uv61XgIqi9Hz8NHpMlS89Wfu1SAG1nOO-JytQ&_nc_zt=24&_nc_ht=scontent.fsgn8-4.fna&_nc_gid=oVjpe7uPyPdfgT-ZjW1SQQ&_nc_ss=7b2a8&oh=00_AQOtCCxLv-4w6SjuYxaZ37sXtQaBEVmbh0LioIA5lhawoQ&oe=6AC6DA43"
54,"Jackson the Tassie Basset","https://www.facebook.com/profile.php?id=61593381420268","https://scontent.fsgn8-4.fna.fbcdn.net/v/t39.30808-1/825271169_122116045353446047_289348342182922131_n.jpg?stp=cp6_dst-jpg_tt6&cstp=mx2048x2048&ctp=s80x80&_nc_cat=108&_nc_map=urlgen_bucketless&ccb=1-7&_nc_sid=167101&_nc_ohc=J7Hr_i9IgOUQ7kNvwHElgCQ&_nc_oc=AdpU6Jwa12wyI2fmccClZCULBFLJZfy0Ru4DfXGSdS9H_9ZehvcmcUln1LqDQqGUZ5M&_nc_zt=24&_nc_ht=scontent.fsgn8-4.fna&_nc_gid=xiQzpVGwYsFOe6xdPtcKHA&_nc_ss=7b2a8&oh=00_AQNG57CZS5Ag4aY_k2MZPUWfbWdgP1pVnXiByB8QqnIYLQ&oe=6AC6E021"
55,"Dave Garuccio","https://www.facebook.com/Davesdeckandfence","https://scontent.fsgn8-4.fna.fbcdn.net/v/t39.30808-1/829528850_122171492114710077_2009251629658219313_n.jpg?stp=cp0_dst-jpg_tt6&cstp=mx750x750&ctp=s80x80&_nc_cat=101&_nc_map=urlgen_bucketless&ccb=1-7&_nc_sid=167101&_nc_ohc=h02qcV8hRpEQ7kNvwEKnQ_-&_nc_oc=AdrbU6Ekr2zLvsUyLbfa9GlTzlkA4d186pbKz0qDAHrSyiKJHrSZyfOqjlzkQQq1DLM&_nc_zt=24&_nc_ht=scontent.fsgn8-4.fna&_nc_gid=xiQzpVGwYsFOe6xdPtcKHA&_nc_ss=7b2a8&oh=00_AQNjXVlu50Yi4DXV6EWNBWJ6ZZokMZ02UOSBdmbaqOCjhg&oe=6AC6D101"
56,"Parrotas","https://www.facebook.com/profile.php?id=61594877120317","https://scontent.fsgn8-4.fna.fbcdn.net/v/t39.30808-1/831958896_122099910015495904_5586963669130274774_n.jpg?stp=cp0_dst-jpg_tt6&cstp=mx1254x1254&ctp=s80x80&_nc_cat=108&_nc_map=urlgen_bucketless&ccb=1-7&_nc_sid=167101&_nc_ohc=4Us-B3pNU8wQ7kNvwGJ0yh6&_nc_oc=Adrav0hjzbFt3uQl3QVHE9DDzVzJHiZFZGGie27Lg92BiA0oHOLpWp5C436AwwJlN8o&_nc_zt=24&_nc_ht=scontent.fsgn8-4.fna&_nc_gid=xiQzpVGwYsFOe6xdPtcKHA&_nc_ss=7b2a8&oh=00_AQOpP7CmTGhv6oqJcyedZzojiUokK7JePERRWKgKsuDKXA&oe=6AC6CE45"
57,"Rose Rock Labradors","https://www.facebook.com/profile.php?id=61592353790003","https://scontent.fsgn8-4.fna.fbcdn.net/v/t39.30808-1/767364233_122105019393411793_5162154807034791391_n.jpg?stp=cp0_dst-jpg_tt6&cstp=mx1922x1947&ctp=s80x80&_nc_cat=110&_nc_map=urlgen_bucketless&ccb=1-7&_nc_sid=167101&_nc_ohc=ZEdBvj1kJn8Q7kNvwEG8Pa0&_nc_oc=Adrc0W3BiNn8H-Uf_DB7D3NHlYNsvS3BehUzAltP_gQNop8ncIaimx_7dOMG_WIBZjQ&_nc_zt=24&_nc_ht=scontent.fsgn8-4.fna&_nc_gid=xiQzpVGwYsFOe6xdPtcKHA&_nc_ss=7b2a8&oh=00_AQPuG3C4iWr-249jXgQCOC8hYjFLGYVyUSieQ0VLk9YxBQ&oe=6AC6E933"
58,"Voi Voi","https://www.facebook.com/Voicorgi","https://scontent.fsgn8-4.fna.fbcdn.net/v/t39.30808-1/783856923_3770774416395780_5284399925308535144_n.jpg?stp=cp6_dst-jpg_tt6&cstp=mx2048x2048&ctp=s80x80&_nc_cat=104&_nc_map=urlgen_bucketless&ccb=1-7&_nc_sid=167101&_nc_ohc=z1A6GmyKezIQ7kNvwFb4N7G&_nc_oc=AdoXUrLKO5IJPLYyptY2DI5CK4cwuUmfy6bXEdXKwIB4BvnJhAvyznzNlNZwYx5qrQ4&_nc_zt=24&_nc_ht=scontent.fsgn8-4.fna&_nc_gid=xiQzpVGwYsFOe6xdPtcKHA&_nc_ss=7b2a8&oh=00_AQOgHRhJxwIvIN8j5sv6XyQapa1_SdsXi7LMF-QaX9LTIQ&oe=6AC6CE97"
59,"Faith's Bernese","https://www.facebook.com/faith.s.bernese","https://scontent.fsgn8-4.fna.fbcdn.net/v/t39.30808-1/560636045_817524957903444_3992353453240733862_n.jpg?stp=cp0_dst-jpg_tt6&cstp=mx960x960&ctp=s80x80&_nc_cat=104&_nc_map=urlgen_bucketless&ccb=1-7&_nc_sid=167101&_nc_ohc=hdodFaLBR6wQ7kNvwEyW832&_nc_oc=Adp-pOfibNxSdmy5dbwp_jwZJswrDnILR787R73s32I1ql2N4fTZKpYuJGGTjgv0FqU&_nc_zt=24&_nc_ht=scontent.fsgn8-4.fna&_nc_gid=xiQzpVGwYsFOe6xdPtcKHA&_nc_ss=7b2a8&oh=00_AQO-u8gT1RClYdrgTLvzeD8nrRRPCyWeO5P0o1bD4Mtqhg&oe=6AC6C26A"
60,"Oakley Porter","https://www.facebook.com/profile.php?id=61588816839684","https://scontent.fsgn8-4.fna.fbcdn.net/v/t39.30808-1/797745383_122113617753293894_7218605332108563055_n.jpg?stp=cp0_dst-jpg_tt6&cstp=mx1254x1254&ctp=s80x80&_nc_cat=106&_nc_map=urlgen_bucketless&ccb=1-7&_nc_sid=167101&_nc_ohc=igsIFskQ_bgQ7kNvwGNllX5&_nc_oc=AdrOD61T2FiQbtbCZvV6aF-1m1AjLbRgrUZA9AAqPoyibfZT_Lgvp0afGqo_m3KbStU&_nc_zt=24&_nc_ht=scontent.fsgn8-4.fna&_nc_gid=xiQzpVGwYsFOe6xdPtcKHA&_nc_ss=7b2a8&oh=00_AQMhJIeB8vZAanmh-kMQeLBbZkRlsEr61qbaI3Nu2ax--A&oe=6AC6C5CE"
61,"Stanley's Paw World","https://www.facebook.com/profile.php?id=61583350781559","https://scontent.fsgn8-4.fna.fbcdn.net/v/t39.30808-1/813623860_122144829669111692_7068653930392214565_n.jpg?stp=cp0_dst-jpg_tt6&cstp=mx1024x1024&ctp=s80x80&_nc_cat=104&_nc_map=urlgen_bucketless&ccb=1-7&_nc_sid=167101&_nc_ohc=E6H1nVSVv8IQ7kNvwERo8xv&_nc_oc=AdqN933gmZEOgNY26dbxqottr6Zcr82Oig8ubkzbH6TIaZqSoy0BW9fNprKLaodPOts&_nc_zt=24&_nc_ht=scontent.fsgn8-4.fna&_nc_gid=xiQzpVGwYsFOe6xdPtcKHA&_nc_ss=7b2a8&oh=00_AQMK3fn6Iac9kFZdvgHTBTMs79hKvFFEa4Lg0Yy8ryQB1g&oe=6AC6DFB0"
62,"Brandi Lea Garcia","https://www.facebook.com/HKRxBREE","https://scontent.fsgn8-4.fna.fbcdn.net/v/t39.30808-1/244541917_10226686340932454_6121228151314775743_n.jpg?stp=cp0_dst-jpg_tt6&cstp=mx1284x1287&ctp=s80x80&_nc_cat=110&_nc_map=urlgen_bucketless&ccb=1-7&_nc_sid=167101&_nc_ohc=cyNNVjqDCvsQ7kNvwF7_IsK&_nc_oc=AdrWgjkTW5l0UdpPNAjYLJD6Fn5xga0xDwp_mVEOKXFXzPch7RPyCLV6FfzhOByqm98&_nc_zt=24&_nc_ht=scontent.fsgn8-4.fna&_nc_gid=93XngydZ8MQdbCG3rqz9SA&_nc_ss=7b2a8&oh=00_AQMbZDnhDT6y80_PsIbX1ynPqa7AuFmf3OKKGCx8ooVU9Q&oe=6AC6BC63"
63,"Varjas-Tavi Kennel","https://www.facebook.com/profile.php?id=100057315284737","https://scontent.fsgn8-4.fna.fbcdn.net/v/t39.30808-1/741918614_1519612119959283_7874720662004819065_n.jpg?stp=cp0_dst-jpg_tt6&cstp=mx1254x1254&ctp=s80x80&_nc_cat=109&_nc_map=urlgen_bucketless&ccb=1-7&_nc_sid=167101&_nc_ohc=-z4S00iQ438Q7kNvwHbQdBd&_nc_oc=AdqFNwERYnH1fJc5IS2unAmwwwgjPEUD-XfmLkNZUoFDCp-WlFjbt8iuSc1aa2b9S9Y&_nc_zt=24&_nc_ht=scontent.fsgn8-4.fna&_nc_gid=93XngydZ8MQdbCG3rqz9SA&_nc_ss=7b2a8&oh=00_AQPqJfqa_X_At1zg3vrDdlezm_wNVyJosN-AdFpLxUmJ6w&oe=6AC6BF2B"
64,"Miss Millie the Boxer","https://www.facebook.com/profile.php?id=61593011242246","https://scontent.fsgn8-4.fna.fbcdn.net/v/t39.30808-1/817663923_122116738053433708_450777377424790076_n.jpg?stp=cp0_dst-jpg_tt6&cstp=mx960x960&ctp=s80x80&_nc_cat=106&_nc_map=urlgen_bucketless&ccb=1-7&_nc_sid=167101&_nc_ohc=H6RcECfDTdIQ7kNvwFBf56Q&_nc_oc=AdqH9xs9WubO0XyJQ-al38nrY6obRUApbDqG0oGACfZM88-LpNv4BtQnOBIhSq9Ry8Y&_nc_zt=24&_nc_ht=scontent.fsgn8-4.fna&_nc_gid=93XngydZ8MQdbCG3rqz9SA&_nc_ss=7b2a8&oh=00_AQNHZX3iDN64KQtgDtpsfdVOipr0KGaRRW_Exs1avb1qHA&oe=6AC6CDA7"
65,"Picasso The Dane","https://www.facebook.com/profile.php?id=61590301677752","https://scontent.fsgn8-4.fna.fbcdn.net/v/t39.30808-1/740622017_122116320459343389_6968897261492238404_n.jpg?stp=cp0_dst-jpg_tt6&cstp=mx960x960&ctp=s80x80&_nc_cat=107&_nc_map=urlgen_bucketless&ccb=1-7&_nc_sid=167101&_nc_ohc=Xs1BlCTOyT8Q7kNvwGyDIYS&_nc_oc=Adq78CgFfUJxL_TdKnec3pI3Kt0k3ODS7sjEcz2yLdqTCxl_0IDLXH4D2cQes4MQ6sE&_nc_zt=24&_nc_ht=scontent.fsgn8-4.fna&_nc_gid=93XngydZ8MQdbCG3rqz9SA&_nc_ss=7b2a8&oh=00_AQMlEWr37bLRU9OzvRL59Y71f-r9e6sEWt5H80ihTzoGtA&oe=6AC6C8FD"
66,"Tracey Ann","https://www.facebook.com/tracey.pkrause","https://scontent.fsgn8-4.fna.fbcdn.net/v/t39.30808-1/829688016_10165197419647417_1945847307490185043_n.jpg?stp=cp0_dst-jpg_tt6&cstp=mx720x720&ctp=s80x80&_nc_cat=101&_nc_map=urlgen_bucketless&ccb=1-7&_nc_sid=167101&_nc_ohc=SySalBR23FAQ7kNvwF3_2zv&_nc_oc=Adqd_8zo4QfTWsAio0U-G5YbqxjSda08THpizadyPMg1l43rwFarZZ1k_yTAUFbhoBk&_nc_zt=24&_nc_ht=scontent.fsgn8-4.fna&_nc_gid=93XngydZ8MQdbCG3rqz9SA&_nc_ss=7b2a8&oh=00_AQPCFSar5qzSnbXi_weaeI2xOUsczD3joVRBBWgbJPFHeA&oe=6AC6EF4D"
67,"Ekaterina Pimonova","https://www.facebook.com/epimonova","https://scontent.fsgn8-4.fna.fbcdn.net/v/t39.30808-1/518280146_24168257682842802_4332864815744375124_n.jpg?stp=cp0_dst-jpg_tt6&cstp=mx1360x1360&ctp=s80x80&_nc_cat=108&_nc_map=urlgen_bucketless&ccb=1-7&_nc_sid=167101&_nc_ohc=FJa4Af9f66cQ7kNvwHs2oyE&_nc_oc=AdqWNjA9q6asT7rDa1QKlIvvUalBAGXzq3F1vI8moZ2YR1AV7tFYNpjU-Y02-SpAnM4&_nc_zt=24&_nc_ht=scontent.fsgn8-4.fna&_nc_gid=93XngydZ8MQdbCG3rqz9SA&_nc_ss=7b2a8&oh=00_AQMj2JfelvExGPm3la_8ge-YUr4wU_Q94B4JwHsA1uxo2w&oe=6AC6BC1A"
68,"Sweet & Sassy Sausages","https://www.facebook.com/sweetandsassysausages","https://scontent.fsgn8-4.fna.fbcdn.net/v/t39.30808-1/325344359_836736450766373_6120695812033342977_n.jpg?stp=cp6_dst-jpg_tt6&cstp=mx1170x1170&ctp=s80x80&_nc_cat=109&_nc_map=urlgen_bucketless&ccb=1-7&_nc_sid=167101&_nc_ohc=4IMbW531kTIQ7kNvwEL9W9y&_nc_oc=AdoxeTrGKWIQFj0dowD8belkbVMOsjaHyocrt6DnKOVpXtL42aeE42FiRhfpZYJ6Tw8&_nc_zt=24&_nc_ht=scontent.fsgn8-4.fna&_nc_gid=93XngydZ8MQdbCG3rqz9SA&_nc_ss=7b2a8&oh=00_AQMzAjGIAwNVCCWaDOO2aBjb3r8c0YnChn5vhVHRuG_Bvw&oe=6AC6E4CD"
69,"Ruffandpuffyyc","https://www.facebook.com/profile.php?id=61594238048552","https://scontent.fsgn8-4.fna.fbcdn.net/v/t1.30497-1/453178253_471506465671661_2781666950760530985_n.png?stp=cp0_dst-png&cstp=mx2048x2048&ctp=s80x80&_nc_cat=1&ccb=1-7&_nc_sid=6b836b&_nc_ohc=v_XEyutpHp0Q7kNvwH5qEFo&_nc_oc=Adrfq4-ggnCWfXJZEHEB-WKTjli7CwVkm2Eyexxg9FCuHIm4hrcvsETkI2NUgE1EzG0&_nc_zt=24&_nc_ht=scontent.fsgn8-4.fna&_nc_ss=7b2a8&oh=00_AQMskJSmYxSlLiJypHqLAJj71d9grKeiOPqOnav61GNZHQ&oe=6AE887FA"
70,"KLA Labradors","https://www.facebook.com/profile.php?id=100063466987824","https://scontent.fsgn8-4.fna.fbcdn.net/v/t39.30808-1/619848385_1491212883004264_539635074175211412_n.jpg?stp=c0.0.720.720a_cp0_dst-jpg_tt6&cstp=mx720x720&ctp=s80x80&_nc_cat=109&_nc_map=urlgen_bucketless&ccb=1-7&_nc_sid=167101&_nc_ohc=81RwZj5s8b0Q7kNvwG_BmTh&_nc_oc=AdqzuDUZQG1CIRFe1RPYkcJKVdfr8PZ0C8qEeZutW_JGZo5JwU0_P-FChz85jM7nahM&_nc_zt=24&_nc_ht=scontent.fsgn8-4.fna&_nc_gid=HmcitDYnH2Q_2nczkVqVDQ&_nc_ss=7b2a8&oh=00_AQOr6suH2v6sTYNBIyfXwx7-kAZGo9k00b3VO4j10jc0-w&oe=6AC6E22C"
71,"Superlative Farms","https://www.facebook.com/profile.php?id=61591473202929","https://scontent.fsgn8-4.fna.fbcdn.net/v/t39.30808-1/730420906_122094894909382440_1722798507090142939_n.jpg?stp=cp0_dst-jpg_tt6&cstp=mx640x640&ctp=s80x80&_nc_cat=101&_nc_map=urlgen_bucketless&ccb=1-7&_nc_sid=167101&_nc_ohc=ft13K4NFunUQ7kNvwHsRsR-&_nc_oc=AdpyRT7XI9CvUEOV2mUvVuSrBgu05GfMEw-iNZwnD7W3yjhruLlcIJ4npLET2p1MIOs&_nc_zt=24&_nc_ht=scontent.fsgn8-4.fna&_nc_gid=HmcitDYnH2Q_2nczkVqVDQ&_nc_ss=7b2a8&oh=00_AQNjiaOip7macLcCDJtjW7dkgpo_eiuVZBcBFQNZqUpWxg&oe=6AC6BC32"
72,"Havalab Pedigree Labradors Queensland","https://www.facebook.com/profile.php?id=100092377434802","https://scontent.fsgn8-4.fna.fbcdn.net/v/t39.30808-1/825353287_1022400600849178_8907122395583056991_n.jpg?stp=cp0_dst-jpg_tt6&cstp=mx954x953&ctp=s80x80&_nc_cat=108&_nc_map=urlgen_bucketless&ccb=1-7&_nc_sid=167101&_nc_ohc=v2BoPFBK7UgQ7kNvwEiHYn4&_nc_oc=Adr254C_hPXrHZ4MXatLjExUqCsUP0i2LYgUY7gFGDTpGF1GtX8B6NBhUMFcV6DjDPU&_nc_zt=24&_nc_ht=scontent.fsgn8-4.fna&_nc_gid=HmcitDYnH2Q_2nczkVqVDQ&_nc_ss=7b2a8&oh=00_AQPswrcev-Lzj9KjiRbvArSQ9h_aneUAv9M2eUlT0CjJqA&oe=6AC6E4FB"
73,"Bayla Belle the Boxer","https://www.facebook.com/BaylaBelleTheBoxer","https://scontent.fsgn8-4.fna.fbcdn.net/v/t39.30808-1/310432828_553826026747009_5002588463408852096_n.jpg?stp=cp0_dst-jpg_tt6&cstp=mx2007x2015&ctp=s80x80&_nc_cat=102&_nc_map=urlgen_bucketless&ccb=1-7&_nc_sid=167101&_nc_ohc=2Rn9du5AzhwQ7kNvwH9Et56&_nc_oc=AdqmGTfvjSKVlXFUS99lByMC2vnBnKyhW_bTRssuSKYTN--MGxrqgElqs3WhPCGy9iI&_nc_zt=24&_nc_ht=scontent.fsgn8-4.fna&_nc_gid=HmcitDYnH2Q_2nczkVqVDQ&_nc_ss=7b2a8&oh=00_AQO8vljjjcrIxAes-Nu6kUn2vGB6vZP81dMZBlp2B5WMsw&oe=6AC6EA3B"
74,"Nahla's Golden Beboo","https://www.facebook.com/profile.php?id=61580954604402","https://scontent.fsgn8-4.fna.fbcdn.net/v/t39.30808-1/547367943_122094145515031820_4296093109839638194_n.jpg?stp=c80.111.1305.1304a_cp0_dst-jpg_tt6&cstp=mx1305x1304&ctp=s80x80&_nc_cat=110&_nc_map=urlgen_bucketless&ccb=1-7&_nc_sid=167101&_nc_ohc=W3PUrrtjnesQ7kNvwHLiD6p&_nc_oc=Adpf9lwq1UbIhE506mjoNxw7KAUAzSfhGSOQO1IUehPxz7hcmwgk8lL_5Hf8_mdSc4c&_nc_zt=24&_nc_ht=scontent.fsgn8-4.fna&_nc_gid=HmcitDYnH2Q_2nczkVqVDQ&_nc_ss=7b2a8&oh=00_AQNlNOypwSYVQA33grpnH1JIostF4UaVdGaUFcLU7ZPREA&oe=6AC6C941"
75,"black Cocker Spaniel Unity","https://www.facebook.com/profile.php?id=61588306847526","https://scontent.fsgn8-4.fna.fbcdn.net/v/t39.30808-1/641367239_122101349487276894_1486770670467139737_n.jpg?stp=cp0_dst-jpg_tt6&cstp=mx736x736&ctp=s80x80&_nc_cat=102&_nc_map=urlgen_bucketless&ccb=1-7&_nc_sid=167101&_nc_ohc=jgf0Ukl12EEQ7kNvwFPbZhr&_nc_oc=AdpH_xpfcujz2iNS66DpF12xsEIiZYCwkmABFjESlkFY0FmDnvJOk4dCkM1N_9Xxd9E&_nc_zt=24&_nc_ht=scontent.fsgn8-4.fna&_nc_gid=HmcitDYnH2Q_2nczkVqVDQ&_nc_ss=7b2a8&oh=00_AQOLizN_DTk6Lu6kb9aJFWZj3EjuJM12y4rZczjC78lLNw&oe=6AC6CF55"
76,"Jose Andres","https://www.facebook.com/profile.php?id=100091419932146","https://scontent.fsgn8-4.fna.fbcdn.net/v/t39.30808-1/748306772_950273161363340_4143772393423185788_n.jpg?stp=cp0_dst-jpg_tt6&cstp=mx1086x1098&ctp=p80x80&_nc_cat=104&_nc_map=urlgen_bucketless&ccb=1-7&_nc_sid=167101&_nc_ohc=4CSy6meN-cUQ7kNvwHzWeLa&_nc_oc=Adofx3tgL1kMTlWFel80fkGzoHAKax9NZyvWiKSeZT29TTrX6dJneWgS4i6B9mVwaEI&_nc_zt=24&_nc_ht=scontent.fsgn8-4.fna&_nc_gid=HmcitDYnH2Q_2nczkVqVDQ&_nc_ss=7b2a8&oh=00_AQNKuhQybVCydbriJoeDm4A5HOb-7pT2WxYEuT1eDrcJIg&oe=6AC6C1D7"
77,"Spinone Italiano Lovers","https://www.facebook.com/profile.php?id=61575958418637","https://scontent.fsgn8-4.fna.fbcdn.net/v/t39.30808-1/498190218_122105811596865280_6674754007296791115_n.jpg?stp=cp0_dst-jpg_tt6&cstp=mx500x495&ctp=p80x80&_nc_cat=106&_nc_map=urlgen_bucketless&ccb=1-7&_nc_sid=167101&_nc_ohc=CRKY5hRJwVMQ7kNvwHyHWFR&_nc_oc=Adq8SS2agN-YYrriJx7f8-JvKhoY13i7r50ycT2fzGNeV72hw2me2sLf2V8uJ0KZ3EU&_nc_zt=24&_nc_ht=scontent.fsgn8-4.fna&_nc_gid=HmcitDYnH2Q_2nczkVqVDQ&_nc_ss=7b2a8&oh=00_AQN7FchU0ZqzBx6136xwb8wFZ-ipTy0eiObKqDR7SqeR9A&oe=6AC6DED8"
78,"Publiclandretriever","https://www.facebook.com/profile.php?id=61593288876531","https://scontent.fsgn8-4.fna.fbcdn.net/v/t1.30497-1/453178253_471506465671661_2781666950760530985_n.png?stp=cp0_dst-png&cstp=mx2048x2048&ctp=s80x80&_nc_cat=1&ccb=1-7&_nc_sid=6b836b&_nc_ohc=v_XEyutpHp0Q7kNvwH5qEFo&_nc_oc=Adrfq4-ggnCWfXJZEHEB-WKTjli7CwVkm2Eyexxg9FCuHIm4hrcvsETkI2NUgE1EzG0&_nc_zt=24&_nc_ht=scontent.fsgn8-4.fna&_nc_ss=7b2a8&oh=00_AQMskJSmYxSlLiJypHqLAJj71d9grKeiOPqOnav61GNZHQ&oe=6AE887FA"
79,"kennel z Jukasu / chovatelská stanice","https://www.facebook.com/profile.php?id=61576328592265","https://scontent.fsgn8-4.fna.fbcdn.net/v/t39.30808-1/494930092_24091028243814453_6259439813210203999_n.jpg?stp=c160.0.640.640a_cp0_dst-jpg_tt6&cstp=mx640x640&ctp=s80x80&_nc_cat=104&_nc_map=urlgen_bucketless&ccb=1-7&_nc_sid=167101&_nc_ohc=vjk55bZrru8Q7kNvwEBpRVA&_nc_oc=AdogVAITkf3GvW1uRTS0sHMdBTrbJ1HDHDVb69Z0AxQKNdIPslDeSK76k4JdiS2fvmo&_nc_zt=24&_nc_ht=scontent.fsgn8-4.fna&_nc_gid=xDQw8fJxR0FDTw8B75Q6Pw&_nc_ss=7b2a8&oh=00_AQOhbx2hw0u9DixJHFjGf6rn8nHpBr0yIj9-OJCRcmzW3g&oe=6AC6D5EA"
80,"pudelpointer Lovers","https://www.facebook.com/profile.php?id=61586913073255","https://scontent.fsgn8-4.fna.fbcdn.net/v/t39.30808-1/621805160_122101812069230435_4041147841496952401_n.jpg?stp=c9.0.520.520a_cp0_dst-jpg_tt6&cstp=mx520x520&ctp=s80x80&_nc_cat=102&_nc_map=urlgen_bucketless&ccb=1-7&_nc_sid=167101&_nc_ohc=HcyH3o0bDpkQ7kNvwEdinJs&_nc_oc=AdrR1j5W_dw5hnBQ-ANy4YU7Wj8YVh5eaD5UzrjduZdu0lS8HeaQ5YmnXkItbqMNRQQ&_nc_zt=24&_nc_ht=scontent.fsgn8-4.fna&_nc_gid=xDQw8fJxR0FDTw8B75Q6Pw&_nc_ss=7b2a8&oh=00_AQNeIJ5kYkLsD3bnhO-vvI15tPf3K03Ywgv-BArnafV4kg&oe=6AC6C805"
81,"Hound Haven","https://www.facebook.com/profile.php?id=61578356602546","https://scontent.fsgn8-4.fna.fbcdn.net/v/t39.30808-1/830696513_122193791162945220_4181780525784028442_n.jpg?stp=cp0_dst-jpg_tt6&cstp=mx1600x1600&ctp=s80x80&_nc_cat=111&_nc_map=urlgen_bucketless&ccb=1-7&_nc_sid=167101&_nc_ohc=OL_0nFMf5wEQ7kNvwHS9VnD&_nc_oc=AdrMgv0neE67O8GtoFeS-6M-N8oA0UyZFKNRveA2Mk8RakfXeB3e4PIgbBKLOH4yMPU&_nc_zt=24&_nc_ht=scontent.fsgn8-4.fna&_nc_gid=xDQw8fJxR0FDTw8B75Q6Pw&_nc_ss=7b2a8&oh=00_AQO1k3AWHKxjJR-Z_1GLmb6xeuWKFp4ib3Kl3SDG2rBpYQ&oe=6AC6F345"
82,"Titletown Amstaffs","https://www.facebook.com/profile.php?id=61572456722028","https://scontent.fsgn8-4.fna.fbcdn.net/v/t39.30808-1/567700880_122157489086748557_3774792708699709603_n.jpg?stp=cp0_dst-jpg_tt6&cstp=mx960x960&ctp=s80x80&_nc_cat=107&_nc_map=urlgen_bucketless&ccb=1-7&_nc_sid=167101&_nc_ohc=v-E_FmwcXu4Q7kNvwHceYYe&_nc_oc=Adr9EoI3V7AMgDeG2DYFfz3Pa8S9FITH3bX804WvKeph6cGvVZWnOnwaWcNmfmReeH8&_nc_zt=24&_nc_ht=scontent.fsgn8-4.fna&_nc_gid=xDQw8fJxR0FDTw8B75Q6Pw&_nc_ss=7b2a8&oh=00_AQN_p_yrL4semznC_CB1553qTJYnpJZ6T2VOTmNlK8-07Q&oe=6AC6CE76"
83,"3 Color Kennels","https://www.facebook.com/3ColorKennel","https://scontent.fsgn8-4.fna.fbcdn.net/v/t39.30808-1/742317203_1610833574378036_6321014815444810406_n.jpg?stp=cp0_dst-jpg_tt6&cstp=mx960x960&ctp=s80x80&_nc_cat=102&_nc_map=urlgen_bucketless&ccb=1-7&_nc_sid=167101&_nc_ohc=zsiPOfuMfLUQ7kNvwGUM8CN&_nc_oc=AdqA2RGIzcIfwRqP6hN-zVrq1Hf20-n-NRB2v7wBMxWcUlvSPaCYFMymtI3DTLr3OCg&_nc_zt=24&_nc_ht=scontent.fsgn8-4.fna&_nc_gid=xDQw8fJxR0FDTw8B75Q6Pw&_nc_ss=7b2a8&oh=00_AQPJHdYzqHittzts2Mca8FwEg3nXErN6nsYCsCpkDIAEuw&oe=6AC6D0A9"
84,"Ora Jobe","https://www.facebook.com/noinoi.mattari","https://scontent.fsgn8-4.fna.fbcdn.net/v/t39.30808-1/596485948_25396701596605827_2694292921358163002_n.jpg?stp=cp6_dst-jpg_tt6&cstp=mx2048x2048&ctp=s80x80&_nc_cat=110&_nc_map=urlgen_bucketless&ccb=1-7&_nc_sid=167101&_nc_ohc=BEHwgZ9zGL0Q7kNvwEx6LKL&_nc_oc=Adrw2L2jrVECCCR2ui7nPTSasdxgoPtefyMvLxDdhMNTbSeUUQyKPX0wqMHx7gbtyOk&_nc_zt=24&_nc_ht=scontent.fsgn8-4.fna&_nc_gid=xDQw8fJxR0FDTw8B75Q6Pw&_nc_ss=7b2a8&oh=00_AQOmITmt6HiigoOT4QwtnOkDuo_iAhNUohWN0c9p7mf0GA&oe=6AC6E417"
85,"Newfoundland Club","https://www.facebook.com/profile.php?id=61590819565199","https://scontent.fsgn8-4.fna.fbcdn.net/v/t39.30808-1/808565055_122126314005360652_325947335828774624_n.jpg?stp=cp0_dst-jpg_tt6&cstp=mx1254x1254&ctp=s80x80&_nc_cat=106&_nc_map=urlgen_bucketless&ccb=1-7&_nc_sid=167101&_nc_ohc=7vg4yAXsrlYQ7kNvwETPRGR&_nc_oc=AdpJjFUih1J51PvyjBIz0zPAlr0_4um-sbKvV2Pn0LtLUZylbhmT_9beFjkwCtzRwgg&_nc_zt=24&_nc_ht=scontent.fsgn8-4.fna&_nc_gid=xDQw8fJxR0FDTw8B75Q6Pw&_nc_ss=7b2a8&oh=00_AQPs3NY2kgM3hpGwuBCE6nn-zSHRdp_vWP_FOcVVvqRvTg&oe=6AC6C0D2"
86,"Greatdanelove","https://www.facebook.com/profile.php?id=61584727337818","https://scontent.fsgn8-4.fna.fbcdn.net/v/t39.30808-1/791317671_122139909339157577_3478881692826813131_n.jpg?stp=c0.256.1536.1536a_cp6_dst-jpegr_tt6&cstp=mx1536x1536&ctp=s80x80&_nc_cat=111&_nc_map=urlgen_bucketless&ccb=1-7&_nc_sid=167101&_nc_ohc=-E73v6dDfyQQ7kNvwFB_fdp&_nc_oc=AdrhCtnZ1DQBla5MKV7DaD-PLsupXe4rzsZrz34mgOXvvsedY8ssSGRbl_2cW6anD38&_nc_zt=24&se=-1&_nc_ht=scontent.fsgn8-4.fna&_nc_gid=eLyjaGIyHFNyXEh4AWCDVQ&_nc_ss=7b2a8&oh=00_AQPOewrcev1WIUcr3XTmVU6P5escBe8UkqjQ_oVPNJCrbw&oe=6AC6C54A"
87,"Thunder the Chocolate Lab","https://www.facebook.com/profile.php?id=61592769977757","https://scontent.fsgn8-4.fna.fbcdn.net/v/t39.30808-1/772474292_4421088721540960_7492751574763709356_n.jpg?stp=c0.0.1536.1536a_cp6_dst-jpg_tt6&cstp=mx1536x1536&ctp=s80x80&_nc_cat=108&_nc_map=urlgen_bucketless&ccb=1-7&_nc_sid=167101&_nc_ohc=Xd9vfm6pBbQQ7kNvwHhMio1&_nc_oc=Adq7gldNNTGvfPmdvGv1ZLmonUPNwLrGOow3OqU9UF8Y6L-Af9r5U3b6SPEZiC26IC4&_nc_zt=24&_nc_ht=scontent.fsgn8-4.fna&_nc_gid=eLyjaGIyHFNyXEh4AWCDVQ&_nc_ss=7b2a8&oh=00_AQMl1s0vDPoXePxwE31VdjrBa4ugaTAY88xWyp3NB6MLLA&oe=6AC6D8F3"
88,"Sophie The Yellow Labrador","https://www.facebook.com/profile.php?id=100064626314568","https://scontent.fsgn8-4.fna.fbcdn.net/v/t39.30808-1/292430243_410483504449190_646807968283843730_n.jpg?stp=cp0_dst-jpg_tt6&cstp=mx1085x1085&ctp=s80x80&_nc_cat=107&_nc_map=urlgen_bucketless&ccb=1-7&_nc_sid=167101&_nc_ohc=Xo5qKIURLgUQ7kNvwEfTNKR&_nc_oc=Adoc1gQ6-WCUmWQBWuKjCfTvZJ3b6lNCSJ6NtBRPiKStPWqa6NUIUXIIktAB_vaVfOU&_nc_zt=24&_nc_ht=scontent.fsgn8-4.fna&_nc_gid=eLyjaGIyHFNyXEh4AWCDVQ&_nc_ss=7b2a8&oh=00_AQNCAGo45yA9KXR5r6-FM6-IJi3udkVEgpWWHEcMN79JfA&oe=6AC6BF45"
89,"Vizsla Lovers","https://www.facebook.com/profile.php?id=61558494547517","https://scontent.fsgn8-4.fna.fbcdn.net/v/t39.30808-1/700418385_122234453420283151_2171342829370931897_n.jpg?stp=c0.47.735.735a_cp0_dst-jpg_tt6&cstp=mx735x735&ctp=s80x80&_nc_cat=107&_nc_map=urlgen_bucketless&ccb=1-7&_nc_sid=167101&_nc_ohc=xwjYc1g0fSMQ7kNvwEEKwzn&_nc_oc=Adob2efvU2LMOS7u3dJzIGLWwSFRmJP-YWOD_MdsZ6-o3gLbhAf0rHpYyTq5y5ULC2Q&_nc_zt=24&_nc_ht=scontent.fsgn8-4.fna&_nc_gid=eLyjaGIyHFNyXEh4AWCDVQ&_nc_ss=7b2a8&oh=00_AQOIUmpINdW-xX-X5BzDPjO0AxJ2M9_sbMVqN0VrSkJUOQ&oe=6AC6D16D"
90,"Legend's Safir","https://www.facebook.com/legends.safir","https://scontent.fsgn8-4.fna.fbcdn.net/v/t39.30808-1/581924405_2997353443781157_1886780650462887697_n.jpg?stp=cp0_dst-jpg_tt6&cstp=mx1655x1649&ctp=s80x80&_nc_cat=108&_nc_map=urlgen_bucketless&ccb=1-7&_nc_sid=167101&_nc_ohc=Ubb5-jhP5BkQ7kNvwHw9-Dh&_nc_oc=AdoO6q4FASg9hAidg-0C98LWmCSEDuWOp9JpqeybAglc_kIauy4V9XJQuuRHaE5Goqs&_nc_zt=24&_nc_ht=scontent.fsgn8-4.fna&_nc_gid=eLyjaGIyHFNyXEh4AWCDVQ&_nc_ss=7b2a8&oh=00_AQOyI9CZsiOBscVcKlYWjr85LMJQkK1FNklcL2WSc_D21g&oe=6AC6C4EC"
91,"BarVom Matterhorn","https://www.facebook.com/profile.php?id=61590615754518","https://scontent.fsgn8-4.fna.fbcdn.net/v/t39.30808-1/720449656_122104936413353858_6881761443928152696_n.jpg?stp=cp0_dst-jpg_tt6&cstp=mx720x719&ctp=s80x80&_nc_cat=110&_nc_map=urlgen_bucketless&ccb=1-7&_nc_sid=167101&_nc_ohc=9U2K_a6WQBQQ7kNvwEJSbr6&_nc_oc=AdoSbUixjKVjS3qIiLoVgz4XiwkogqRKCQNh9b8Vc9TkqYXHW3oCdEzmzvCI-Jyz34U&_nc_zt=24&_nc_ht=scontent.fsgn8-4.fna&_nc_gid=eLyjaGIyHFNyXEh4AWCDVQ&_nc_ss=7b2a8&oh=00_AQO6avIw4rA9S9aQ-KhM2McnWTgCpqjCxe2LrKjEHt2kQg&oe=6AC6D23F"
92,"Agedsausages","https://www.facebook.com/profile.php?id=61593568217240","https://scontent.fsgn8-4.fna.fbcdn.net/v/t39.30808-1/795777069_122107190475452273_5700942380866070728_n.png?stp=cp0_dst-png&cstp=mx1254x1254&ctp=s80x80&_nc_cat=100&_nc_map=urlgen_bucketless&ccb=1-7&_nc_sid=167101&_nc_ohc=w-soolG_jKUQ7kNvwH_S81e&_nc_oc=Adro92qITQjPOHPrtZJPEJuNfK2AuWT0FjWyeu_lUwCn95I6b60JVh4MquT59eCPdVw&_nc_zt=24&_nc_ht=scontent.fsgn8-4.fna&_nc_gid=eLyjaGIyHFNyXEh4AWCDVQ&_nc_ss=7b2a8&oh=00_AQNtnpznSB9LLNHJXeeciLULp23XPSMnXDzmUbFTvyFANg&oe=6AC6EE60"
93,"Prodigy Cane Corso","https://www.facebook.com/profile.php?id=100090838857636","https://scontent.fsgn8-4.fna.fbcdn.net/v/t39.30808-1/714631559_942758662095420_6972698039742687476_n.jpg?stp=cp0_dst-jpg_tt6&cstp=mx2048x2048&ctp=s80x80&_nc_cat=111&_nc_map=urlgen_bucketless&ccb=1-7&_nc_sid=167101&_nc_ohc=znPQncufHlMQ7kNvwEXAsEg&_nc_oc=AdoDCCkY3yq4isF4kItgb_zgemL3tiAgLQxZyrkQb7t6maNpqUF5-w-19wxsflTjelg&_nc_zt=24&_nc_ht=scontent.fsgn8-4.fna&_nc_gid=eLyjaGIyHFNyXEh4AWCDVQ&_nc_ss=7b2a8&oh=00_AQM3TDVR2jSHzL1llLF_XleEmTOzbIZ6pSR2K2IT4N5lHA&oe=6AC6DCB8"
94,"Campbell's Family Dobermans","https://www.facebook.com/campbellsdobermans","https://scontent.fsgn8-4.fna.fbcdn.net/v/t39.30808-1/434057462_311109635322692_6588181080330491679_n.jpg?stp=cp0_dst-jpg_tt6&cstp=mx960x958&ctp=s80x80&_nc_cat=104&_nc_map=urlgen_bucketless&ccb=1-7&_nc_sid=167101&_nc_ohc=6S6_z6qXr1MQ7kNvwHfVaOQ&_nc_oc=AdqkkGIU0G8Sazna-6bLPwJ_9AQaZVf93KH5ozbCu86Ry9XmIMTSh883yd8CiH3oe2g&_nc_zt=24&_nc_ht=scontent.fsgn8-4.fna&_nc_gid=PsAM2_Q3DvsNMKSZBYVg7g&_nc_ss=7b2a8&oh=00_AQPN6NVLcdIOy0RRFPTvy7PhrsRpN1_h39EJsikBGT3lQA&oe=6AC6E2C9"
95,"Nissa Robson","https://www.facebook.com/nissapowell","https://scontent.fsgn8-4.fna.fbcdn.net/v/t39.30808-1/612799385_10233478133028546_3143146398808059203_n.jpg?stp=cp0_dst-jpg_tt6&cstp=mx960x958&ctp=s80x80&_nc_cat=110&_nc_map=urlgen_bucketless&ccb=1-7&_nc_sid=167101&_nc_ohc=VpVDYbPRAZEQ7kNvwFf6Pxl&_nc_oc=Adp3bltIK-qpQG8BkBRSkHJNTsDdhfjftP72fNIj1ruxLVJJiOtvJa8xrftkBBFDLAE&_nc_zt=24&_nc_ht=scontent.fsgn8-4.fna&_nc_gid=PsAM2_Q3DvsNMKSZBYVg7g&_nc_ss=7b2a8&oh=00_AQP9K5gPkxzOvDb5X0uqu6F-WO6hj8u8X2m8no-p9xlmrA&oe=6AC6EA5E"
96,"Nutra Gold","https://www.facebook.com/juancarlos.espin.77","https://scontent.fsgn8-4.fna.fbcdn.net/v/t39.30808-1/686196486_26647378538216115_4081785612631307204_n.jpg?stp=cp6_dst-jpg_tt6&cstp=mx2048x2047&ctp=s80x80&_nc_cat=106&_nc_map=urlgen_bucketless&ccb=1-7&_nc_sid=167101&_nc_ohc=UeLtDGc4EfEQ7kNvwEH6drY&_nc_oc=Adr8nR-YedpeZIenOu8EWiU8RhtQlIWPt4kmcX3cjWe7ax9fWSGRqghc-G6r0QzpeiE&_nc_zt=24&_nc_ht=scontent.fsgn8-4.fna&_nc_gid=PsAM2_Q3DvsNMKSZBYVg7g&_nc_ss=7b2a8&oh=00_AQNhsvidKyYuc6qZInp4sbeAnKI3SsJABP5SGAmDX1PQeg&oe=6AC6E75A"
97,"Katrin Ilyina","https://www.facebook.com/katrin.ilyina.2025","https://scontent.fsgn8-4.fna.fbcdn.net/v/t39.30808-1/465162720_8490968387624566_2330981855035499907_n.jpg?stp=cp0_dst-jpg_tt6&cstp=mx1221x1221&ctp=s80x80&_nc_cat=102&_nc_map=urlgen_bucketless&ccb=1-7&_nc_sid=167101&_nc_ohc=l6CiN8hHs5cQ7kNvwFGidxy&_nc_oc=AdrGXceJafJewWN9hikQcZO7F17KOdBY22558B527LId5cZTEO7uF0pvrVJKNQJyztk&_nc_zt=24&_nc_ht=scontent.fsgn8-4.fna&_nc_gid=PsAM2_Q3DvsNMKSZBYVg7g&_nc_ss=7b2a8&oh=00_AQO7D-LVwGCGYeN4X-KxkWk4dEgpqFnXVJcXNTlExHQM5A&oe=6AC6F129"
98,"Frank.gus.pups","https://www.facebook.com/profile.php?id=61585641790910","https://scontent.fsgn8-4.fna.fbcdn.net/v/t39.30808-1/616795607_122108663853188059_3725768346193244642_n.jpg?stp=cp0_dst-jpg_tt6&cstp=mx960x960&ctp=s80x80&_nc_cat=104&_nc_map=urlgen_bucketless&ccb=1-7&_nc_sid=167101&_nc_ohc=hjHnuRatt8wQ7kNvwH96p-G&_nc_oc=AdobUZzfP2JEBzVtcdoFl1a30-oRiROotIe2Qj9SLBEgIoQOdr_suwXzJLQqvTG_ufI&_nc_zt=24&_nc_ht=scontent.fsgn8-4.fna&_nc_gid=PsAM2_Q3DvsNMKSZBYVg7g&_nc_ss=7b2a8&oh=00_AQOuL4NBc0Bkcjp1l8c72nHljdlDNbI9sBB48iB7E26FOA&oe=6AC6BEC2"
99,"We Love Basset Hound","https://www.facebook.com/profile.php?id=100079653912519","https://scontent.fsgn8-4.fna.fbcdn.net/v/t39.30808-1/277519997_146077724593431_3298281831623785604_n.jpg?stp=cp0_dst-jpg_tt6&cstp=mx566x566&ctp=s80x80&_nc_cat=109&_nc_map=urlgen_bucketless&ccb=1-7&_nc_sid=167101&_nc_ohc=jzt-tXFECdUQ7kNvwGpLJ4d&_nc_oc=AdptyWLMEURRvZ4eD8Qlq9_uyMZQThB_GH3Jzxa6JcNVC_2QlWDcGDXlymL95H0QXOU&_nc_zt=24&_nc_ht=scontent.fsgn8-4.fna&_nc_gid=PsAM2_Q3DvsNMKSZBYVg7g&_nc_ss=7b2a8&oh=00_AQOA2nw92ZtfjFTVetjpFFM-CM3rgv2LxSqt9ms9i3a0mQ&oe=6AC6CD0C"
100,"Dobie Drax","https://www.facebook.com/profile.php?id=61591951867148","https://scontent.fsgn8-4.fna.fbcdn.net/v/t39.30808-1/799525861_122120205357398395_5439900166125043115_n.jpg?stp=cp6_dst-jpg_tt6&cstp=mx1198x1198&ctp=s80x80&_nc_cat=107&_nc_map=urlgen_bucketless&ccb=1-7&_nc_sid=167101&_nc_ohc=rGrE3HPEbFgQ7kNvwFkVk39&_nc_oc=Adq2X4-Pjbu70JN8jpWZssQ_kCbWcAdOFfkfADkHInswzcsfUnb7v1UAdkMo9Hugo5k&_nc_zt=24&_nc_ht=scontent.fsgn8-4.fna&_nc_gid=PsAM2_Q3DvsNMKSZBYVg7g&_nc_ss=7b2a8&oh=00_AQMv9KLTriHrfXe20NEgHk31ir-2vphhChnSQ7HF479sRQ&oe=6AC6EA41"
101,"Des Diamants du Colisée jcm","https://www.facebook.com/profile.php?id=100084240404188","https://scontent.fsgn8-4.fna.fbcdn.net/v/t39.30808-1/485649774_629695863181755_5227753518475166634_n.jpg?stp=cp0_dst-jpg_tt6&cstp=mx1008x1008&ctp=s80x80&_nc_cat=102&_nc_map=urlgen_bucketless&ccb=1-7&_nc_sid=167101&_nc_ohc=dbdEJlbp3bsQ7kNvwF0qtYo&_nc_oc=AdoMigJVl99Df3DvQaF78epB4F56il8mzN_HNGDerejRD9He8pyNtdAB6ho0VHoWZbw&_nc_zt=24&_nc_ht=scontent.fsgn8-4.fna&_nc_gid=PsAM2_Q3DvsNMKSZBYVg7g&_nc_ss=7b2a8&oh=00_AQMK-S9WDJD6034fNc2twedvWSGLyyinAMeL6WYYZIlO5w&oe=6AC6CC10"
102,"Tiny Human Big Paws","https://www.facebook.com/profile.php?id=61591283065362","https://scontent.fsgn8-4.fna.fbcdn.net/v/t39.30808-1/732863509_122098822857376102_3001465267060211237_n.jpg?stp=cp0_dst-jpg_tt6&cstp=mx720x717&ctp=s80x80&_nc_cat=110&_nc_map=urlgen_bucketless&ccb=1-7&_nc_sid=167101&_nc_ohc=1cqq6Sa16AgQ7kNvwF-XuT9&_nc_oc=Adrzonpy3yNAkgPDMYB4O_HcHFKhowdeIaEflwGuReVcf0L5N9rR15IcnkrQ-eUMt2Y&_nc_zt=24&_nc_ht=scontent.fsgn8-4.fna&_nc_gid=i72NOwRjH2lJGUubbSEGUA&_nc_ss=7b2a8&oh=00_AQNw0CqVa2OBx2v53J3n1ktowNY2_tK6Z2FlK-UwsmlFrQ&oe=6AC6BEA9"
103,"Bellbidgee Labrador Retrievers","https://www.facebook.com/bellbidgeelabradors","https://scontent.fsgn8-4.fna.fbcdn.net/v/t39.30808-1/214885325_4525671050828700_1717656194059483742_n.jpg?stp=cp0_dst-jpg_tt6&cstp=mx960x959&ctp=s80x80&_nc_cat=102&_nc_map=urlgen_bucketless&ccb=1-7&_nc_sid=167101&_nc_ohc=fa9aqdQNnOYQ7kNvwH5NnW7&_nc_oc=AdpWaWIpV4KHqP1pZuYBKfLOs432szK2Izf6joNLszDGcwO80OoHwidlhArof-ja4tA&_nc_zt=24&_nc_ht=scontent.fsgn8-4.fna&_nc_gid=i72NOwRjH2lJGUubbSEGUA&_nc_ss=7b2a8&oh=00_AQMJ4Qk5jJO_E5KgwyRgZ4ET-6oS4HRkRf49f3mP8714lA&oe=6AC6BD23"
104,"Mysticfire Frenchies","https://www.facebook.com/Mysticfirefrenchies","https://scontent.fsgn8-4.fna.fbcdn.net/v/t39.30808-1/345466647_1657235061457294_4365977633133075224_n.jpg?stp=cp0_dst-jpg_tt6&cstp=mx960x960&ctp=s80x80&_nc_cat=107&_nc_map=urlgen_bucketless&ccb=1-7&_nc_sid=167101&_nc_ohc=E0Vh4JHGPiUQ7kNvwGLOvQ3&_nc_oc=AdrhnSnOE9jMwWv_0WgXSbjefQ4nqBkE9U_5gu6aHZTsPjgslVqRNgmirXUlT7ymZ3s&_nc_zt=24&_nc_ht=scontent.fsgn8-4.fna&_nc_gid=i72NOwRjH2lJGUubbSEGUA&_nc_ss=7b2a8&oh=00_AQM6cqgeMCFgWzNB5KZofZR8LQhTq5jgOa-Z7VaSM4bExg&oe=6AC6C0EC"
105,"Finn the Big Dog","https://www.facebook.com/profile.php?id=61591348365783","https://scontent.fsgn8-4.fna.fbcdn.net/v/t39.30808-1/738244316_122106138033378278_3365605459085803727_n.jpg?stp=c0.0.1536.1536a_cp6_dst-jpg_tt6&cstp=mx1536x1536&ctp=s80x80&_nc_cat=111&_nc_map=urlgen_bucketless&ccb=1-7&_nc_sid=167101&_nc_ohc=xiOgt_zV2lcQ7kNvwFtti7j&_nc_oc=AdrYTcB464CIFEaZv-I4hZVVhgvRKz0ube4Yv7F8ZCmhkAYNX5OsPlOxPfRGClBevIE&_nc_zt=24&_nc_ht=scontent.fsgn8-4.fna&_nc_gid=i72NOwRjH2lJGUubbSEGUA&_nc_ss=7b2a8&oh=00_AQOTv2BgttAOqYaJOysgV4gPj86YamzCKN86LKhY0wLqGw&oe=6AC6EE8C"
106,"Tiny Doodle Paws","https://www.facebook.com/TinyDoodlePaws","https://scontent.fsgn8-4.fna.fbcdn.net/v/t39.30808-1/289433961_111983374886220_8602933645312508401_n.jpg?stp=cp0_dst-jpg_tt6&cstp=mx868x868&ctp=s80x80&_nc_cat=109&_nc_map=urlgen_bucketless&ccb=1-7&_nc_sid=167101&_nc_ohc=c4h-1Z1T1rYQ7kNvwFASet4&_nc_oc=Adq3OpaPjBjY3rrISWusdk15Y62arbaWRhK6ox-F606jp23s4sQL97e5NKLJ7IUpy3k&_nc_zt=24&_nc_ht=scontent.fsgn8-4.fna&_nc_gid=i72NOwRjH2lJGUubbSEGUA&_nc_ss=7b2a8&oh=00_AQMZRiAZTeehxTDyMFupK8p4jpdlZUNydm-8M88sfgpDZw&oe=6AC6CCC7"
107,"Lindsey Brooke Dunham","https://www.facebook.com/lindseybd","https://scontent.fsgn8-4.fna.fbcdn.net/v/t39.30808-1/730332945_10232263422157309_4990289701856786900_n.jpg?stp=cp0_dst-jpg_tt6&cstp=mx960x960&ctp=s80x80&_nc_cat=109&_nc_map=urlgen_bucketless&ccb=1-7&_nc_sid=167101&_nc_ohc=bI4nhybN0sMQ7kNvwEOMZpb&_nc_oc=Ado5cWRXR5NDIPF8bTo2HHndA6fTTkAsw3yuijdtS_fCP4MWm18vmRFFjiA_-OEZaU0&_nc_zt=24&_nc_ht=scontent.fsgn8-4.fna&_nc_gid=i72NOwRjH2lJGUubbSEGUA&_nc_ss=7b2a8&oh=00_AQNDbxY6FmQ8RgBv1uSlbSf32mMLHtA4ur5qqTQyG9gJHQ&oe=6AC6E9C4"
108,"Melissa Cell","https://www.facebook.com/melissa.cell.5","https://scontent.fsgn8-4.fna.fbcdn.net/v/t39.30808-1/494266471_10171699930985077_7102342267752196527_n.jpg?stp=cp0_dst-jpg_tt6&cstp=mx720x720&ctp=s80x80&_nc_cat=104&_nc_map=urlgen_bucketless&ccb=1-7&_nc_sid=167101&_nc_ohc=xRbkUBZO27sQ7kNvwHm99Jw&_nc_oc=AdrBwoy60N9GvOiWafFONW-WwI-tui3cXx3jB-p4_o4gJKYLpDIShmwtaX55o0LEqW8&_nc_zt=24&_nc_ht=scontent.fsgn8-4.fna&_nc_gid=i72NOwRjH2lJGUubbSEGUA&_nc_ss=7b2a8&oh=00_AQPbTC1Mko11hhOvnk-iHh9KNIdmaaBCmJmnNoPhYD7ujA&oe=6AC6F104"
109,"Kennel Royal Flush","https://www.facebook.com/profile.php?id=61594090259201","https://scontent.fsgn8-4.fna.fbcdn.net/v/t39.30808-1/793212477_10165294071284260_1247366437103336842_n.jpg?stp=c0.0.1294.1294a_cp0_dst-jpg_tt6&cstp=mx1294x1294&ctp=s80x80&_nc_cat=107&_nc_map=urlgen_bucketless&ccb=1-7&_nc_sid=167101&_nc_ohc=d_nOb5LGvRAQ7kNvwEpMM7d&_nc_oc=AdpXpEHJGywxos4fbsJEv9uzpQoVMJjAFuxUSdj_kotreTs5LpDij25wua6yqc35_58&_nc_zt=24&_nc_ht=scontent.fsgn8-4.fna&_nc_gid=i72NOwRjH2lJGUubbSEGUA&_nc_ss=7b2a8&oh=00_AQPXMIQoe-XI78s04kk3-3-qh2BUuJXyq8GUtF8fRx8yZQ&oe=6AC6D805"
110,"Mitchell's Bulldogs","https://www.facebook.com/MitchellsBulldogs","https://scontent.fsgn8-4.fna.fbcdn.net/v/t39.30808-1/279022249_5208584735870014_4316431710155677890_n.jpg?stp=cp0_dst-jpg_tt6&cstp=mx959x959&ctp=s80x80&_nc_cat=101&_nc_map=urlgen_bucketless&ccb=1-7&_nc_sid=167101&_nc_ohc=ZaJhvWRmU10Q7kNvwGPHT1z&_nc_oc=Adry-KohAZrmqCpQax5lhj7EWS2O2k5ZR4-Ec3Pb3gD3-Os3XcsnuJhMK9QQhn0pvaA&_nc_zt=24&_nc_ht=scontent.fsgn8-4.fna&_nc_gid=qipU8m6s9Judgu5blca8KA&_nc_ss=7b2a8&oh=00_AQNisEDViO8t9jGGtHt8fvUREiVUt2NrIt32fSoP1lS7PA&oe=6AC6D8A6"
111,"ช็อคโก้ แสนซน","https://www.facebook.com/profile.php?id=100095160769323","https://scontent.fsgn8-4.fna.fbcdn.net/v/t39.30808-1/787169156_906357962546221_7088056914083716240_n.jpg?stp=cp0_dst-jpg_tt6&cstp=mx2048x2048&ctp=s80x80&_nc_cat=108&_nc_map=urlgen_bucketless&ccb=1-7&_nc_sid=167101&_nc_ohc=t0DexW1MrY0Q7kNvwHdd_Ra&_nc_oc=AdqYTHPOPHWUk_vh3BOc767Fuink5z9knyikOdUzxeohHvdqSo7FN3tu2gq1mO3lELs&_nc_zt=24&_nc_ht=scontent.fsgn8-4.fna&_nc_gid=qipU8m6s9Judgu5blca8KA&_nc_ss=7b2a8&oh=00_AQNoa7oWx6HRdV36OKEk9FgTQsJzOy1d3zY0AvlBvOYeow&oe=6AC6DBFE"
112,"N S Clayton","https://www.facebook.com/marbi.alqatat","https://scontent.fsgn8-4.fna.fbcdn.net/v/t39.30808-1/799839466_1673379961067890_273185526546877159_n.jpg?stp=c10.0.720.720a_cp0_dst-jpg_tt6&cstp=mx720x720&ctp=s80x80&_nc_cat=107&_nc_map=urlgen_bucketless&ccb=1-7&_nc_sid=167101&_nc_ohc=CgDimlg1H9AQ7kNvwEK2E0B&_nc_oc=AdosDCsajGlB0zMspurPQ5UhYinj7Us6aiLtkAd4TQATObtK3hD1icMqNokSwpG178U&_nc_zt=24&_nc_ht=scontent.fsgn8-4.fna&_nc_gid=qipU8m6s9Judgu5blca8KA&_nc_ss=7b2a8&oh=00_AQPKxT8_o7g-g7y-pL089_kVdrDlesB8uM1mxPv-FJYkdw&oe=6AC6E27D"
113,"English Setter Lover","https://www.facebook.com/profile.php?id=61589164436541","https://scontent.fsgn8-4.fna.fbcdn.net/v/t39.30808-1/690321308_122098392015305481_1772688832558307037_n.jpg?stp=cp0_dst-jpg_tt6&cstp=mx1235x1236&ctp=s80x80&_nc_cat=106&_nc_map=urlgen_bucketless&ccb=1-7&_nc_sid=167101&_nc_ohc=LKTJ_B_XmFoQ7kNvwF4Xme8&_nc_oc=Adq6shqJwTGXKRwrNLeHW6No4lqGsQ76wHZeiAEj-xS36rIElY-tj_uPk9LXp2xDVhU&_nc_zt=24&_nc_ht=scontent.fsgn8-4.fna&_nc_gid=qipU8m6s9Judgu5blca8KA&_nc_ss=7b2a8&oh=00_AQOFsQKam24SyiYKN222C1bEirlayM36GOL7K1rjZmYXyQ&oe=6AC6E3DD"
114,"Mitchell’s Goldmine","https://www.facebook.com/profile.php?id=100089782660715","https://scontent.fsgn8-4.fna.fbcdn.net/v/t39.30808-1/329747475_1642429846194327_8061933719910523957_n.jpg?stp=cp0_dst-jpg_tt6&cstp=mx1440x1440&ctp=s80x80&_nc_cat=110&_nc_map=urlgen_bucketless&ccb=1-7&_nc_sid=167101&_nc_ohc=pin8cHoXhoYQ7kNvwFK5XN5&_nc_oc=AdqFoXaAMe9-GvySwg1fCjr5-_2QkXwavCq1i_3u0HavxLblLd3JnIPsKXuavv8luPQ&_nc_zt=24&_nc_ht=scontent.fsgn8-4.fna&_nc_gid=qipU8m6s9Judgu5blca8KA&_nc_ss=7b2a8&oh=00_AQNy1NsIby-GvGhLCdc520yEjLXwB0MWaK2nq59biG2Xlg&oe=6AC6DD48"
115,"Flat-Coated Retriever Union","https://www.facebook.com/profile.php?id=61589322987066","https://scontent.fsgn8-4.fna.fbcdn.net/v/t39.30808-1/707460706_122108099997310766_3206668997323282900_n.jpg?stp=cp0_dst-jpg_tt6&cstp=mx2048x2048&ctp=s80x80&_nc_cat=101&_nc_map=urlgen_bucketless&ccb=1-7&_nc_sid=167101&_nc_ohc=HLRvh7qjGbcQ7kNvwF-i8BA&_nc_oc=Adrkjzj5BroRvUi2MNA0_3UILUgwzIaowUVFppu5P7sbdiP96j26Wpac1UyygYj5xVc&_nc_zt=24&_nc_ht=scontent.fsgn8-4.fna&_nc_gid=qipU8m6s9Judgu5blca8KA&_nc_ss=7b2a8&oh=00_AQP5wO-XdXJSer6mJExIP8_7U5aYw8C0C32wRToFLb4i4Q&oe=6AC6CA67"
116,"Nancy Gent","https://www.facebook.com/profile.php?id=61593223517088","https://scontent.fsgn8-4.fna.fbcdn.net/v/t39.30808-1/795438380_122111591727440783_6305056272243715259_n.jpg?stp=cp0_dst-jpg_tt6&cstp=mx960x957&ctp=s80x80&_nc_cat=102&_nc_map=urlgen_bucketless&ccb=1-7&_nc_sid=167101&_nc_ohc=SMCBlNRimWQQ7kNvwGgOCbi&_nc_oc=AdowVz1XbMkkrUrtb28xY5elcTbOUm59dxgiWXgVTCg9O2Hafm72QmGxut-wwypKeM8&_nc_zt=24&_nc_ht=scontent.fsgn8-4.fna&_nc_gid=qipU8m6s9Judgu5blca8KA&_nc_ss=7b2a8&oh=00_AQOO8oQ-RWzNg1AKVe_qk9bynxH4_PSd6zh7XVjWCAjX3w&oe=6AC6C98E"
117,"RedDoor English Springer Spaniels","https://www.facebook.com/reddooress","https://scontent.fsgn8-4.fna.fbcdn.net/v/t39.30808-1/305988707_501015138649556_6265477696001944159_n.jpg?stp=cp0_dst-jpg_tt6&cstp=mx94x94&ctp=s80x80&_nc_cat=104&_nc_map=urlgen_bucketless&ccb=1-7&_nc_sid=167101&_nc_ohc=_V3_1bcLe4gQ7kNvwGbCzxZ&_nc_oc=AdrI6UEwjAesryDDLA0RklkfkP0M_jokrKkpW4fWDczs0Hgy-sjnP5gHJ9xFBYvMprc&_nc_zt=24&_nc_ht=scontent.fsgn8-4.fna&_nc_gid=qipU8m6s9Judgu5blca8KA&_nc_ss=7b2a8&oh=00_AQPN6MbfvLoR7LOwZ3rzJws9NKM-M-3vpGDCIfhzmQZttw&oe=6AC6E8C9"
118,"Tyson The Cane Corso","https://www.facebook.com/profile.php?id=61554196333761","https://scontent.fsgn8-4.fna.fbcdn.net/v/t39.30808-1/808786972_122286799076139877_4504301743712912159_n.jpg?stp=cp6_dst-jpg_tt6&cstp=mx2048x2048&ctp=s80x80&_nc_cat=105&_nc_map=urlgen_bucketless&ccb=1-7&_nc_sid=167101&_nc_ohc=M0EV4shsoFwQ7kNvwFGq60p&_nc_oc=AdrIPmToLeadH3wARadFwY0m4VRRzfHIbBTwsoN6sm_PdM2mo2xu3SrfnGgXGICvI-Q&_nc_zt=24&_nc_ht=scontent.fsgn8-4.fna&_nc_gid=ZQNxoFzwOIE6m3isOlrXxQ&_nc_ss=7b2a8&oh=00_AQNxn3tI29sVJVU4GvccgZ3BgTheTDl_NjJR21kWEd8jdw&oe=6AC6C109"
119,"Lowrider_bassets2","https://www.facebook.com/profile.php?id=100095259572670","https://scontent.fsgn8-4.fna.fbcdn.net/v/t39.30808-1/448768789_310065592178758_4701709237887774342_n.jpg?stp=cp6_dst-jpg_tt6&cstp=mx2048x2048&ctp=s80x80&_nc_cat=1&ccb=1-7&_nc_sid=167101&_nc_ohc=zkLMWtzk6eEQ7kNvwFPdV7Y&_nc_oc=AdqqdBI07ZJwwuP8DSnwohbULBQWK2apjJBgb85pzIGHXEH-bbs574yRj7oVkC0y94E&_nc_zt=24&_nc_ht=scontent.fsgn8-4.fna&_nc_gid=ZQNxoFzwOIE6m3isOlrXxQ&_nc_ss=7b2a8&oh=00_AQNABjqKcrWq7ySFCHd0fVVacirQBf4MqwmYv28UhAOeUg&oe=6AC6F004"
120,"Infinity Labradors","https://www.facebook.com/infinitylabradors","https://scontent.fsgn8-4.fna.fbcdn.net/v/t39.30808-1/471550061_122167368176051786_4228868388669043714_n.jpg?stp=cp0_dst-jpg_tt6&cstp=mx2048x2048&ctp=s80x80&_nc_cat=103&_nc_map=urlgen_bucketless&ccb=1-7&_nc_sid=167101&_nc_ohc=TEgB4EtovVwQ7kNvwGNQf5I&_nc_oc=AdoaNgqJZcT0PTAHHfaLdOe4Qa_40ZpuTsPWoBzQkMUTvgGv3_j7bFklKf0ZM_AhbdQ&_nc_zt=24&_nc_ht=scontent.fsgn8-4.fna&_nc_gid=ZQNxoFzwOIE6m3isOlrXxQ&_nc_ss=7b2a8&oh=00_AQM1kEi_q6RC76p_dEdm90F1hX9wZstMh-uRwktSDVMGxw&oe=6AC6CF60"
121,"Aurora Lopez Perez","https://www.facebook.com/aurora.p.lopez","https://scontent.fsgn8-4.fna.fbcdn.net/v/t39.30808-1/623396454_25642511325416375_1384894326437316373_n.jpg?stp=cp0_dst-jpg_tt6&cstp=mx960x960&ctp=s80x80&_nc_cat=108&_nc_map=urlgen_bucketless&ccb=1-7&_nc_sid=167101&_nc_ohc=RBGYzMZh_xAQ7kNvwHH2rIo&_nc_oc=AdpCMfn3-8Y6XBpVQT0WBsnQ07sbfpgaK7Z0xmyJ09BSJBC80IBhN-uRHUE-atZ0Ipo&_nc_zt=24&_nc_ht=scontent.fsgn8-4.fna&_nc_gid=ZQNxoFzwOIE6m3isOlrXxQ&_nc_ss=7b2a8&oh=00_AQMOiyR1YD3_EQSyXbjqaZpd3IYmun1BYEeux2sfgeG3eg&oe=6AC6D1F6"
122,"Renata Garbiec-Grabarczuk","https://www.facebook.com/renata.garbiecgrabarczuk","https://scontent.fsgn8-4.fna.fbcdn.net/v/t39.30808-1/421270792_2463445120504820_8678303496292284906_n.jpg?stp=c298.0.1523.1523a_cp0_dst-jpg_tt6&cstp=mx1523x1523&ctp=s80x80&_nc_cat=105&_nc_map=urlgen_bucketless&ccb=1-7&_nc_sid=167101&_nc_ohc=JsAoUPU-x9AQ7kNvwGwnXQo&_nc_oc=AdpGwXJsfW2elbxsX5QlBgGV4kTOC7oZiJtpQVKu55J9Cik9EEVJIbPvCvoHAFKVRhE&_nc_zt=24&_nc_ht=scontent.fsgn8-4.fna&_nc_gid=ZQNxoFzwOIE6m3isOlrXxQ&_nc_ss=7b2a8&oh=00_AQMVZZaO6eLNOLm64hK7BZlZBaVLrUqZf1RdMrnE7Tq4BA&oe=6AC6DBDB"
123,"Friendly Goldens & GSPs","https://www.facebook.com/golden.wells.96","https://scontent.fsgn8-4.fna.fbcdn.net/v/t39.30808-1/449971727_457129867054977_5116582570273371989_n.jpg?stp=cp0_dst-jpg_tt6&cstp=mx500x500&ctp=s80x80&_nc_cat=101&_nc_map=urlgen_bucketless&ccb=1-7&_nc_sid=167101&_nc_ohc=b_8CJ68muX0Q7kNvwHmaT7A&_nc_oc=AdoVYCfJGL6h93vYH-o8hsSwOLkCeAmbyfKXjtsL3TiU5BNe5qC6b0w9Is954VPGEZs&_nc_zt=24&_nc_ht=scontent.fsgn8-4.fna&_nc_gid=ZQNxoFzwOIE6m3isOlrXxQ&_nc_ss=7b2a8&oh=00_AQPYWRJgdlbYPvAuYoIibI6DMPfh9lwunBsrYSaBPrn6PQ&oe=6AC6DE98"
124,"R and J Dal Pals","https://www.facebook.com/profile.php?id=61566776762988","https://scontent.fsgn8-4.fna.fbcdn.net/v/t39.30808-1/461947454_122098971506559225_3524178718842133795_n.jpg?stp=c0.0.832.832a_cp0_dst-jpg_tt6&cstp=mx832x832&ctp=s80x80&_nc_cat=110&_nc_map=urlgen_bucketless&ccb=1-7&_nc_sid=167101&_nc_ohc=jpmR-aKNVl8Q7kNvwEjC0iA&_nc_oc=AdqNxbioYVOSNpvOWDTNvCHbVwcbtsHf7FtyZy19kEsACR3mrzJ3givez_yYB64kvPM&_nc_zt=24&_nc_ht=scontent.fsgn8-4.fna&_nc_gid=ZQNxoFzwOIE6m3isOlrXxQ&_nc_ss=7b2a8&oh=00_AQOcW81boBDAE7RZ1wL9YtMuvHEOdezJfv8VFW87dNywOQ&oe=6AC6E895"
125,"Eduardo UrbanPaws","https://www.facebook.com/profile.php?id=61591382674594","https://scontent.fsgn8-4.fna.fbcdn.net/v/t39.30808-1/797798952_122122180125379422_7123754572353601397_n.jpg?stp=cp0_dst-jpg_tt6&cstp=mx1254x1254&ctp=s80x80&_nc_cat=107&_nc_map=urlgen_bucketless&ccb=1-7&_nc_sid=167101&_nc_ohc=VBf8osXR8sIQ7kNvwEEkn_o&_nc_oc=AdpQ4K_4jdJwS2YZN0njDD7mMr_lyDK2SCL201E2ZOcfH2f_9VQolOdsLKzg4IZzZ1Q&_nc_zt=24&_nc_ht=scontent.fsgn8-4.fna&_nc_gid=ZQNxoFzwOIE6m3isOlrXxQ&_nc_ss=7b2a8&oh=00_AQPYi6Nme4GSqa-0gkuq4iM862yGgJUMlS_7DvZa0nxRgw&oe=6AC6D464"
126,"Madi Hewitt Madanwitt Cocker's","https://www.facebook.com/madi.hewitt.5","https://scontent.fsgn8-4.fna.fbcdn.net/v/t39.30808-1/286991137_759314845508270_8271362334676756874_n.jpg?stp=cp0_dst-jpg_tt6&cstp=mx828x828&ctp=s80x80&_nc_cat=111&_nc_map=urlgen_bucketless&ccb=1-7&_nc_sid=167101&_nc_ohc=wKpH4sk3Q-4Q7kNvwG5uuln&_nc_oc=AdocpgeSTHB5drHKpcqC8C68An8P-Cx9n1BieLwj88Z0JjS2yOKme32kUqh8KozqyOg&_nc_zt=24&_nc_ht=scontent.fsgn8-4.fna&_nc_gid=xmyM8YYd3c0jEOqjPGzwxw&_nc_ss=7b2a8&oh=00_AQOfm5qhap8PjWf3drB5to69N71bm-UsMdA3jH0PCJKhhQ&oe=6AC6C16B"
127,"Beagle Freaks","https://www.facebook.com/profile.php?id=61554830771532","https://scontent.fsgn8-4.fna.fbcdn.net/v/t39.30808-1/647607270_122253757460161025_7368520662309156098_n.jpg?stp=cp0_dst-jpg_tt6&cstp=mx986x976&ctp=p80x80&_nc_cat=106&_nc_map=urlgen_bucketless&ccb=1-7&_nc_sid=167101&_nc_ohc=aQkPEe7gtcoQ7kNvwE8qKn4&_nc_oc=Adqw1R4t9xGefLOOpgpiGhHjU-g47AttLhZpL-logKTtxu5jUh9GulLnxLZSjK8yhJ4&_nc_zt=24&_nc_ht=scontent.fsgn8-4.fna&_nc_gid=xmyM8YYd3c0jEOqjPGzwxw&_nc_ss=7b2a8&oh=00_AQNs4BykRC9WX8CZdHT0roHqY3KfBKCO9ZQzx6rOSf1dNw&oe=6AC6E124"
128,"Mini Hippo Land","https://www.facebook.com/minihippoland","https://scontent.fsgn8-4.fna.fbcdn.net/v/t39.30808-1/649502304_1249041244024901_9204188138980697425_n.jpg?stp=cp0_dst-jpg_tt6&cstp=mx960x960&ctp=s80x80&_nc_cat=110&_nc_map=urlgen_bucketless&ccb=1-7&_nc_sid=167101&_nc_ohc=e3IFyu4d6lcQ7kNvwGPY2Q7&_nc_oc=AdrfcG2aIx5kfz7WfZwjIvnMT1qzSfKrn3SxdVQKqTCoCdhW9Ry3B1ydwFLKUHCYwYM&_nc_zt=24&_nc_ht=scontent.fsgn8-4.fna&_nc_gid=xmyM8YYd3c0jEOqjPGzwxw&_nc_ss=7b2a8&oh=00_AQP3dZzIkPCAuq1UN9nOwrQWbjQCLp2N-BAnhSrNlJLkPA&oe=6AC6E18A"
129,"Maribel Nina Muccianti","https://www.facebook.com/nina.muccianti","https://scontent.fsgn8-4.fna.fbcdn.net/v/t39.30808-1/793644322_10240651778583888_2868324003398638638_n.jpg?stp=cp0_dst-jpg_tt6&cstp=mx1080x1080&ctp=s80x80&_nc_cat=102&_nc_map=urlgen_bucketless&ccb=1-7&_nc_sid=167101&_nc_ohc=oeHlh3mCQxAQ7kNvwEbG9gE&_nc_oc=AdrbbMmUngFTHsPU2yV8NfIMcdCGgFPgq3aobSZWZcEnhuze-c029L156l4a44Plb1U&_nc_zt=24&_nc_ht=scontent.fsgn8-4.fna&_nc_gid=xmyM8YYd3c0jEOqjPGzwxw&_nc_ss=7b2a8&oh=00_AQNbNlx3qz5PdoNe2X7MVUoZuDjIsqKbzhQY3TyW3vRWYQ&oe=6AC6E62E"
130,"Irish Setter Lover","https://www.facebook.com/profile.php?id=61594472150482","https://scontent.fsgn8-4.fna.fbcdn.net/v/t39.30808-1/796527703_122093657781482405_8386752292498095850_n.jpg?stp=cp0_dst-jpg_tt6&cstp=mx735x749&ctp=p80x80&_nc_cat=105&_nc_map=urlgen_bucketless&ccb=1-7&_nc_sid=167101&_nc_ohc=kIzEd64mrIQQ7kNvwFDBYtI&_nc_oc=Adpe-C8gny-TCoI2BhuNR_x2B9ECiY7dLxP8tFMQfMQUq8H4Z8qhMpxHzYfnPnF1Mc4&_nc_zt=24&_nc_ht=scontent.fsgn8-4.fna&_nc_gid=xmyM8YYd3c0jEOqjPGzwxw&_nc_ss=7b2a8&oh=00_AQNFW4_0lBE7Vc8GFUHVGyZ7ojGxzdptBb5tHlg5M71X1A&oe=6AC6C5DB"
131,"HopePaws","https://www.facebook.com/profile.php?id=61594065129992","https://scontent.fsgn8-4.fna.fbcdn.net/v/t39.30808-1/803102442_122107167009460074_3917531131409591527_n.jpg?stp=cp0_dst-jpg_tt6&cstp=mx1254x1254&ctp=s80x80&_nc_cat=102&_nc_map=urlgen_bucketless&ccb=1-7&_nc_sid=167101&_nc_ohc=WZmtNxMUu2kQ7kNvwGNfE4X&_nc_oc=AdoUDS-7s2ZAjDmt_YnG7VtqBCqQxuE6dM_5CGWXMl3aNR_E7vtV1kKCo9pONq9zhPg&_nc_zt=24&_nc_ht=scontent.fsgn8-4.fna&_nc_gid=xmyM8YYd3c0jEOqjPGzwxw&_nc_ss=7b2a8&oh=00_AQPir-VLqPBqZfmgqpyFw5uKX0wzgzMhIJtAgAkk6RjZ4g&oe=6AC6D617"
132,"Houston bull terriers","https://www.facebook.com/officialhoustonbullterriers","https://scontent.fsgn8-4.fna.fbcdn.net/v/t39.30808-1/638213482_1491553099223705_7519236817093027216_n.jpg?stp=cp0_dst-jpg_tt6&cstp=mx960x958&ctp=s80x80&_nc_cat=110&_nc_map=urlgen_bucketless&ccb=1-7&_nc_sid=167101&_nc_ohc=etl9kXD9zFQQ7kNvwHcLXPq&_nc_oc=AdpNrigAzt5s-PGO1m514d1vFNJr1YxYpxC4kXBOYyGAme9T7Mk9JRxFjATg-b09sUo&_nc_zt=24&_nc_ht=scontent.fsgn8-4.fna&_nc_gid=xmyM8YYd3c0jEOqjPGzwxw&_nc_ss=7b2a8&oh=00_AQMslut-tLsNjXRJNfP20x4oMfh_UA9_QlEb69nuaJSmoA&oe=6AC6C375"
133,"Dachshund puppies lovers","https://www.facebook.com/profile.php?id=61595117335716","https://scontent.fsgn8-4.fna.fbcdn.net/v/t39.30808-1/832927670_122095889487503911_8490507289863892288_n.jpg?stp=cp6_dst-jpg_tt6&cstp=mx828x829&ctp=s80x80&_nc_cat=103&_nc_map=urlgen_bucketless&ccb=1-7&_nc_sid=167101&_nc_ohc=ezXSmw2iYQEQ7kNvwHzj369&_nc_oc=AdponkdSLGZjZNmMnmzhMn-s84pmHBYbmz3VySo-fBwUDa_1HXzzXvTISSvSm6r47ZM&_nc_zt=24&_nc_ht=scontent.fsgn8-4.fna&_nc_gid=xmyM8YYd3c0jEOqjPGzwxw&_nc_ss=7b2a8&oh=00_AQO7qv14Ilupbs69TkEsUQggca-x5tgCcxGgc86A4S_SKg&oe=6AC6EF7C"
134,"Ruby and Pippin's Puppies","https://www.facebook.com/profile.php?id=100089192554017","https://scontent.fsgn8-4.fna.fbcdn.net/v/t39.30808-1/322475864_4127685164124230_6456623405232572303_n.jpg?stp=c128.0.768.768a_cp6_dst-jpg_tt6&cstp=mx768x768&ctp=s80x80&_nc_cat=1&ccb=1-7&_nc_sid=167101&_nc_ohc=kQmR1sQSFr0Q7kNvwHmbpIv&_nc_oc=Adoe18BsFoEhrfX3UjzQnEnAHIuZxNxkAvRNUmb6QZWcHAkD1-copY9zL2xJujnk4SQ&_nc_zt=24&_nc_ht=scontent.fsgn8-4.fna&_nc_gid=c-RxDqY0KQT_NtGgof1f-w&_nc_ss=7b2a8&oh=00_AQMMfCj3Ms5dyEcvOcZuNwU56vWeQQcRLS-Pm1TJBVljSA&oe=6AC6CA15"
135,"Bloodhound Dog","https://www.facebook.com/profile.php?id=61568058491519","https://scontent.fsgn8-4.fna.fbcdn.net/v/t39.30808-1/465852283_1780882602665383_7768915563549691546_n.jpg?stp=c0.0.378.378a_cp0_dst-jpg_tt6&cstp=mx378x378&ctp=s80x80&_nc_cat=105&_nc_map=urlgen_bucketless&ccb=1-7&_nc_sid=167101&_nc_ohc=pTlezerwz-QQ7kNvwEAuDzu&_nc_oc=AdrftyRuE5n-BkomyITX7vImsDR_HTShp6VdsMrGtaHz6tOJOzKT_gANPLndzKKOPOQ&_nc_zt=24&_nc_ht=scontent.fsgn8-4.fna&_nc_gid=c-RxDqY0KQT_NtGgof1f-w&_nc_ss=7b2a8&oh=00_AQOW29AUQ3HlZdRQWt7BGXPEoliWacqdVPDEQ7fpNlI4vg&oe=6AC6D841"
136,"Wagging Wonders","https://www.facebook.com/profile.php?id=61561080874683","https://scontent.fsgn8-4.fna.fbcdn.net/v/t39.30808-1/828831770_122224365158369362_8147911279677818942_n.jpg?stp=cp0_dst-jpg_tt6&cstp=mx1254x1254&ctp=s80x80&_nc_cat=108&_nc_map=urlgen_bucketless&ccb=1-7&_nc_sid=167101&_nc_ohc=2lDOmqKYfsgQ7kNvwFWyj52&_nc_oc=AdpOvaZYBV2OVv6aNu2yBPHdiOAW2jD3IuOtSUfXeQIo9NeBUlZEJaM7J4VSs5EbbTM&_nc_zt=24&_nc_ht=scontent.fsgn8-4.fna&_nc_gid=c-RxDqY0KQT_NtGgof1f-w&_nc_ss=7b2a8&oh=00_AQOVifCR0L39s5_SUcYpPvr4vFYIG7hEEsL5IRpsTfcLbA&oe=6AC6D1E2"
137,"Fieldside Farm","https://www.facebook.com/profile.php?id=61558455783277","https://scontent.fsgn8-4.fna.fbcdn.net/v/t39.30808-1/451444132_122134076468281859_5499671860441979310_n.jpg?stp=cp0_dst-jpg_tt6&cstp=mx1840x1840&ctp=s80x80&_nc_cat=108&_nc_map=urlgen_bucketless&ccb=1-7&_nc_sid=167101&_nc_ohc=fqz2VCencpUQ7kNvwEutol5&_nc_oc=AdrwO_rv-DRDnAfWNjL4xMxAPyV-Ck9Fkay0xXr7tdk2EdqAZS6Xgt5OfsiQpmZCKxk&_nc_zt=24&_nc_ht=scontent.fsgn8-4.fna&_nc_gid=c-RxDqY0KQT_NtGgof1f-w&_nc_ss=7b2a8&oh=00_AQN-gEtQ2gqISEd_8q05S9PFZ7MQp2J1iv2Lw6C70u_EpA&oe=6AC6C95C"
138,"Varkata Labradors and Leonbergers","https://www.facebook.com/VarkataLabsnLeos","https://scontent.fsgn8-4.fna.fbcdn.net/v/t39.30808-1/275570477_2464872986980560_4938544357444121951_n.jpg?stp=cp0_dst-jpg_tt6&cstp=mx958x959&ctp=s80x80&_nc_cat=100&_nc_map=urlgen_bucketless&ccb=1-7&_nc_sid=167101&_nc_ohc=KTLMwQYluBYQ7kNvwFAgZGz&_nc_oc=AdoHQmTttkD27M24V7TrOMRn4AN4_BVjHecF7gc0zITSxoQ-qRbOv4RCGvqCQ3E21AQ&_nc_zt=24&_nc_ht=scontent.fsgn8-4.fna&_nc_gid=c-RxDqY0KQT_NtGgof1f-w&_nc_ss=7b2a8&oh=00_AQOqaR574ygCSzIjLfAlXUKuvSDJGS34kFYKDMOJP0mXzg&oe=6AC6E7C4"
139,"Carl and Ellie's Basset Hound Adventures","https://www.facebook.com/profile.php?id=100063929028311","https://scontent.fsgn8-4.fna.fbcdn.net/v/t39.30808-1/291059744_420947076712923_1120332142669169483_n.jpg?stp=cp0_dst-jpg_tt6&cstp=mx608x607&ctp=s80x80&_nc_cat=105&_nc_map=urlgen_bucketless&ccb=1-7&_nc_sid=167101&_nc_ohc=XNfaY-7LTvkQ7kNvwEy5QEf&_nc_oc=AdpKWePkV7H2yNMABxQirr4byWxuOpEEBRS3IEc3YsQF2USkQZN12cB-lMJezLNViVs&_nc_zt=24&_nc_ht=scontent.fsgn8-4.fna&_nc_gid=c-RxDqY0KQT_NtGgof1f-w&_nc_ss=7b2a8&oh=00_AQO0v0htfMVEhFJKorAvl-uadf5Hh7oP_1WKgbWKlWcm0g&oe=6AC6E16D"
140,"Nany Ribeiro","https://www.facebook.com/profile.php?id=61558627406765","https://scontent.fsgn8-4.fna.fbcdn.net/v/t39.30808-1/626418767_122214962762287580_3302146991121266002_n.jpg?stp=cp0_dst-jpg_tt6&cstp=mx960x960&ctp=s80x80&_nc_cat=107&_nc_map=urlgen_bucketless&ccb=1-7&_nc_sid=167101&_nc_ohc=O1CAc9d5TdUQ7kNvwF2-uno&_nc_oc=Adr5F-Z35JNHeKuYcbUP9DtICxL_D1bHs7zA4fdo9s7W6Y64_n7bB2k0y9JhOb4GdVk&_nc_zt=24&_nc_ht=scontent.fsgn8-4.fna&_nc_gid=c-RxDqY0KQT_NtGgof1f-w&_nc_ss=7b2a8&oh=00_AQPldhile_zgcu7MyqMxepIqL3Ks7bQhXCZaA9XZacClTw&oe=6AC6E61C"
141,"Jekaterina Nagina","https://www.facebook.com/jekaterina.nagina","https://scontent.fsgn8-4.fna.fbcdn.net/v/t39.30808-1/424524019_10229826573115994_5400712731589138364_n.jpg?stp=cp0_dst-jpg_tt6&cstp=mx1707x1708&ctp=s80x80&_nc_cat=107&_nc_map=urlgen_bucketless&ccb=1-7&_nc_sid=167101&_nc_ohc=OwpVpqpJAXwQ7kNvwGRLcbf&_nc_oc=AdraftL8qisc-TNjyiFIRWoB2WiCMGcBTVKQSZd_07QdJzvXyWqcXqcOMS2G6rYAdX0&_nc_zt=24&_nc_ht=scontent.fsgn8-4.fna&_nc_gid=c-RxDqY0KQT_NtGgof1f-w&_nc_ss=7b2a8&oh=00_AQNUi6X5VxJX1P2qLxBL8V6MRjNebK0WsdlZahmM1FSXtw&oe=6AC6C8CD"
142,"Emotional love","https://www.facebook.com/profile.php?id=61589668314648","https://scontent.fsgn8-4.fna.fbcdn.net/v/t39.30808-1/691302562_122094200127322277_4713589285408044332_n.png?stp=c156.156.978.978a_cp0_dst-png&cstp=mx978x978&ctp=s80x80&_nc_cat=105&_nc_map=urlgen_bucketless&ccb=1-7&_nc_sid=167101&_nc_ohc=dzF5K1gJVCkQ7kNvwEm5ZMC&_nc_oc=AdrbtAEDkEis-wLrKoDoZ_37Fw4Av453fPNtbyGzNC9oODzLwtIK0aT1tVmoojYX6II&_nc_zt=24&_nc_ht=scontent.fsgn8-4.fna&_nc_gid=MBJjkjXRljE9TBRK0YLK-g&_nc_ss=7b2a8&oh=00_AQMzghXjIQzFzI_XFxuItheZvE_JMimWBW41BJ-rQ57WaA&oe=6AC6EB1C"
143,"Bud Aaronbtb","https://www.facebook.com/profile.php?id=61595026760922","https://scontent.fsgn8-4.fna.fbcdn.net/v/t39.30808-1/825279101_122093561961500892_4584244986479213109_n.jpg?stp=cp0_dst-jpg_tt6&cstp=mx1080x1080&ctp=s80x80&_nc_cat=103&_nc_map=urlgen_bucketless&ccb=1-7&_nc_sid=167101&_nc_ohc=HNG-lijD52UQ7kNvwErPJti&_nc_oc=AdqTZI4dqnKFtb-MlOM8d-D_tFaUP0PIxs4Osape4Vs4cGaKlpuGgdJjK5HNijZS8L0&_nc_zt=24&_nc_ht=scontent.fsgn8-4.fna&_nc_gid=MBJjkjXRljE9TBRK0YLK-g&_nc_ss=7b2a8&oh=00_AQMZvreyNy3cLcWhKlYjxnuKqtSEWWpTcf_B0eQFHOcjuQ&oe=6AC6EAEB"
144,"สวนข้างทุ่งนาอยู่หน้าเขา-ภูเขา","https://www.facebook.com/profile.php?id=61562811314396","https://scontent.fsgn8-4.fna.fbcdn.net/v/t39.30808-1/789617995_122214125750427043_2085998693059461263_n.jpg?stp=c0.0.1536.1536a_cp0_dst-jpg_tt6&cstp=mx1536x1536&ctp=s80x80&_nc_cat=102&_nc_map=urlgen_bucketless&ccb=1-7&_nc_sid=167101&_nc_ohc=57C2xR_54zYQ7kNvwGXQ-zw&_nc_oc=AdrR76YnNGXHqhY_gw75nV1n0HdJJbEvR-en1ctsnmvLEyV-XF8ucyndY3Btd5EPhDc&_nc_zt=24&_nc_ht=scontent.fsgn8-4.fna&_nc_gid=MBJjkjXRljE9TBRK0YLK-g&_nc_ss=7b2a8&oh=00_AQP1Jagc-IbIaZUrU4HPom2qNjp7bLVk0rvUk05wpsqBAQ&oe=6AC6C4DD"
145,"German Shorthaired Pointer Lovers","https://www.facebook.com/profile.php?id=61577149602207","https://scontent.fsgn8-4.fna.fbcdn.net/v/t39.30808-1/508072008_122211929330159786_8528418282679814005_n.jpg?stp=c0.0.736.736a_cp0_dst-jpg_tt6&cstp=mx736x736&ctp=s80x80&_nc_cat=102&_nc_map=urlgen_bucketless&ccb=1-7&_nc_sid=167101&_nc_ohc=PuecWjOi9sEQ7kNvwG3TwBD&_nc_oc=AdoP6729AqtNvVJsqQDuJ0OFJJuluZFFjgTsoeB7h3pdQXur2bCpeU_84Qkgwug1eyQ&_nc_zt=24&_nc_ht=scontent.fsgn8-4.fna&_nc_gid=MBJjkjXRljE9TBRK0YLK-g&_nc_ss=7b2a8&oh=00_AQN_kC5KyvyJX_vgalNsgvjUcXE6zOwche5vvVot8UnsVw&oe=6AC6F04D"
146,"Golden Retriever Joy","https://www.facebook.com/goldenretrieverjoy","https://scontent.fsgn8-4.fna.fbcdn.net/v/t39.30808-1/772376171_122100681831433154_4450795957241860146_n.jpg?stp=cp0_dst-jpg_tt6&cstp=mx1254x1254&ctp=s80x80&_nc_cat=111&_nc_map=urlgen_bucketless&ccb=1-7&_nc_sid=167101&_nc_ohc=vh0kqwYVLbAQ7kNvwGJ-_DI&_nc_oc=Adou4XafyrX_z5_8wziyTGLShwviRgrrPWbfEBkrEJV7_FjeTZyQd7hNoBBs2GIKOjM&_nc_zt=24&_nc_ht=scontent.fsgn8-4.fna&_nc_gid=MBJjkjXRljE9TBRK0YLK-g&_nc_ss=7b2a8&oh=00_AQOmCceZxryXLGXB8iJNmu0EawT9ESdMmuIB1-BwotIhXg&oe=6AC6DB51"
147,"Puppy Dog Baby","https://www.facebook.com/profile.php?id=61570781884482","https://scontent.fsgn8-4.fna.fbcdn.net/v/t39.30808-1/677720663_122102786156692729_3486218873743421120_n.jpg?stp=c0.0.564.564a_cp0_dst-jpg_tt6&cstp=mx564x564&ctp=s80x80&_nc_cat=106&_nc_map=urlgen_bucketless&ccb=1-7&_nc_sid=167101&_nc_ohc=DMh5I4qK2YMQ7kNvwGx8gvy&_nc_oc=AdrZDrdA_x5zrWu86OZZJgS6uRVuj30UPdG9xDYGsjYYMw0oZL4-uK1d1VJtbm7WNGU&_nc_zt=24&_nc_ht=scontent.fsgn8-4.fna&_nc_gid=MBJjkjXRljE9TBRK0YLK-g&_nc_ss=7b2a8&oh=00_AQOYstI5jrTS_1ZuuUqBn_2e5dlYIF8Rdyax854Z10su7g&oe=6AC6EAD4"
148,"TuffyBruno","https://www.facebook.com/tuffybrunopup","https://scontent.fsgn8-4.fna.fbcdn.net/v/t39.30808-1/746565201_122106949149390902_7753833943234317682_n.jpg?stp=cp6_dst-jpg_tt6&cstp=mx2048x2048&ctp=s80x80&_nc_cat=104&_nc_map=urlgen_bucketless&ccb=1-7&_nc_sid=167101&_nc_ohc=KosJkCqSvrIQ7kNvwEXNTcw&_nc_oc=AdrjpatHYSXe1CJhelPaUYmf9Gs5Nfo0k8RPR7auJipyE3ATTMow4MMuFFsKfXO-Fic&_nc_zt=24&_nc_ht=scontent.fsgn8-4.fna&_nc_gid=MBJjkjXRljE9TBRK0YLK-g&_nc_ss=7b2a8&oh=00_AQNVsu-eI2XoaRv4bQo_to2QYlxJwJAFh5LlmJsTWK6tDg&oe=6AC6BCC6"
149,"Oreowatchesyou","https://www.facebook.com/profile.php?id=61560319426454","https://scontent.fsgn8-4.fna.fbcdn.net/v/t39.30808-1/684828280_35973182848946827_1170027541576956629_n.jpg?stp=cp0_dst-jpg_tt6&cstp=mx206x206&ctp=s80x80&_nc_cat=110&_nc_map=urlgen_bucketless&ccb=1-7&_nc_sid=167101&_nc_ohc=GitvRhBnr3QQ7kNvwEZlKyv&_nc_oc=Adr5V6NjnFgl8r0JzpPxuUbw0E7boatkKYczl3o2IJByoEUZUdDuIw5DWqntbBAiq-Q&_nc_zt=24&_nc_ht=scontent.fsgn8-4.fna&_nc_gid=MBJjkjXRljE9TBRK0YLK-g&_nc_ss=7b2a8&oh=00_AQMv_G-vvHTnJKJH9XOLrEsu92PdtPufkMr14hD7uucklA&oe=6AC6CDAD"
150,"Cooper Word","https://www.facebook.com/profile.php?id=61594150943257","https://scontent.fsgn8-4.fna.fbcdn.net/v/t39.30808-1/789728515_29338894595710571_7354422600064880889_n.jpg?stp=c0.0.898.898a_cp0_dst-jpg_tt6&cstp=mx898x898&ctp=s80x80&_nc_cat=106&_nc_map=urlgen_bucketless&ccb=1-7&_nc_sid=167101&_nc_ohc=CcA9bf8SO78Q7kNvwF6yr4B&_nc_oc=AdoXjbEVGi4SGxa27vooqV3rdr_2Z_BCcRG6PPUw8TBvo5Q-2qTFk3qngcYCDfSvl9A&_nc_zt=24&_nc_ht=scontent.fsgn8-4.fna&_nc_gid=h7IMrfmJeYFWSIK2tnO7OA&_nc_ss=7b2a8&oh=00_AQP_UsUJaiwSfY9Pmr3gnw9z1F-1vHatNDNIb9DXfxJ7-w&oe=6AC6DDE6"
151,"Doxie Paradise","https://www.facebook.com/profile.php?id=61591959203605","https://scontent.fsgn8-4.fna.fbcdn.net/v/t39.30808-1/819194133_122123172075398640_6958009809260695735_n.jpg?stp=cp0_dst-jpg_tt6&cstp=mx1254x1254&ctp=s80x80&_nc_cat=106&_nc_map=urlgen_bucketless&ccb=1-7&_nc_sid=167101&_nc_ohc=lT-TEDPtRXsQ7kNvwE9cjEm&_nc_oc=AdqflGNIguUqrMiOTTmbk1Ydo0TTtfBDMCQNmNk0pDDDC9LxVlZs1U3J75XryPaskqo&_nc_zt=24&_nc_ht=scontent.fsgn8-4.fna&_nc_gid=h7IMrfmJeYFWSIK2tnO7OA&_nc_ss=7b2a8&oh=00_AQOUvzYCCP84fCEKDWwXVcH_tXy8UODttWb-lLldxvtSJw&oe=6AC6CEB9"
152,"Daily Dose of Daisy Mae and Pooh Bear","https://www.facebook.com/daisymarleypoohbear","https://scontent.fsgn8-4.fna.fbcdn.net/v/t39.30808-1/825292567_122108876289482288_7633374186603529254_n.jpg?stp=cp6_dst-jpg_tt6&cstp=mx1179x1179&ctp=s80x80&_nc_cat=110&_nc_map=urlgen_bucketless&ccb=1-7&_nc_sid=167101&_nc_ohc=reuQTWxB2rAQ7kNvwFKB0U1&_nc_oc=AdrOyeKlLGZy0KqNx6Oqjul9V378wfCaDidAWPbaNF5Yawha5RNSsTPtt0rErQUDlSo&_nc_zt=24&_nc_ht=scontent.fsgn8-4.fna&_nc_gid=h7IMrfmJeYFWSIK2tnO7OA&_nc_ss=7b2a8&oh=00_AQM0d-O-f7Vg22t2Oz-HEImwkvxEA6a0-mr5BSRbLzSheg&oe=6AC6E82B"
153,"Crooks Mastinos Neapolitan Mastiffs","https://www.facebook.com/crooksmastinos","https://scontent.fsgn8-4.fna.fbcdn.net/v/t39.30808-1/292549537_372268345032067_1411509536215338141_n.jpg?stp=cp0_dst-jpg_tt6&cstp=mx605x613&ctp=p80x80&_nc_cat=107&_nc_map=urlgen_bucketless&ccb=1-7&_nc_sid=167101&_nc_ohc=wCCG8rQ5iy4Q7kNvwETtIgu&_nc_oc=Adr1tZw__VOvzAbRhEk3Et8G_lSyJgwC5Q_pV9H_eiqUX5zwxdetJVXJneF9QBxL3OI&_nc_zt=24&_nc_ht=scontent.fsgn8-4.fna&_nc_gid=h7IMrfmJeYFWSIK2tnO7OA&_nc_ss=7b2a8&oh=00_AQMSIi4FN_FagAUqrFrz4-JriFDlLJmy9gIwSlvkgYD7Kw&oe=6AC6E268"
154,"Sandy Hill Basset Hounds","https://www.facebook.com/SandyHillBassetHounds","https://scontent.fsgn8-4.fna.fbcdn.net/v/t39.30808-1/297230730_512171227378400_7632117691078612958_n.jpg?stp=c78.0.480.480a_cp0_dst-jpg_tt6&cstp=mx480x480&ctp=s80x80&_nc_cat=108&_nc_map=urlgen_bucketless&ccb=1-7&_nc_sid=167101&_nc_ohc=jNXpdM7Y-8UQ7kNvwH_l0zi&_nc_oc=Adptt7rAMv7hOHTqWsXzJuvYDRjuVgyTSKOQgfBu2SFKbvSK9CHKX0y3IhblbTqy_Qk&_nc_zt=24&_nc_ht=scontent.fsgn8-4.fna&_nc_gid=h7IMrfmJeYFWSIK2tnO7OA&_nc_ss=7b2a8&oh=00_AQORQfmCsSDAtbJzjHPVZkwQmxvcsf7XyjOlh3o0L42q_Q&oe=6AC6E36C"
155,"Adoptadane Rescue Qld","https://www.facebook.com/adoptadanerescue","https://scontent.fsgn8-4.fna.fbcdn.net/v/t39.30808-1/270050565_7955832757776320_5394189787488065088_n.jpg?stp=cp0_dst-jpg_tt6&cstp=mx356x356&ctp=s80x80&_nc_cat=107&_nc_map=urlgen_bucketless&ccb=1-7&_nc_sid=167101&_nc_ohc=j1sye8Gq4CwQ7kNvwE4Jd_x&_nc_oc=AdrQNCyYTUIis6Pg2hHFCAxe8sYH3r2RWmwYBmQhmmpY63VDCrZpOU5hBRQBoRIi_Ug&_nc_zt=24&_nc_ht=scontent.fsgn8-4.fna&_nc_gid=h7IMrfmJeYFWSIK2tnO7OA&_nc_ss=7b2a8&oh=00_AQNKs_FZ3Ux9uQWzabMVXjiUht9YHl5754bYgkzAxTxj-Q&oe=6AC6E1EB"
156,"Dogue de Bordeaux Fans","https://www.facebook.com/profile.php?id=61579175525300","https://scontent.fsgn8-4.fna.fbcdn.net/v/t39.30808-1/735714833_122164349192972517_4473380404260541143_n.jpg?stp=cp0_dst-jpg_tt6&cstp=mx1024x1024&ctp=s80x80&_nc_cat=104&_nc_map=urlgen_bucketless&ccb=1-7&_nc_sid=167101&_nc_ohc=qDelQUCzFLUQ7kNvwETAoyl&_nc_oc=Adq_RkYNRzmJTtbcfynfuSEO0vsk_3-hcSA2Di0D_5c2eVigNoSRVsYSLDYUy6rCmoU&_nc_zt=24&_nc_ht=scontent.fsgn8-4.fna&_nc_gid=h7IMrfmJeYFWSIK2tnO7OA&_nc_ss=7b2a8&oh=00_AQOSv0DzpaagQHom1bPs3XQiHCTs5UOZBFDFOIxpsTyc0g&oe=6AC6DB9A"
157,"puppy ai video","https://www.facebook.com/profile.php?id=61587515313624","https://scontent.fsgn8-4.fna.fbcdn.net/v/t39.30808-1/627224947_122098240227250510_4925921498308528613_n.jpg?stp=cp0_dst-jpg_tt6&cstp=mx718x723&ctp=p80x80&_nc_cat=101&_nc_map=urlgen_bucketless&ccb=1-7&_nc_sid=167101&_nc_ohc=l0AlgmCCfe4Q7kNvwGu_Vxr&_nc_oc=AdpK3kPdAYiLqbC4pln0OcRcv4O_J8TjC7d9YYu0x36qQsAMrkGy9bvdV_33BpBExfs&_nc_zt=24&_nc_ht=scontent.fsgn8-4.fna&_nc_gid=h7IMrfmJeYFWSIK2tnO7OA&_nc_ss=7b2a8&oh=00_AQOqONaavtb2dw83Gcs21QVnJt_J32kkVDZPgkQ5WPCr1g&oe=6AC6D0D3"
158,"Thebloodhoundlife1","https://www.facebook.com/profile.php?id=61550311473542","https://scontent.fsgn8-4.fna.fbcdn.net/v/t39.30808-1/368261910_122104720016010382_7563409797425627145_n.jpg?stp=cp0_dst-jpg_tt6&cstp=mx958x960&ctp=s80x80&_nc_cat=110&_nc_map=urlgen_bucketless&ccb=1-7&_nc_sid=167101&_nc_ohc=28kX8kg6KxkQ7kNvwHABYur&_nc_oc=AdqOYuV5h-ZUdpHo1J3VKhBpOaTiHMjdulU6_Cuy_uM4jJR43ojqHyzD9yn6B05UR0M&_nc_zt=24&_nc_ht=scontent.fsgn8-4.fna&_nc_gid=NC11rQ_hEat6rLgTq_do5g&_nc_ss=7b2a8&oh=00_AQMYdhnIK-RHtGyp--sDoMJA-EnvBhjqWmyRYE8q5wpJNA&oe=6AC6C27C"
159,"Labrador Retriever Love","https://www.facebook.com/profile.php?id=61559004075785","https://scontent.fsgn8-4.fna.fbcdn.net/v/t39.30808-1/467739745_122157570926300135_409664244111410480_n.jpg?stp=cp0_dst-jpg_tt6&cstp=mx828x828&ctp=s80x80&_nc_cat=104&_nc_map=urlgen_bucketless&ccb=1-7&_nc_sid=167101&_nc_ohc=DY4We1tjgZkQ7kNvwEj-UYs&_nc_oc=AdoNeF1IpQTHfCSvZpG7I7BicEWt_IkK9dC-JcPLJpR2Qgua0gNLCmeKZHnKEV-8CoQ&_nc_zt=24&_nc_ht=scontent.fsgn8-4.fna&_nc_gid=NC11rQ_hEat6rLgTq_do5g&_nc_ss=7b2a8&oh=00_AQOMhqc38PU44h08Z-YGV9F79XZ9joXeCKwRRVXIs2-UZg&oe=6AC6D78A"
160,"Stella and Larry","https://www.facebook.com/StellaandLarry","https://scontent.fsgn8-4.fna.fbcdn.net/v/t39.30808-1/782587048_1015700301508144_3719577533532675229_n.jpg?stp=cp0_dst-jpg_tt6&cstp=mx960x960&ctp=s80x80&_nc_cat=101&_nc_map=urlgen_bucketless&ccb=1-7&_nc_sid=167101&_nc_ohc=PxKUn-l0VuMQ7kNvwGCh4bO&_nc_oc=AdrbTR_v95HaQJ82WjR9U2rXCDp7pXEOkF9Q72obj3C3bbW16aLyv2LOiDCRLMciG5s&_nc_zt=24&_nc_ht=scontent.fsgn8-4.fna&_nc_gid=NC11rQ_hEat6rLgTq_do5g&_nc_ss=7b2a8&oh=00_AQNHKysOMrMHQhdtynPTc-D6fXRC8Wc2fTtXJ2DKa77oHw&oe=6AC6E3A7"
161,"Basset Hound Lovers","https://www.facebook.com/profile.php?id=61591417046321","https://scontent.fsgn8-4.fna.fbcdn.net/v/t39.30808-1/729784625_122094712095380568_4438277260493003043_n.jpg?stp=c0.0.736.736a_cp0_dst-jpg_tt6&cstp=mx736x736&ctp=s80x80&_nc_cat=103&_nc_map=urlgen_bucketless&ccb=1-7&_nc_sid=167101&_nc_ohc=l3ITBRBzgQgQ7kNvwGa4ko8&_nc_oc=Adot_U55YJhbVeuprnAAd2CHLplXCPhAVV2k5MJCe5HG43kINlwqEA9orKNNNNkN_6Y&_nc_zt=24&_nc_ht=scontent.fsgn8-4.fna&_nc_gid=NC11rQ_hEat6rLgTq_do5g&_nc_ss=7b2a8&oh=00_AQNwROKfbKJL51DpM9LOplAIxfc3SQ1ULhiNZ492EvnhkA&oe=6AC6C787"
162,"Bloodhound Nation","https://www.facebook.com/BloodhoundNation","https://scontent.fsgn8-4.fna.fbcdn.net/v/t39.30808-1/747839852_122118403827285481_7827330566004084443_n.jpg?stp=cp0_dst-jpg_tt6&cstp=mx1254x1254&ctp=s80x80&_nc_cat=105&_nc_map=urlgen_bucketless&ccb=1-7&_nc_sid=167101&_nc_ohc=nTOhhYrxOa8Q7kNvwEZePil&_nc_oc=AdpQJdTKWEz5dGtE2CW6d-qTrHWTNtsLYFbH6_sZi4Q8INTGyLXSw20ztPTsHE8JGUA&_nc_zt=24&_nc_ht=scontent.fsgn8-4.fna&_nc_gid=NC11rQ_hEat6rLgTq_do5g&_nc_ss=7b2a8&oh=00_AQMAGA5FTqbs4LOfaE5rToKjXScUJUuWSWOqJh3zuAQ9Qw&oe=6AC6E12A"
163,"Koby & Oakley","https://www.facebook.com/profile.php?id=61569045750663","https://scontent.fsgn8-4.fna.fbcdn.net/v/t39.30808-1/742649158_122172967262634858_7635130413591261708_n.jpg?stp=cp0_dst-jpg_tt6&cstp=mx968x968&ctp=s80x80&_nc_cat=106&_nc_map=urlgen_bucketless&ccb=1-7&_nc_sid=167101&_nc_ohc=koxibjICS-AQ7kNvwEExqYW&_nc_oc=AdqvytJK_n0l_J50t_-7lW7JWD-QKY0QtZat7heT_jLJqM45Az5E9ALvDPT39LZOsz8&_nc_zt=24&_nc_ht=scontent.fsgn8-4.fna&_nc_gid=NC11rQ_hEat6rLgTq_do5g&_nc_ss=7b2a8&oh=00_AQMSHIMAyrx2R82jaBgH96yW2xh4_j7G_caRzBskIksQsw&oe=6AC6D439"
164,"Westwood Labs","https://www.facebook.com/profile.php?id=100069990974807","https://scontent.fsgn8-4.fna.fbcdn.net/v/t39.30808-1/309687415_388584583484571_6833778371324333709_n.jpg?stp=cp0_dst-jpg_tt6&cstp=mx959x959&ctp=s80x80&_nc_cat=1&ccb=1-7&_nc_sid=167101&_nc_ohc=nfAZQb78EoEQ7kNvwGKpqKJ&_nc_oc=AdrYxmvnOzydPM30GJbporOhoKUmRoW4DpKjDe77PPS7n0peUECfJS8LBzZ7SlbaCqs&_nc_zt=24&_nc_ht=scontent.fsgn8-4.fna&_nc_gid=NC11rQ_hEat6rLgTq_do5g&_nc_ss=7b2a8&oh=00_AQOo-JsI2xfzXlmjatlNimiY45TjYMnlmqdLkAoLJiFHWA&oe=6AC6E92F"
165,"BabyBoom Tv","https://www.facebook.com/profile.php?id=61594571397562","https://scontent.fsgn8-4.fna.fbcdn.net/v/t39.30808-1/818443333_122099502477485713_4715146920994727978_n.jpg?stp=cp0_dst-jpg_tt6&cstp=mx1600x1600&ctp=s80x80&_nc_cat=101&_nc_map=urlgen_bucketless&ccb=1-7&_nc_sid=167101&_nc_ohc=fbDS_huT5fIQ7kNvwGUgekN&_nc_oc=AdrzPzURkLpikJixLHFsrJjx9GWHk-U4MH-8oMnBSD2kui3I9wQHDnJWPnbBLLx_Trk&_nc_zt=24&_nc_ht=scontent.fsgn8-4.fna&_nc_gid=NC11rQ_hEat6rLgTq_do5g&_nc_ss=7b2a8&oh=00_AQOppp1q0Ncb4nwOYSDnb9huGjdjN7VXTyWeA1eLm_gW_w&oe=6AC6E61F"
166,"Basset Hound Community","https://www.facebook.com/profile.php?id=61593595367266","https://scontent.fsgn8-4.fna.fbcdn.net/v/t39.30808-1/790596015_122121680493287974_9103129083439802590_n.jpg?stp=cp0_dst-jpg_tt6&cstp=mx1254x1254&ctp=s80x80&_nc_cat=103&_nc_map=urlgen_bucketless&ccb=1-7&_nc_sid=167101&_nc_ohc=4gscjHHTDmkQ7kNvwGA_gNd&_nc_oc=AdpK5KmKNgffWN5CvP_S1iw-Xb3vJ1vUGBZTae3t2qQeEgb-WvuRh1kO7Hsw5zu5ZXY&_nc_zt=24&_nc_ht=scontent.fsgn8-4.fna&_nc_gid=YhnOkESrgSTMR5P8A0NOgw&_nc_ss=7b2a8&oh=00_AQNtMi2h8R9QQe3HuHWvpMawgqVIYPHPyCBImTBBOi3f0w&oe=6AC6ED44"
167,"Overwegpets","https://www.facebook.com/Overwegpets","https://scontent.fsgn8-4.fna.fbcdn.net/v/t39.30808-1/648790563_1473077908162149_2999091841603383554_n.jpg?stp=cp0_dst-jpg_tt6&cstp=mx1242x1242&ctp=s80x80&_nc_cat=107&_nc_map=urlgen_bucketless&ccb=1-7&_nc_sid=167101&_nc_ohc=UNWxGkzJPi0Q7kNvwGbujpm&_nc_oc=AdrMtMoS1TdhhB24fS385oCp1d8TKFslQzSD33swqgQJQfCWKUdtBsm5PKViv6v8Cp0&_nc_zt=24&_nc_ht=scontent.fsgn8-4.fna&_nc_gid=YhnOkESrgSTMR5P8A0NOgw&_nc_ss=7b2a8&oh=00_AQNt3G6kYzcQn32bGDIk-hmJLTl163_WFC1zhoxGeQC_cw&oe=6AC6F281"
168,"Rainy Day Dachshunds","https://www.facebook.com/profile.php?id=61587672915654","https://scontent.fsgn8-4.fna.fbcdn.net/v/t39.30808-1/756347788_122122751841255763_785067571949165117_n.jpg?stp=cp0_dst-jpg_tt6&cstp=mx1254x1254&ctp=s80x80&_nc_cat=107&_nc_map=urlgen_bucketless&ccb=1-7&_nc_sid=167101&_nc_ohc=ZvwzQe0gL00Q7kNvwF7d25f&_nc_oc=AdoZoEHg-awWVVev5Jb5jg5LxIXGeo3FXlY-w12WjeSyLRirxj-LSHLkEkf77LPBZg0&_nc_zt=24&_nc_ht=scontent.fsgn8-4.fna&_nc_gid=YhnOkESrgSTMR5P8A0NOgw&_nc_ss=7b2a8&oh=00_AQP5s0yeE7WXUdO4ueOgvcxi4q5rIoLub2wL9u3-1ZONPA&oe=6AC6E62D"
169,"КП ММР ""Центр захисту тварин""","https://www.facebook.com/kp.mmr.czt2020","https://scontent.fsgn8-4.fna.fbcdn.net/v/t39.30808-1/561612516_1354100303095975_4108875056538140609_n.jpg?stp=cp0_dst-jpg_tt6&cstp=mx1179x1180&ctp=s80x80&_nc_cat=108&_nc_map=urlgen_bucketless&ccb=1-7&_nc_sid=167101&_nc_ohc=7ncCYaDMTpcQ7kNvwG6zbtC&_nc_oc=Adp8H7grxU0IfasvevQQGcW8jeb826PAMggcuVnKLHIOBVIAeKTzDx0VF9kiJAqRUHo&_nc_zt=24&_nc_ht=scontent.fsgn8-4.fna&_nc_gid=YhnOkESrgSTMR5P8A0NOgw&_nc_ss=7b2a8&oh=00_AQNUpGSFpDuMw2qR2ztYXSZolrO0WVAm2AW65AQf7AU0hg&oe=6AC6E47E"
170,"Hood's Pet Express LLC","https://www.facebook.com/HPetexpress22","https://scontent.fsgn8-4.fna.fbcdn.net/v/t39.30808-1/360102127_787914639800774_7965977639298089268_n.jpg?stp=c128.0.1024.1024a_cp0_dst-jpg_tt6&cstp=mx1024x1024&ctp=s80x80&_nc_cat=108&_nc_map=urlgen_bucketless&ccb=1-7&_nc_sid=167101&_nc_ohc=kGyLPRdUYcMQ7kNvwGgg5qC&_nc_oc=Adq_T03IxQrEp7uUMKRBERxqNLGllS0XAjCno3N-47Pt8INnZy9Fuse9XTYaa40h7LA&_nc_zt=24&_nc_ht=scontent.fsgn8-4.fna&_nc_gid=YhnOkESrgSTMR5P8A0NOgw&_nc_ss=7b2a8&oh=00_AQOJGXzMJyuTrx5dR_yxVut86fH0YbChbRZ0tKQM_hAFZw&oe=6AC6E679"
171,"Kelly Clough-Ure","https://www.facebook.com/kelly.clough.ure","https://scontent.fsgn8-4.fna.fbcdn.net/v/t39.30808-1/607779427_1905978513328191_5899841174611815431_n.jpg?stp=cp0_dst-jpg_tt6&cstp=mx2048x2048&ctp=s80x80&_nc_cat=101&_nc_map=urlgen_bucketless&ccb=1-7&_nc_sid=167101&_nc_ohc=BI3hTnals4MQ7kNvwEFv7HJ&_nc_oc=AdqiBzA12I5zNLfQ8raqaPms7p2HWuj77QZ41EYqbkuheamS5A-YEB1jiOuDGv1lK0U&_nc_zt=24&_nc_ht=scontent.fsgn8-4.fna&_nc_gid=YhnOkESrgSTMR5P8A0NOgw&_nc_ss=7b2a8&oh=00_AQMzv4SEzHLEA23WYFM0RJojcGfFw5zOWga_TCPkUpMRiw&oe=6AC6C44D"
172,"Beagle Union","https://www.facebook.com/profile.php?id=61589147986010","https://scontent.fsgn8-4.fna.fbcdn.net/v/t39.30808-1/707339995_122105498985304932_1120181564582182590_n.jpg?stp=cp0_dst-jpg_tt6&cstp=mx2048x2048&ctp=s80x80&_nc_cat=102&_nc_map=urlgen_bucketless&ccb=1-7&_nc_sid=167101&_nc_ohc=tFMIrEcuXBUQ7kNvwEQbNpQ&_nc_oc=Adr76QAXX7P5swEDFdzfQJ-YG0fpOdCt7SOj30pRNWvE7PvG4P3J6xicGBrcAO9f8Bg&_nc_zt=24&_nc_ht=scontent.fsgn8-4.fna&_nc_gid=YhnOkESrgSTMR5P8A0NOgw&_nc_ss=7b2a8&oh=00_AQMT2gr1vTALLVucOi01YNqsO0sCEnp7WM_8smcPpdaxXg&oe=6AC6D0EC"
173,"Whispering Meadows Horse Ranch","https://www.facebook.com/profile.php?id=100057412271698","https://scontent.fsgn8-4.fna.fbcdn.net/v/t39.30808-1/605195551_1378008150789581_2550347398560544814_n.jpg?stp=cp0_dst-jpg_tt6&cstp=mx960x958&ctp=s80x80&_nc_cat=102&_nc_map=urlgen_bucketless&ccb=1-7&_nc_sid=167101&_nc_ohc=d54GvBMPc98Q7kNvwGDVh8d&_nc_oc=AdrpIRWmeR5nQt8N4GCacBpgJfOCD8GqZgwGdq_LJhslEtK8MHgdnYOPc4DlinE-D0o&_nc_zt=24&_nc_ht=scontent.fsgn8-4.fna&_nc_gid=YhnOkESrgSTMR5P8A0NOgw&_nc_ss=7b2a8&oh=00_AQPdTB_mmMvVeOD-_h7_jPospf_RpheBsVJPbS3colhlbg&oe=6AC6E7D8"
174,"Home Of Jack Russell Puppies","https://www.facebook.com/profile.php?id=61594312790935","https://scontent.fsgn8-4.fna.fbcdn.net/v/t39.30808-1/831456862_122111032005477093_8134997660091188448_n.jpg?stp=cp0_dst-jpg_tt6&cstp=mx720x733&ctp=p80x80&_nc_cat=105&_nc_map=urlgen_bucketless&ccb=1-7&_nc_sid=167101&_nc_ohc=heBs334RCB0Q7kNvwHySx9r&_nc_oc=AdoeSFmcqiyntHwG_hlUyhtcS6d1bIFDpXOnWU7yCINCy9WKdaiRkYaS8HGzn5liFNo&_nc_zt=24&_nc_ht=scontent.fsgn8-4.fna&_nc_gid=PzeTV2RS-4pY5MwwLm_xuQ&_nc_ss=7b2a8&oh=00_AQOoov2xI8tcp41I0K_M5FTJ4Bgljdj5tGe06KOfeiV8dQ&oe=6AC6EF21"
175,"Boxer Lover","https://www.facebook.com/profile.php?id=61555943798282","https://scontent.fsgn8-4.fna.fbcdn.net/v/t39.30808-1/571119763_122261233988198126_1004408915800551386_n.jpg?stp=cp0_dst-jpg_tt6&cstp=mx1024x1023&ctp=s80x80&_nc_cat=106&_nc_map=urlgen_bucketless&ccb=1-7&_nc_sid=167101&_nc_ohc=0b8mxXVaIBYQ7kNvwEhujtF&_nc_oc=AdqHXBEHzifvj5vLWAtjiJRxxHPgKDtlPMRVOSfwzgFBVhOpN3BbQ4W-kUGbD7YM6qo&_nc_zt=24&_nc_ht=scontent.fsgn8-4.fna&_nc_gid=PzeTV2RS-4pY5MwwLm_xuQ&_nc_ss=7b2a8&oh=00_AQPIx7xa92E0SfldF5LHWMbTIcrU4QIpTv7dCu5RZgD8Hw&oe=6AC6F2B2"
176,"Rhonda Butler Millican","https://www.facebook.com/rhonda.millican","https://scontent.fsgn8-4.fna.fbcdn.net/v/t39.30808-1/726494390_10235038992621161_2811803491614593404_n.jpg?stp=cp0_dst-jpg_tt6&cstp=mx960x960&ctp=s80x80&_nc_cat=109&_nc_map=urlgen_bucketless&ccb=1-7&_nc_sid=167101&_nc_ohc=AexOC39vQQIQ7kNvwHgWX0n&_nc_oc=AdpR5SJnJiPjqhJMX9OoC9a5L6uVa5sjJR2u9zfxSRrt-wsxmD7IjF7NZi0Em9b1OaU&_nc_zt=24&_nc_ht=scontent.fsgn8-4.fna&_nc_gid=PzeTV2RS-4pY5MwwLm_xuQ&_nc_ss=7b2a8&oh=00_AQOKzkcvbR-x3omDqWYKdFNJ9IpLj7RhygRYvF2chK662g&oe=6AC6BD07"
177,"Deon Brown","https://www.facebook.com/deon.brown.56","https://scontent.fsgn8-4.fna.fbcdn.net/v/t39.30808-1/338186948_3115591432079270_5392335066746611526_n.jpg?stp=cp0_dst-jpg_tt6&cstp=mx958x960&ctp=s80x80&_nc_cat=106&_nc_map=urlgen_bucketless&ccb=1-7&_nc_sid=167101&_nc_ohc=-jXZom-sm4IQ7kNvwHTlpMR&_nc_oc=AdpEzTYiN6sZlnnL37l6_xVRRTQqELct0lh8xCKpE3zKHY6myJw0lQQ297Z65fc_G8I&_nc_zt=24&_nc_ht=scontent.fsgn8-4.fna&_nc_gid=PzeTV2RS-4pY5MwwLm_xuQ&_nc_ss=7b2a8&oh=00_AQM4VdAlpmrUcgVUQm2HIqEVQwlpwXktb78zbJ_AqxZfEg&oe=6AC6E06F"
178,"Tung Nguyen","https://www.facebook.com/tom.nguyen.367389","https://scontent.fsgn8-4.fna.fbcdn.net/v/t39.30808-1/618920111_798646343303641_2140284531222791334_n.jpg?stp=cp0_dst-jpg_tt6&cstp=mx2048x2048&ctp=s80x80&_nc_cat=100&_nc_map=urlgen_bucketless&ccb=1-7&_nc_sid=167101&_nc_ohc=8eE0ay8MxeUQ7kNvwHCNnAe&_nc_oc=AdqbNxPPJEKCwwGNSlQ7fRaQP-LD_dWrMocW0ypnGzfZCC3EJnva6FBFbtxkRiWJJlg&_nc_zt=24&_nc_ht=scontent.fsgn8-4.fna&_nc_gid=PzeTV2RS-4pY5MwwLm_xuQ&_nc_ss=7b2a8&oh=00_AQNMfMdA3EmBlK21Nd9zFPDxWwlXa5ykGl2Y2hfPGQY35Q&oe=6AC6C230"
179,"Hounds on the Hill Bassets","https://www.facebook.com/profile.php?id=61590884122084","https://scontent.fsgn8-4.fna.fbcdn.net/v/t39.30808-1/719012364_122094335451362804_4656228566642957958_n.jpg?stp=cp0_dst-jpg_tt6&cstp=mx2048x2047&ctp=s80x80&_nc_cat=110&_nc_map=urlgen_bucketless&ccb=1-7&_nc_sid=167101&_nc_ohc=78mNOFVU-5MQ7kNvwHzzKNQ&_nc_oc=AdqIlVKUyxXCUR9FGmzUMu2PEMfktuBTjYI7IsSrlNB3QnNR8gk261Shrm9H6lnB5ZY&_nc_zt=24&_nc_ht=scontent.fsgn8-4.fna&_nc_gid=PzeTV2RS-4pY5MwwLm_xuQ&_nc_ss=7b2a8&oh=00_AQPYei1lCjrjpWU5bGdcbtkinLXoJtQkYdwcNQTfX6kUDA&oe=6AC6D70E"
180,"Labradonimia Labradors","https://www.facebook.com/profile.php?id=61594038058849","https://scontent.fsgn8-4.fna.fbcdn.net/v/t39.30808-1/790477077_122096209137467935_3444675439441705573_n.jpg?stp=c0.0.784.784a_cp0_dst-jpg_tt6&cstp=mx784x784&ctp=s80x80&_nc_cat=107&_nc_map=urlgen_bucketless&ccb=1-7&_nc_sid=167101&_nc_ohc=UaAkmC9de5YQ7kNvwGihcJb&_nc_oc=AdqgVigptHKesWTdp6ltplIoDjaROxNlepNJiR9ocks7ZoUbadaC87iNOGHdzlp0k_g&_nc_zt=24&_nc_ht=scontent.fsgn8-4.fna&_nc_gid=PzeTV2RS-4pY5MwwLm_xuQ&_nc_ss=7b2a8&oh=00_AQOfnoDTYE71p7VKYyTgXrcGfmSOQnk3u50Ktau-4UA5-Q&oe=6AC6ECD3"
181,"Golden Alliance Kennels","https://www.facebook.com/profile.php?id=61591768907853","https://scontent.fsgn8-4.fna.fbcdn.net/v/t39.30808-1/820426843_122126450223392296_3429978603137416436_n.jpg?stp=cp6_dst-jpg_tt6&cstp=mx2048x2048&ctp=s80x80&_nc_cat=105&_nc_map=urlgen_bucketless&ccb=1-7&_nc_sid=167101&_nc_ohc=jgAPfW6b6p0Q7kNvwH9nRD0&_nc_oc=Adrw0MUBXmqZaPVXH4YsnI2UrIo5FO9iVO8qoQdPG8SmPE5eFyIluMRiHmChNpg8Sjk&_nc_zt=24&_nc_ht=scontent.fsgn8-4.fna&_nc_gid=PzeTV2RS-4pY5MwwLm_xuQ&_nc_ss=7b2a8&oh=00_AQPoDlt15eQ9ONm8zIUCVdt9rkIeyDpRwBZ89uz4MzxsWA&oe=6AC6C74A"
182,"Millie The Labrador","https://www.facebook.com/profile.php?id=61574352112952","https://scontent.fsgn8-4.fna.fbcdn.net/v/t39.30808-1/658187032_122093903354811737_8419885264296774707_n.jpg?stp=cp0_dst-jpg_tt6&cstp=mx1440x1440&ctp=s80x80&_nc_cat=103&_nc_map=urlgen_bucketless&ccb=1-7&_nc_sid=167101&_nc_ohc=VqDsPPhrDVMQ7kNvwEz51Jt&_nc_oc=Adr853mS21sE8yGzMAOweqww-v_lmOKdp7rgnKhxIkuHQcq_DksiLpJV-loThqK1J1c&_nc_zt=24&_nc_ht=scontent.fsgn8-4.fna&_nc_gid=QETPWad8REvE9b-3PoTdAQ&_nc_ss=7b2a8&oh=00_AQMie5ahjFlgL1g53srLODuaySIyNaYZEw4uf1HjuLnZDg&oe=6AC6E0A7"
183,"Jack Russell","https://www.facebook.com/profile.php?id=61591678366602","https://scontent.fsgn8-4.fna.fbcdn.net/v/t39.30808-1/749269237_2434657330362356_72842459570899292_n.jpg?stp=c320.0.768.768a_cp0_dst-jpg_tt6&cstp=mx768x768&ctp=s80x80&_nc_cat=110&_nc_map=urlgen_bucketless&ccb=1-7&_nc_sid=167101&_nc_ohc=xPUcK0S3LEwQ7kNvwF0Sm5o&_nc_oc=AdocfW1Eg-CiwzIeC5N9Rs4k_Nl2ZZ6W0gfRDrEcG5QWImxvzndIzXx5HAULBroXtow&_nc_zt=24&_nc_ht=scontent.fsgn8-4.fna&_nc_gid=QETPWad8REvE9b-3PoTdAQ&_nc_ss=7b2a8&oh=00_AQM_FBq-K0p_luTFI05o9F9omkRnY8-a_rJfBuL1GFmA7Q&oe=6AC6D460"
184,"Unleashedlove","https://www.facebook.com/profile.php?id=61591819770492","https://scontent.fsgn8-4.fna.fbcdn.net/v/t39.30808-1/743975199_122097919851393992_5110914166871733075_n.jpg?stp=c0.0.664.664a_cp0_dst-jpg_tt6&cstp=mx664x664&ctp=s80x80&_nc_cat=104&_nc_map=urlgen_bucketless&ccb=1-7&_nc_sid=167101&_nc_ohc=1v3RN2ZvPGgQ7kNvwH7fXfK&_nc_oc=AdqCRRK1-2YNowC27qZr4X6x6upaTp0qasQxgfKcJSa7H0NyHh29vtBIsm7sfbBazeA&_nc_zt=24&_nc_ht=scontent.fsgn8-4.fna&_nc_gid=QETPWad8REvE9b-3PoTdAQ&_nc_ss=7b2a8&oh=00_AQOUdcs0YrgoSDXlIX6tlJPKDPHqOG25qOCCQ-QXi7Ou8Q&oe=6AC6CEDA"
185,"Lady the Dot Dog","https://www.facebook.com/ladythedotdog","https://scontent.fsgn8-4.fna.fbcdn.net/v/t39.30808-1/784252620_27599526439743908_3099950496219197605_n.jpg?stp=c0.0.1071.1071a_cp0_dst-jpg_tt6&cstp=mx1071x1071&ctp=s80x80&_nc_cat=105&_nc_map=urlgen_bucketless&ccb=1-7&_nc_sid=167101&_nc_ohc=cRAqfxkqYn4Q7kNvwGOUJ-M&_nc_oc=Ado5WErq8wZbq00xjEXwIIgbutz4VBELZRjL0Z9skO9-DfGQ0TINcByKii19rD-ZHBU&_nc_zt=24&_nc_ht=scontent.fsgn8-4.fna&_nc_gid=QETPWad8REvE9b-3PoTdAQ&_nc_ss=7b2a8&oh=00_AQMtKLo5qSUyA7y5vnebyfm7sNO17xdfdCnUbJUFXjuyiw&oe=6AC6BECD"
186,"Patterdale Terrier Lover","https://www.facebook.com/profile.php?id=61591041004984","https://scontent.fsgn8-4.fna.fbcdn.net/v/t39.30808-1/744660873_122107045641368033_4885497783936018987_n.jpg?stp=cp0_dst-jpg_tt6&cstp=mx652x651&ctp=s80x80&_nc_cat=107&_nc_map=urlgen_bucketless&ccb=1-7&_nc_sid=167101&_nc_ohc=YkmhI_HOlTUQ7kNvwGqb_-3&_nc_oc=AdrslAXNZ2mRFkE9GEYotv3ogUfzOE2q9Ri-XSilrAf9mmwoJznAhW47OztBbGQH9X4&_nc_zt=24&_nc_ht=scontent.fsgn8-4.fna&_nc_gid=QETPWad8REvE9b-3PoTdAQ&_nc_ss=7b2a8&oh=00_AQPdcW0NURQ62ls3yATE050kupuYVmz2xiMqbbAuDTszpQ&oe=6AC6CE27"
187,"Remus the Great Dane","https://www.facebook.com/profile.php?id=61590875837857","https://scontent.fsgn8-4.fna.fbcdn.net/v/t39.30808-1/730437206_122105789787362527_5268061809100224956_n.jpg?stp=c0.0.662.662a_cp0_dst-jpg_tt6&cstp=mx662x662&ctp=s80x80&_nc_cat=105&_nc_map=urlgen_bucketless&ccb=1-7&_nc_sid=167101&_nc_ohc=OfUms4fdjnAQ7kNvwFyvsrl&_nc_oc=Ado7WU_9aM3sTQo80ek3tN3E01uiUaezclseRizNiJWN8XE-6WOARnuPGtanW5P7oDM&_nc_zt=24&_nc_ht=scontent.fsgn8-4.fna&_nc_gid=QETPWad8REvE9b-3PoTdAQ&_nc_ss=7b2a8&oh=00_AQMZ7cpReIwXZxgAOPO3rXChyHrno8bBLr9nd1s9eEZU9w&oe=6AC6E838"
188,"Dalmatian World","https://www.facebook.com/profile.php?id=61570202206742","https://scontent.fsgn8-4.fna.fbcdn.net/v/t39.30808-1/742558398_122162409632673406_8669794802781380082_n.jpg?stp=cp0_dst-jpg_tt6&cstp=mx1024x1029&ctp=s80x80&_nc_cat=106&_nc_map=urlgen_bucketless&ccb=1-7&_nc_sid=167101&_nc_ohc=6u_yAc-9KWYQ7kNvwETqTWX&_nc_oc=Adqvbvh63VSZIvjknPPXaqmd_ZbxM4rTmFaZDdHimF8KWEtk8uRsZcAoOeFYN3xumGs&_nc_zt=24&_nc_ht=scontent.fsgn8-4.fna&_nc_gid=QETPWad8REvE9b-3PoTdAQ&_nc_ss=7b2a8&oh=00_AQMttGifp3NtF-lKu7JhvfBt9oTIvdj5IvgOArM-hzxOXQ&oe=6AC6BEBD"
189,"Forever Labrador","https://www.facebook.com/profile.php?id=61582583917628","https://scontent.fsgn8-4.fna.fbcdn.net/v/t39.30808-1/640428534_122123010321086130_6727393656783278104_n.jpg?stp=cp0_dst-jpg_tt6&cstp=mx736x738&ctp=s80x80&_nc_cat=101&_nc_map=urlgen_bucketless&ccb=1-7&_nc_sid=167101&_nc_ohc=7qJ4AfZFSIQQ7kNvwHRFRIl&_nc_oc=AdojynDK9g0kO_cvb5gQEEBUtJ4UEtDUU3sMvWYikg3Kdm43rrsggxtIIqic2c3_Qrw&_nc_zt=24&_nc_ht=scontent.fsgn8-4.fna&_nc_gid=QETPWad8REvE9b-3PoTdAQ&_nc_ss=7b2a8&oh=00_AQMr7_PxPtCikWji8Psl7YJtkb52rf-r6Nr008ubERuUTA&oe=6AC6D78A"
190,"Nata.and.Sara","https://www.facebook.com/profile.php?id=61589227178271","https://scontent.fsgn8-4.fna.fbcdn.net/v/t39.30808-1/691630413_2045984092963824_7027473171621823911_n.jpg?stp=cp0_dst-jpg_tt6&cstp=mx206x206&ctp=s80x80&_nc_cat=106&_nc_map=urlgen_bucketless&ccb=1-7&_nc_sid=167101&_nc_ohc=IaEgbHs1h5IQ7kNvwHQtijs&_nc_oc=Ado4XbeY6zqC9m5qdBStbmQeNXo1Ec6QdbnItUBTK0RSKdZUV-0zXoPdDcxDcuF27ag&_nc_zt=24&_nc_ht=scontent.fsgn8-4.fna&_nc_gid=PQiTaYqxv7plP6u5dU_Jgg&_nc_ss=7b2a8&oh=00_AQPOqoPNIOtZ-PEN2tgqU2bn9r8sOTJKL0M7Tt0N-DBS8A&oe=6AC6D559"
191,"3bassetboys","https://www.facebook.com/profile.php?id=61587956417405","https://scontent.fsgn8-4.fna.fbcdn.net/v/t39.30808-1/646201324_122101561455265213_5739536694396627487_n.jpg?stp=cp0_dst-jpg_tt6&cstp=mx767x767&ctp=s80x80&_nc_cat=100&_nc_map=urlgen_bucketless&ccb=1-7&_nc_sid=167101&_nc_ohc=wFCeE-lfh8wQ7kNvwGQ_2mk&_nc_oc=AdqGubgiJhpINNHuVfrjbQU86PrbVHYOsOCEV3aS7PDmsmq9lVe0UJ19ScnoqGHZ_CE&_nc_zt=24&_nc_ht=scontent.fsgn8-4.fna&_nc_gid=PQiTaYqxv7plP6u5dU_Jgg&_nc_ss=7b2a8&oh=00_AQNkFvtx-FqKzQxD2UL4K7wpc4GayGOoxEaTGRob2YHE_g&oe=6AC6D318"
192,"Dalmatian Lover","https://www.facebook.com/profile.php?id=61590573724567","https://scontent.fsgn8-4.fna.fbcdn.net/v/t39.30808-1/719506572_122102671269352457_8968611237621230023_n.jpg?stp=c27.27.1200.1200a_cp0_dst-jpg_tt6&cstp=mx1200x1200&ctp=s80x80&_nc_cat=110&_nc_map=urlgen_bucketless&ccb=1-7&_nc_sid=167101&_nc_ohc=pO2Kv5eZmdMQ7kNvwEsSEHN&_nc_oc=AdpqAdaGNUwBrGWZfhxI-D_ImonIcUR_4g0ZcDqAO-wqjBuv0wQ5GZvkQ4FgOPi6l5g&_nc_zt=24&_nc_ht=scontent.fsgn8-4.fna&_nc_gid=PQiTaYqxv7plP6u5dU_Jgg&_nc_ss=7b2a8&oh=00_AQNS2EblOyGmotoDAdXWSDsKXD1NmOkhf7wRnp4bE67Y-Q&oe=6AC6D705"
193,"Phoebe girl the Lab","https://www.facebook.com/PhoebeGirlTheLab1","https://scontent.fsgn8-4.fna.fbcdn.net/v/t39.30808-1/793378166_122116965369318762_4035498590816003615_n.jpg?stp=cp6_dst-jpg_tt6&cstp=mx2048x2048&ctp=s80x80&_nc_cat=100&_nc_map=urlgen_bucketless&ccb=1-7&_nc_sid=167101&_nc_ohc=PWRDZ1be5N0Q7kNvwGvEhGF&_nc_oc=Adq0lNWq7yXwxPCz5f5ts-W0ye3pSNPxkxAXC1W7RR71okWMzq_qs9j-ULdWqB6qws0&_nc_zt=24&_nc_ht=scontent.fsgn8-4.fna&_nc_gid=PQiTaYqxv7plP6u5dU_Jgg&_nc_ss=7b2a8&oh=00_AQNTMk3rev6GY6pqegOCayaWPV0RUOFUyysnxDF2bmTiZw&oe=6AC6C29F"
194,"Breed puppies","https://www.facebook.com/profile.php?id=61595224610716","https://scontent.fsgn8-4.fna.fbcdn.net/v/t39.30808-1/830138842_122093320299507487_3393663861635692676_n.jpg?stp=cp0_dst-jpg_tt6&cstp=mx715x715&ctp=s80x80&_nc_cat=104&_nc_map=urlgen_bucketless&ccb=1-7&_nc_sid=167101&_nc_ohc=K4VNtilvLfIQ7kNvwEJ5cKs&_nc_oc=AdpztLV0VnXmy1-thBlLmEfeodq8zg4sKR24BHPB3-PiR7hJOBFf9-uvONwm2DP_7qE&_nc_zt=24&_nc_ht=scontent.fsgn8-4.fna&_nc_gid=PQiTaYqxv7plP6u5dU_Jgg&_nc_ss=7b2a8&oh=00_AQPq_qQyQt9RE5qvFiCfW27PmE9jXoYu9mJhGjTJ5rTCcw&oe=6AC6E6F1"
195,"Tiny Paws","https://www.facebook.com/profile.php?id=61593266067144","https://scontent.fsgn8-4.fna.fbcdn.net/v/t39.30808-1/773631515_4014303945368612_8433159353023881514_n.jpg?stp=cp0_dst-jpg_tt6&cstp=mx2048x2048&ctp=s80x80&_nc_cat=100&_nc_map=urlgen_bucketless&ccb=1-7&_nc_sid=167101&_nc_ohc=oAELOF5Rx28Q7kNvwFBVtGT&_nc_oc=Adqh83zBQmMpAh7FFVpDdVMLebC3At65nhN6_ZOKI2dVB9NcKbmamrFP_ko5_Tx93BE&_nc_zt=24&_nc_ht=scontent.fsgn8-4.fna&_nc_gid=PQiTaYqxv7plP6u5dU_Jgg&_nc_ss=7b2a8&oh=00_AQO9FifwkNO8JC13isFP8eyC4LL6APnCTs3gnBwY8L_eDw&oe=6AC6D2BF"
196,"Dachshund Days","https://www.facebook.com/profile.php?id=100075942757052","https://scontent.fsgn8-4.fna.fbcdn.net/v/t39.30808-1/259808708_101169052406919_2954289055539064691_n.jpg?stp=cp0_dst-jpg_tt6&cstp=mx576x575&ctp=s80x80&_nc_cat=104&_nc_map=urlgen_bucketless&ccb=1-7&_nc_sid=167101&_nc_ohc=Gf49R_FK8ykQ7kNvwFCDS4X&_nc_oc=AdpzluojiRYt85CmFBlwOpOLFcNc46r6-fmh-Nj42QraPtNTS2B6ogntm7NV8wK4U_4&_nc_zt=24&_nc_ht=scontent.fsgn8-4.fna&_nc_gid=PQiTaYqxv7plP6u5dU_Jgg&_nc_ss=7b2a8&oh=00_AQMcT7GYXrAjcqEXaTiQyoY8RpfaRyp3VbJhF-iJOGfyag&oe=6AC6E199"
197,"Dachshund love","https://www.facebook.com/profile.php?id=61580725138142","https://scontent.fsgn8-4.fna.fbcdn.net/v/t39.30808-1/651170625_122095231233024171_5186081992103483902_n.jpg?stp=cp0_dst-jpg_tt6&cstp=mx750x750&ctp=s80x80&_nc_cat=106&_nc_map=urlgen_bucketless&ccb=1-7&_nc_sid=167101&_nc_ohc=-mGRQUXRpcQQ7kNvwHPVNbf&_nc_oc=AdreNXjBx0NK9hs65Vg4qWy13ONxLIi0FCDu2qB6_L5IZPH51nY81OiN9AX8fPgCNFs&_nc_zt=24&_nc_ht=scontent.fsgn8-4.fna&_nc_gid=PQiTaYqxv7plP6u5dU_Jgg&_nc_ss=7b2a8&oh=00_AQMSKBVwCorp_76qup5saG2pZNlbNUkpilRqIpDrMZ_G0g&oe=6AC6D32B"
198,"K9 Jax - Retired","https://www.facebook.com/profile.php?id=100062988052529","https://scontent.fsgn8-4.fna.fbcdn.net/v/t1.6435-1/65016680_659765744491366_6828525107560841216_n.jpg?stp=cp0_dst-jpg_tt6&cstp=mx959x959&ctp=s80x80&_nc_cat=105&_nc_map=urlgen_bucketless&ccb=1-7&_nc_sid=167101&_nc_ohc=_0efiuUVT9kQ7kNvwGRKpNS&_nc_oc=Adq1px44FKqKl8s_6mmAydlwLQgyrTHH2WgihnkzJcunVgCbnA5ur3d3VUwsytQ89pg&_nc_zt=24&_nc_ht=scontent.fsgn8-4.fna&_nc_gid=KawX81zmDAPuEl_QuQZnbA&_nc_ss=7b2a8&oh=00_AQPFS1vq89XbtgTt0Q5xMycbUwjJJH9O8sSbMXCdcRep_A&oe=6AE88BA6"
199,"German Shorthaired Pointer","https://www.facebook.com/profile.php?id=61594042257661","https://scontent.fsgn8-4.fna.fbcdn.net/v/t39.30808-1/789617968_122095666215468075_8966525306704535490_n.jpg?stp=cp0_dst-jpg_tt6&cstp=mx1113x1116&ctp=s80x80&_nc_cat=100&_nc_map=urlgen_bucketless&ccb=1-7&_nc_sid=167101&_nc_ohc=cZjBdnBiMRoQ7kNvwEHibeE&_nc_oc=AdrB8OB_AJV3OrWkktYUvByrXIJCshq-6nVsT2hR460k0giwvAD_WBtsvIEz4b7pnOQ&_nc_zt=24&_nc_ht=scontent.fsgn8-4.fna&_nc_gid=KawX81zmDAPuEl_QuQZnbA&_nc_ss=7b2a8&oh=00_AQNqVaOvUGVUpiHdzsVLGvAMGTDcUeXJ6j9zK6e6qTRsng&oe=6AC6D18D"
200,"Von Haus Moon Rottweiler Kennel","https://www.facebook.com/von.haus.moon","https://scontent.fsgn8-4.fna.fbcdn.net/v/t39.30808-1/766890168_1038950428888547_5417004000130221779_n.jpg?stp=cp0_dst-jpg_tt6&cstp=mx1141x1141&ctp=s80x80&_nc_cat=109&_nc_map=urlgen_bucketless&ccb=1-7&_nc_sid=167101&_nc_ohc=S_ljb9YEGy8Q7kNvwEGaUZG&_nc_oc=Ados5nWK5EyLmOwui_H_0pFtjGO8Rnu3FA-KYN5oP_LA9ZDnCzIj_wGrORJfNMM4xPg&_nc_zt=24&_nc_ht=scontent.fsgn8-4.fna&_nc_gid=KawX81zmDAPuEl_QuQZnbA&_nc_ss=7b2a8&oh=00_AQMOMkbSRLucqwvl-WOAS1Ik5Nyq3t4HcejFOb1EDeq1qA&oe=6AC6DC7D"
201,"B-Hive Bulldogs","https://www.facebook.com/bhivebulldogs","https://scontent.fsgn8-4.fna.fbcdn.net/v/t39.30808-1/769317989_1702047594419579_3850571583909919585_n.jpg?stp=c67.0.1407.1407a_cp0_dst-jpg_tt6&cstp=mx1407x1407&ctp=s80x80&_nc_cat=111&_nc_map=urlgen_bucketless&ccb=1-7&_nc_sid=167101&_nc_ohc=cYCFFIVLG-YQ7kNvwEr4Jjp&_nc_oc=Adqus8KXFnfdfinHg0w6gFUuKKztZZKSTKtN0vzVpiHu9_CKVNzPxTsgg-o1onrNtt8&_nc_zt=24&_nc_ht=scontent.fsgn8-4.fna&_nc_gid=KawX81zmDAPuEl_QuQZnbA&_nc_ss=7b2a8&oh=00_AQPDtmolu1PUbPsdSUvSXHyZCMcrKcOBY7XKF6tGzSkOIg&oe=6AC6E7E6"
202,"Myla The Mini Sausage","https://www.facebook.com/profile.php?id=61555523965661","https://scontent.fsgn8-4.fna.fbcdn.net/v/t39.30808-1/464714390_122181585410184132_5997520836405110231_n.jpg?stp=cp0_dst-jpg_tt6&cstp=mx960x960&ctp=s80x80&_nc_cat=106&_nc_map=urlgen_bucketless&ccb=1-7&_nc_sid=167101&_nc_ohc=yORVpAcNAQwQ7kNvwE54MZu&_nc_oc=AdqQg3gksIMaTLafY9zf3F4CpsQtFloXvXIWS3TuTH4RjQHuqym1-Z2hS0skVwuEUE8&_nc_zt=24&_nc_ht=scontent.fsgn8-4.fna&_nc_gid=KawX81zmDAPuEl_QuQZnbA&_nc_ss=7b2a8&oh=00_AQNXivxg5Xdzlh9wXUgFwhrd3cEJifbu3U2SHqolTgvxQQ&oe=6AC6E567"
203,"Belgian Tervuren Lovers","https://www.facebook.com/profile.php?id=61594950902504","https://scontent.fsgn8-4.fna.fbcdn.net/v/t39.30808-1/833334001_122098039149498363_2073450637494769608_n.jpg?stp=c126.0.442.442a_cp0_dst-jpg_tt6&cstp=mx442x442&ctp=s80x80&_nc_cat=100&_nc_map=urlgen_bucketless&ccb=1-7&_nc_sid=167101&_nc_ohc=0mbXLElJx8MQ7kNvwE0HKv3&_nc_oc=AdptjSv7-xrEiaMFYZgOT1UVeIEaK_7kNRR7yUi4wYWDTqfkBqoN6MWLqVM2jEbZ0WI&_nc_zt=24&_nc_ht=scontent.fsgn8-4.fna&_nc_gid=KawX81zmDAPuEl_QuQZnbA&_nc_ss=7b2a8&oh=00_AQMq13xutXYs2xvlkPi3zC3vWRt4nfXmc_wXbK-IXZTkoQ&oe=6AC6C9E2"
204,"Chance And Shadow","https://www.facebook.com/profile.php?id=61558972312159","https://scontent.fsgn8-4.fna.fbcdn.net/v/t39.30808-1/715346919_122113467380299077_5238772804312705853_n.jpg?stp=c0.58.768.768a_cp0_dst-jpg_tt6&cstp=mx768x768&ctp=s80x80&_nc_cat=107&_nc_map=urlgen_bucketless&ccb=1-7&_nc_sid=167101&_nc_ohc=vB5KUl_oFugQ7kNvwGIeHM0&_nc_oc=AdqXlj-7_FG2sDnbnC5XSimDkmxSuArkRZLjk3hTHLU6A_MQc6Oqm_oFtKs7e_IyjyU&_nc_zt=24&_nc_ht=scontent.fsgn8-4.fna&_nc_gid=KawX81zmDAPuEl_QuQZnbA&_nc_ss=7b2a8&oh=00_AQM8o_nz8ZFw_QYOkx6ZVo86OvUm9c3pDI0RE3MiYLuPvw&oe=6AC6DB2E"
205,"Furry Sofa Stories","https://www.facebook.com/profile.php?id=61593451214466","https://scontent.fsgn8-4.fna.fbcdn.net/v/t39.30808-1/785465592_122107700949439668_2194166871833498641_n.jpg?stp=cp0_dst-jpg_tt6&cstp=mx1254x1254&ctp=s80x80&_nc_cat=103&_nc_map=urlgen_bucketless&ccb=1-7&_nc_sid=167101&_nc_ohc=VHb4gnBDvXAQ7kNvwEc9Hkp&_nc_oc=AdpCcjrPxZpM2Gbpr4AOkUuIKi0a9i8g9jQ6YwE2iuh9rnkEhZyj-UyapV6k6p7f36M&_nc_zt=24&_nc_ht=scontent.fsgn8-4.fna&_nc_gid=KawX81zmDAPuEl_QuQZnbA&_nc_ss=7b2a8&oh=00_AQN2vLJO6nGFFsYKuQtnz7jTRx8VCkvUN1VLE4A4B0QJSg&oe=6AC6C300"
206,"Kelsey Baker","https://www.facebook.com/kelsey.baker.33","https://scontent.fsgn8-4.fna.fbcdn.net/v/t39.30808-1/719623806_4398656563682918_802381724966559967_n.jpg?stp=cp6_dst-jpg_tt6&cstp=mx2048x2048&ctp=s80x80&_nc_cat=104&_nc_map=urlgen_bucketless&ccb=1-7&_nc_sid=167101&_nc_ohc=DviC8kwpBd4Q7kNvwF27Fz9&_nc_oc=AdponIKALGGQE_f88Kzi_PM4alaASpKfEbN8i9BH3uQXc1JvgJ9h2bQTSC1ZA2YrP64&_nc_zt=24&_nc_ht=scontent.fsgn8-4.fna&_nc_gid=fUXqDHq6WetpgQXawFu0XA&_nc_ss=7b2a8&oh=00_AQNhByIT0mY4v3bd1cLFZyHn9CrlP-5FcO6zrougCqhrnA&oe=6AC6BC7C"
207,"Marcy Cindikci","https://www.facebook.com/profile.php?id=61594444949429","https://scontent.fsgn8-4.fna.fbcdn.net/v/t39.30808-1/825292181_122099339979481498_1799468488425600295_n.jpg?stp=cp0_dst-jpg_tt6&cstp=mx1080x1080&ctp=s80x80&_nc_cat=109&_nc_map=urlgen_bucketless&ccb=1-7&_nc_sid=167101&_nc_ohc=vtmTad_0R5QQ7kNvwFnr9w0&_nc_oc=AdoJ7nYm_iipQL6-lHiRX6q9IkWhK_zpO6WtyK_3Gpgnw8790ribeb2cZ7H09keOU_I&_nc_zt=24&_nc_ht=scontent.fsgn8-4.fna&_nc_gid=fUXqDHq6WetpgQXawFu0XA&_nc_ss=7b2a8&oh=00_AQPG1xjR2rJxXxQsW9VCop_33uTkVv4kPVtgsJpuF_WMrA&oe=6AC6D095"
208,"Tibetan Mastiff Heaven","https://www.facebook.com/profile.php?id=61594674479430","https://scontent.fsgn8-4.fna.fbcdn.net/v/t39.30808-1/807830368_122303949842071916_8432217998519992607_n.jpg?stp=cp0_dst-jpg_tt6&cstp=mx1254x1254&ctp=s80x80&_nc_cat=104&_nc_map=urlgen_bucketless&ccb=1-7&_nc_sid=167101&_nc_ohc=tkkLWwcJgIQQ7kNvwEDGk-c&_nc_oc=AdpT4lKuXJKLGrJ10qWGsq5-MDAz-iii4XhSzB9RJo3llMjjxOPyNEwxZtYSjNbrcc8&_nc_zt=24&_nc_ht=scontent.fsgn8-4.fna&_nc_gid=fUXqDHq6WetpgQXawFu0XA&_nc_ss=7b2a8&oh=00_AQO4Uz-1rQCI5iLhugttMtUNZlpYJTANHVr_DCUmj6y3BA&oe=6AC6BEAD"
209,"Staffordshire bull terrier world","https://www.facebook.com/profile.php?id=61588792820681","https://scontent.fsgn8-4.fna.fbcdn.net/v/t39.30808-1/805937217_122121620949293094_6215954524861296887_n.jpg?stp=cp0_dst-jpg_tt6&cstp=mx1254x1254&ctp=s80x80&_nc_cat=104&_nc_map=urlgen_bucketless&ccb=1-7&_nc_sid=167101&_nc_ohc=OCbprUp52MQQ7kNvwGQdU6p&_nc_oc=AdrqGK3JNUoCYqjJ6y9c3qNdKjsi98JH2euH5wYn4FpRlNeqYux-KlCvtxF2h1GFOZU&_nc_zt=24&_nc_ht=scontent.fsgn8-4.fna&_nc_gid=fUXqDHq6WetpgQXawFu0XA&_nc_ss=7b2a8&oh=00_AQM8erx4Z6ENADwFrW3VdJ6Jo_iQDey2WzFOB1_hCXe2Cw&oe=6AC6C2E2"
210,"Dogos Alemanes Delmadog","https://www.facebook.com/dogosalemanes.delmadog.9","https://scontent.fsgn8-4.fna.fbcdn.net/v/t39.30808-1/825267910_1616422183451325_3790462073541300799_n.jpg?stp=cp0_dst-jpg_tt6&cstp=mx1605x1582&ctp=p80x80&_nc_cat=110&_nc_map=urlgen_bucketless&ccb=1-7&_nc_sid=167101&_nc_ohc=DOKClP-3dYUQ7kNvwEKCNYZ&_nc_oc=AdqSgbCZ3l05AbxUi6UcoUEYZp5SVJ96dDAMJk2AOKsO1Djpr7Xn0mMs7u1M4n8NrLU&_nc_zt=24&_nc_ht=scontent.fsgn8-4.fna&_nc_gid=fUXqDHq6WetpgQXawFu0XA&_nc_ss=7b2a8&oh=00_AQOj91agrr8ILDEoDgYGrTuYLCKKwLqdBB0JltKE9PsOAQ&oe=6AC6DE23"
211,"FrenchieGiorgia","https://www.facebook.com/profile.php?id=100041857255193","https://scontent.fsgn8-4.fna.fbcdn.net/v/t39.30808-1/707436528_1746798613392030_1765355391726306596_n.avif?stp=cp0_dst-avif&cstp=mx720x720&ctp=s80x80&_nc_cat=1&ccb=1-7&_nc_sid=167101&_nc_ohc=OzTQpjPOdGsQ7kNvwGhMbn_&_nc_oc=AdouUI0x4_7CHT6nhmuEu4LW0sXYnhVnuStq8C_iheQ6KJjA6gYO-f7-18vebk4He4A&_nc_zt=24&_nc_ht=scontent.fsgn8-4.fna&_nc_gid=fUXqDHq6WetpgQXawFu0XA&_nc_ss=7b2a8&oh=00_AQP_LScdIL3iRKtKFZtwB-DLxshxcK7T8A3qKpXYZGER2Q&oe=6AC6DBB0"
212,"Gigi Hoggard","https://www.facebook.com/gigi.hoggard","https://scontent.fsgn8-4.fna.fbcdn.net/v/t39.30808-1/769222740_27747397031593033_5329684174305827554_n.jpg?stp=cp6_dst-jpg_tt6&cstp=mx2048x2048&ctp=s80x80&_nc_cat=105&_nc_map=urlgen_bucketless&ccb=1-7&_nc_sid=167101&_nc_ohc=Wbne_S0nmncQ7kNvwHD7X-Q&_nc_oc=Adp3UZmFxHnOL2HsyqlR54kTmdyNgY9Q3MfNE2xZkrwoexUaz0ABrDnYoacQPTEsSXc&_nc_zt=24&_nc_ht=scontent.fsgn8-4.fna&_nc_gid=fUXqDHq6WetpgQXawFu0XA&_nc_ss=7b2a8&oh=00_AQOAx5VTH9d-ICXSKIGABc35-D9NV9u3tOXJIdqqqe-T_w&oe=6AC6BEFA"
213,"Over and Under Farms","https://www.facebook.com/profile.php?id=100042938839931","https://scontent.fsgn8-4.fna.fbcdn.net/v/t39.30808-1/277566840_655952819179340_2987606253759815873_n.jpg?stp=cp0_dst-jpg_tt6&cstp=mx1289x1289&ctp=s80x80&_nc_cat=100&_nc_map=urlgen_bucketless&ccb=1-7&_nc_sid=167101&_nc_ohc=7D938FGhDfoQ7kNvwH8pybD&_nc_oc=AdrD0Q03iQxNWRlUWVseoRZJTA1Aed_LXHkt0sCNclsOzSrLarN_sdZk59BUMla-ugA&_nc_zt=24&_nc_ht=scontent.fsgn8-4.fna&_nc_gid=fUXqDHq6WetpgQXawFu0XA&_nc_ss=7b2a8&oh=00_AQNoWuX4HhPcUVBrYCL3ziGe65TPerWdmT2EJ5CelqlBDA&oe=6AC6DE79"
214,"Whippet Lovers","https://www.facebook.com/profile.php?id=61576679997079","https://scontent.fsgn8-4.fna.fbcdn.net/v/t39.30808-1/561772045_122142327026889333_3829650782663366351_n.jpg?stp=cp0_dst-jpg_tt6&cstp=mx1015x1000&ctp=p80x80&_nc_cat=107&_nc_map=urlgen_bucketless&ccb=1-7&_nc_sid=167101&_nc_ohc=8EqfgMK0lH8Q7kNvwGMI-ju&_nc_oc=AdrSqmEFwDPwjdbtqXuXZVqhTjFtlswk2M9XvxhQXfqGr1X9f5g0qNX-OE8R-_t_HIQ&_nc_zt=24&_nc_ht=scontent.fsgn8-4.fna&_nc_gid=SSCR1wnvLVUI4TIais0rKg&_nc_ss=7b2a8&oh=00_AQPj74GZMVrhN-bol3hwR2VLjmLvtL2AJKDv61MO1n0utQ&oe=6AC6E3CE"
215,"Heyd's Mini Dachshunds","https://www.facebook.com/heydsminidachshunds","https://scontent.fsgn8-4.fna.fbcdn.net/v/t39.30808-1/426454175_796535009157748_2961623968999047031_n.jpg?stp=cp0_dst-jpg_tt6&cstp=mx960x960&ctp=s80x80&_nc_cat=103&_nc_map=urlgen_bucketless&ccb=1-7&_nc_sid=167101&_nc_ohc=DrroiVB3_oYQ7kNvwE7M8YK&_nc_oc=AdrnFJLUgdMTJQmoGqNckGpnDqvun6EdWY8qyIWoev6A4tW4AHf691mR7A7LXrS9Mq8&_nc_zt=24&_nc_ht=scontent.fsgn8-4.fna&_nc_gid=SSCR1wnvLVUI4TIais0rKg&_nc_ss=7b2a8&oh=00_AQPtKn9a7ox3xiERaqy8FNIgNxqSsxPqLWcEhuj_h5HDOA&oe=6AC6E121"
216,"Paws Patrol VIP 121 Dog Training","https://www.facebook.com/profile.php?id=61571292974030","https://scontent.fsgn8-4.fna.fbcdn.net/v/t39.30808-1/472756146_122107225160709765_6523127640309015009_n.jpg?stp=cp0_dst-jpg_tt6&cstp=mx500x500&ctp=s80x80&_nc_cat=105&_nc_map=urlgen_bucketless&ccb=1-7&_nc_sid=167101&_nc_ohc=ALi4IASmFaMQ7kNvwE1xlz4&_nc_oc=AdqRMKP8yJF0n2ItUa-uHEB9Q6Jn3HHrzLPg2EW2M6WmGsGDy8AIVFK-aaMgniZop-M&_nc_zt=24&_nc_ht=scontent.fsgn8-4.fna&_nc_gid=SSCR1wnvLVUI4TIais0rKg&_nc_ss=7b2a8&oh=00_AQONOTff7Ifd623jijBGkoPHZYDwPC5P2bCIgckrv2iYfw&oe=6AC6DBF4"
217,"Staffordshire bull terrier Lovers","https://www.facebook.com/profile.php?id=61575512835618","https://scontent.fsgn8-4.fna.fbcdn.net/v/t39.30808-1/494697603_122104988036850427_6116246186884758301_n.jpg?stp=cp0_dst-jpg_tt6&cstp=mx819x822&ctp=s80x80&_nc_cat=107&_nc_map=urlgen_bucketless&ccb=1-7&_nc_sid=167101&_nc_ohc=9a3XDZwvL6cQ7kNvwE5Tjxb&_nc_oc=AdpgG_wMKa1Srj6XbkGUocL1urfzVz45wh-uXBe3yF8HPcuwp4BsDk70Wf_CUcs6GQ0&_nc_zt=24&_nc_ht=scontent.fsgn8-4.fna&_nc_gid=SSCR1wnvLVUI4TIais0rKg&_nc_ss=7b2a8&oh=00_AQOmWb4MlfbO-fIXKSy6BUB3qF0d24XFa7VwcmGDxotJsg&oe=6AC6CD20"
218,"Agnieszka Sroczynska Margarejro","https://www.facebook.com/margarejrofci","https://scontent.fsgn8-4.fna.fbcdn.net/v/t39.30808-1/700397313_10238618362131310_5490299325062980392_n.jpg?stp=c4.0.386.386a_cp0_dst-jpg_tt6&cstp=mx386x386&ctp=s80x80&_nc_cat=103&_nc_map=urlgen_bucketless&ccb=1-7&_nc_sid=167101&_nc_ohc=5IVuJNgyE4MQ7kNvwF1JK5j&_nc_oc=AdpMgDOgkjRbMMuS1XQVYf0CzkADLoXRY_Y30dJOcrp_0hKqV6BzGsIq6qd2PJY2HSI&_nc_zt=24&_nc_ht=scontent.fsgn8-4.fna&_nc_gid=SSCR1wnvLVUI4TIais0rKg&_nc_ss=7b2a8&oh=00_AQOu9EXZXnEGWRJ7xSWG48ZNVRQeqXGCP8q9VO-oxEQjlw&oe=6AC6EC6D"
219,"Елена Свод.","https://www.facebook.com/profile.php?id=100093664833180","https://scontent.fsgn8-4.fna.fbcdn.net/v/t39.30808-1/557660368_696236073508548_3205447355067447926_n.jpg?stp=c0.0.881.881a_cp0_dst-jpg_tt6&cstp=mx881x881&ctp=s80x80&_nc_cat=110&_nc_map=urlgen_bucketless&ccb=1-7&_nc_sid=167101&_nc_ohc=Z0TMv75OgZ0Q7kNvwHd77Si&_nc_oc=Adr3Aa-OxXaOQm_lBODdsVVo8q2nJTDM67O63Eblb2bAN6KFqQotfrfNbTumjLXIPEk&_nc_zt=24&_nc_ht=scontent.fsgn8-4.fna&_nc_gid=SSCR1wnvLVUI4TIais0rKg&_nc_ss=7b2a8&oh=00_AQPq168CXO-GpBsLBjBTWs8U4CFxg0QlCK5MZH_TYuNvqw&oe=6AC6C8BF"
220,"Beagle lovers & Owners","https://www.facebook.com/usabeaglelover","https://scontent.fsgn8-4.fna.fbcdn.net/v/t39.30808-1/311572740_181240931091150_5343857396870952561_n.jpg?stp=cp0_dst-jpg_tt6&cstp=mx2048x2048&ctp=s80x80&_nc_cat=108&_nc_map=urlgen_bucketless&ccb=1-7&_nc_sid=167101&_nc_ohc=voc-Y2TzJfQQ7kNvwGm5oKS&_nc_oc=AdqPpLiu_XV6L-r1Tv1GU7kXjL5JVVT_dKP--r1oabU0LNLs5qmpuUEtWWvEiDFBUYM&_nc_zt=24&_nc_ht=scontent.fsgn8-4.fna&_nc_gid=SSCR1wnvLVUI4TIais0rKg&_nc_ss=7b2a8&oh=00_AQPwpJrtNPo5-87Dcp1PonxJymK8wRcEIetUhgOCIgzABg&oe=6AC6C012"
221,"P6 Great Danes","https://www.facebook.com/profile.php?id=61559968343371","https://scontent.fsgn8-4.fna.fbcdn.net/v/t39.30808-1/443714216_122094542666332278_5719917011014704495_n.jpg?stp=cp6_dst-jpg_tt6&cstp=mx2048x2048&ctp=s80x80&_nc_cat=111&_nc_map=urlgen_bucketless&ccb=1-7&_nc_sid=167101&_nc_ohc=s9a07CqMOdIQ7kNvwHNPszQ&_nc_oc=Adq0j-gNanQz8Xl1VQcdsCqi8g8t_QdANLXmVikRIso_RfNJWSrUTc2122x6EtR53s4&_nc_zt=24&_nc_ht=scontent.fsgn8-4.fna&_nc_gid=SSCR1wnvLVUI4TIais0rKg&_nc_ss=7b2a8&oh=00_AQO0Q6Pvs5oGRcuTi2AJfIq4b7-GV_gigJi_7OnMdeJplQ&oe=6AC6E090"
222,"Judith Ambrose","https://www.facebook.com/profile.php?id=61591399255036","https://scontent.fsgn8-4.fna.fbcdn.net/v/t39.30808-1/731105173_122094251169379975_5732593252791502125_n.jpg?stp=cp0_dst-jpg_tt6&cstp=mx1024x1024&ctp=s80x80&_nc_cat=101&_nc_map=urlgen_bucketless&ccb=1-7&_nc_sid=167101&_nc_ohc=rr6xAqiNN_8Q7kNvwFVquAC&_nc_oc=Adp3imE0jkXVsAod5SuftMi5wxy5K7_C7MBquZoX2oaiIDu35L0vvF7H5On8fvPoorI&_nc_zt=24&_nc_ht=scontent.fsgn8-4.fna&_nc_gid=jwBLzyNMkhGKHKCEOvalbA&_nc_ss=7b2a8&oh=00_AQN4QzRmvjuZFPRVQvIt-9aHjbkrlBGhTYweOoqmaf3gBA&oe=6AC6CFB9"
223,"Vizsla Life","https://www.facebook.com/profile.php?id=61593904273777","https://scontent.fsgn8-4.fna.fbcdn.net/v/t39.30808-1/790626194_122105889747463475_810693188408793635_n.jpg?stp=cp0_dst-jpg_tt6&cstp=mx1216x1204&ctp=s80x80&_nc_cat=103&_nc_map=urlgen_bucketless&ccb=1-7&_nc_sid=167101&_nc_ohc=-7X0SSuFZkMQ7kNvwGjadct&_nc_oc=AdqM-3GDTnINIi4MgnzLBWzLZ_pTHiM47dNJzzfTPOn3Gr21lfPobQTvDjDOczsRfIM&_nc_zt=24&_nc_ht=scontent.fsgn8-4.fna&_nc_gid=jwBLzyNMkhGKHKCEOvalbA&_nc_ss=7b2a8&oh=00_AQNZn4dqf9_uFHHvRZg0iRGczvp8vyzFBwJzs2B1sm8ZJg&oe=6AC6D018"
224,"Weimaraner Fan's Club","https://www.facebook.com/profile.php?id=61554015582957","https://scontent.fsgn8-4.fna.fbcdn.net/v/t39.30808-1/511157015_122217962942133852_8556392321155269906_n.jpg?stp=cp0_dst-jpg_tt6&cstp=mx1024x1030&ctp=s80x80&_nc_cat=102&_nc_map=urlgen_bucketless&ccb=1-7&_nc_sid=167101&_nc_ohc=-8d33M8hiZkQ7kNvwH0eKbs&_nc_oc=AdrciPLBPUwauSIjMSj1c3BMHEakXw-NuTB0jS9IrKdXGq4Sf6V6poYlauPeXONjokA&_nc_zt=24&_nc_ht=scontent.fsgn8-4.fna&_nc_gid=jwBLzyNMkhGKHKCEOvalbA&_nc_ss=7b2a8&oh=00_AQPNFTQUZXlD8JIQz4INVHcGO-KzsIs9n0q80e9At00A4Q&oe=6AC6C182"
225,"Paw Chang","https://www.facebook.com/profile.php?id=100026431639141","https://scontent.fsgn8-4.fna.fbcdn.net/v/t39.30808-1/675231700_1992249588332743_8410825339389191997_n.jpg?stp=cp0_dst-jpg_tt6&cstp=mx1024x1024&ctp=s80x80&_nc_cat=100&_nc_map=urlgen_bucketless&ccb=1-7&_nc_sid=167101&_nc_ohc=rblDYcAX_FYQ7kNvwEnO-sW&_nc_oc=AdpLt2VgzBPL0wLYYP-xQTAZXQiGFppC0fzjZ-MSWY7OjkEKNOGCevtBYwXnz7ELvJo&_nc_zt=24&_nc_ht=scontent.fsgn8-4.fna&_nc_gid=jwBLzyNMkhGKHKCEOvalbA&_nc_ss=7b2a8&oh=00_AQNZ-f9pT4PKQW98uSMcDbpR28c_wY_aoRwe5vt50ppG-w&oe=6AC6F2A9"
226,"The Bark Canvas","https://www.facebook.com/profile.php?id=61593763951121","https://scontent.fsgn8-4.fna.fbcdn.net/v/t39.30808-1/780648669_122096315043458798_326985275872382508_n.jpg?stp=cp0_dst-jpg_tt6&cstp=mx1254x1254&ctp=s80x80&_nc_cat=101&_nc_map=urlgen_bucketless&ccb=1-7&_nc_sid=167101&_nc_ohc=VFL81pYVj10Q7kNvwG7V2vN&_nc_oc=AdpxZemtfOYlQ5_rdbS_XHttxLvCSoIyAvaXDX5RZqHeFLnswc1xt21qrPptovsZsDo&_nc_zt=24&_nc_ht=scontent.fsgn8-4.fna&_nc_gid=jwBLzyNMkhGKHKCEOvalbA&_nc_ss=7b2a8&oh=00_AQOih5BCmtSf2Badxc041NJ14MFJuUhqYmMJaMDJ6weLbA&oe=6AC6BEA2"
227,"Chat Al","https://www.facebook.com/profile.php?id=61593735151605","https://scontent.fsgn8-4.fna.fbcdn.net/v/t39.30808-1/795485734_122111777781457838_6128623547593786977_n.jpg?stp=cp0_dst-jpg_tt6&cstp=mx720x720&ctp=s80x80&_nc_cat=106&_nc_map=urlgen_bucketless&ccb=1-7&_nc_sid=167101&_nc_ohc=c5Q7cfPY6L0Q7kNvwEDy4tm&_nc_oc=AdrecHdSDOyZ3R6HpSnRXy8E8ENZvF4UC45IwcWIQMpUUmExI0cIacWcUjwha_sks_E&_nc_zt=24&_nc_ht=scontent.fsgn8-4.fna&_nc_gid=jwBLzyNMkhGKHKCEOvalbA&_nc_ss=7b2a8&oh=00_AQMatTKQXHC3gHHnem1w3ojyLfg2Io0JpYjk1b2MKI7OTA&oe=6AC6C4AF"
228,"Boykin spaniel world","https://www.facebook.com/profile.php?id=61591035800656","https://scontent.fsgn8-4.fna.fbcdn.net/v/t39.30808-1/719659898_122110432701350454_7142567609202120920_n.jpg?stp=cp0_dst-jpg_tt6&cstp=mx1034x1024&ctp=p80x80&_nc_cat=106&_nc_map=urlgen_bucketless&ccb=1-7&_nc_sid=167101&_nc_ohc=tDOMFPlLBTkQ7kNvwGLnF8-&_nc_oc=Adqkl-TOePLDAMMXqX8mDQdZHPEYC3MieYuNDCHhVPfQxpChgIJAk0e3FU4p0enG2mE&_nc_zt=24&_nc_ht=scontent.fsgn8-4.fna&_nc_gid=jwBLzyNMkhGKHKCEOvalbA&_nc_ss=7b2a8&oh=00_AQNeXSKodeI4dSDrxZOsbuMYNwasjBdnBYSIOA0-ZHra-Q&oe=6AC6E0D7"
229,"肖枭","https://www.facebook.com/xiao.xiao.630825","https://scontent.fsgn8-4.fna.fbcdn.net/v/t39.30808-1/830569090_1395003762793001_9189989617994227544_n.jpg?stp=cp0_dst-jpg_tt6&cstp=mx768x768&ctp=s80x80&_nc_cat=107&_nc_map=urlgen_bucketless&ccb=1-7&_nc_sid=167101&_nc_ohc=TOI7FavdOvwQ7kNvwH7gfwh&_nc_oc=AdoLEvKh8kAAouKPcyKQA-3pcwQIR1lrXAQ4XFxDb3OOmDGO2TiJe1HE4A9uOyW2ujg&_nc_zt=24&_nc_ht=scontent.fsgn8-4.fna&_nc_gid=jwBLzyNMkhGKHKCEOvalbA&_nc_ss=7b2a8&oh=00_AQMiJM7G7y_vfrzJivzmwpKwAwb21iExY1rJY4rUttiUTg&oe=6AC6CAC1"
230,"Gambel's Goldens","https://www.facebook.com/gambelsgoldens","https://scontent.fsgn8-4.fna.fbcdn.net/v/t39.30808-1/420044496_405780098457334_5364298849667547704_n.jpg?stp=cp0_dst-jpg_tt6&cstp=mx954x954&ctp=s80x80&_nc_cat=105&_nc_map=urlgen_bucketless&ccb=1-7&_nc_sid=167101&_nc_ohc=xqZ0I-WUv4MQ7kNvwEBtDIL&_nc_oc=Adp_fQMx8UUXAtRL5P3HdlZPe4DLYXQgQ0KBxuEQgZHXqcoKN4JoDCkhgFTCM3iS7U4&_nc_zt=24&_nc_ht=scontent.fsgn8-4.fna&_nc_gid=Smo2y3fzcQQOITjqW3Yn3w&_nc_ss=7b2a8&oh=00_AQMswzky_GMLIMd1JzIcOjSFiw1S6nOjBxqxNQtiLkNCig&oe=6AC6DEF5"
231,"River & Banks • Golden Retrievers","https://www.facebook.com/riverandbanks","https://scontent.fsgn8-4.fna.fbcdn.net/v/t39.30808-1/643872992_122185900580584297_7708745231991445351_n.jpg?stp=c0.0.720.720a_cp0_dst-jpg_tt6&cstp=mx720x720&ctp=s80x80&_nc_cat=104&_nc_map=urlgen_bucketless&ccb=1-7&_nc_sid=167101&_nc_ohc=rhG-YWM3WCIQ7kNvwH_g6VJ&_nc_oc=AdpBg2gh0kMZMHVU1rs57fmAAADlSZPQmrP1rPo0VgaeMVTx7v0SmOvpD9Ks6khkk0g&_nc_zt=24&_nc_ht=scontent.fsgn8-4.fna&_nc_gid=Smo2y3fzcQQOITjqW3Yn3w&_nc_ss=7b2a8&oh=00_AQN1dHCYcQfyoK8JPuTAIBP-4eclP9kZkrDi0qBYE49Caw&oe=6AC6C045"
232,"Pittie Love","https://www.facebook.com/profile.php?id=61594149897348","https://scontent.fsgn8-4.fna.fbcdn.net/v/t39.30808-1/795133843_1588863566017411_309234661475982477_n.jpg?stp=cp0_dst-jpg_tt6&cstp=mx1254x1254&ctp=s80x80&_nc_cat=105&_nc_map=urlgen_bucketless&ccb=1-7&_nc_sid=167101&_nc_ohc=L6iIJ0scZf8Q7kNvwE4K7w2&_nc_oc=AdrfrMcSoRHjpJL7ggL-30vJg5dhiIFwvh0M0CzawCB-YmzS0-MDqWrmI24zl6_cjAw&_nc_zt=24&_nc_ht=scontent.fsgn8-4.fna&_nc_gid=Smo2y3fzcQQOITjqW3Yn3w&_nc_ss=7b2a8&oh=00_AQMXWxmd6QKcvyBlK-tNV-Y4dRYObVjhlUxeP7AAA60v-Q&oe=6AC6E272"
233,"Rottweiler Love'r","https://www.facebook.com/rottweilerlovers2.0","https://scontent.fsgn8-4.fna.fbcdn.net/v/t39.30808-1/434086425_122112045590239812_2421138693220769099_n.jpg?stp=cp0_dst-jpg_tt6&cstp=mx512x512&ctp=s80x80&_nc_cat=106&_nc_map=urlgen_bucketless&ccb=1-7&_nc_sid=167101&_nc_ohc=5QtaFZKrcUUQ7kNvwH-Strb&_nc_oc=Adr3-hwZhUU-vODTZpe_qeIdtI4gyfvBxJtn5ri93GToHv4xn4fg7bMz7GxqXZBbkyg&_nc_zt=24&_nc_ht=scontent.fsgn8-4.fna&_nc_gid=Smo2y3fzcQQOITjqW3Yn3w&_nc_ss=7b2a8&oh=00_AQOCcejBXo1U__HkUBWUJwVgsVDW58lE9k5eGp54iimgng&oe=6AC6BD4C"
234,"Frenchbull cutie","https://www.facebook.com/profile.php?id=61589082736818","https://scontent.fsgn8-4.fna.fbcdn.net/v/t39.30808-1/753164112_122112355395302757_5023100146546625130_n.jpg?stp=cp6_dst-jpg_tt6&cstp=mx1080x1080&ctp=s80x80&_nc_cat=101&_nc_map=urlgen_bucketless&ccb=1-7&_nc_sid=167101&_nc_ohc=uXUY-nAAD-MQ7kNvwEmZ1oi&_nc_oc=Adr3DVb4VEJW3iBcQM4Qt5CI_AaMCiWAT9HpaRETlEKf4pJGctcR1jplpMCokYfeBZE&_nc_zt=24&_nc_ht=scontent.fsgn8-4.fna&_nc_gid=Smo2y3fzcQQOITjqW3Yn3w&_nc_ss=7b2a8&oh=00_AQN32ktJgDcy_ZlDQdirhz5O-dM5s0MXwMKhXWA4LDabcw&oe=6AC6CF59"
235,"Beagle World","https://www.facebook.com/profile.php?id=61589895022263","https://scontent.fsgn8-4.fna.fbcdn.net/v/t39.30808-1/776554123_122109957579329834_2676843443074984482_n.jpg?stp=cp0_dst-jpg_tt6&cstp=mx768x771&ctp=s80x80&_nc_cat=108&_nc_map=urlgen_bucketless&ccb=1-7&_nc_sid=167101&_nc_ohc=6pmgJ21xRRkQ7kNvwEa9Osl&_nc_oc=Ado2i3fZF-77_Az9OvsnGPa-YZBt8a7idKu7eJIBRZ06kxVOA20bO4PZbRtCOADf0hY&_nc_zt=24&_nc_ht=scontent.fsgn8-4.fna&_nc_gid=Smo2y3fzcQQOITjqW3Yn3w&_nc_ss=7b2a8&oh=00_AQMBtYlUhuNSKbipI2Txn6gOTfZ5-wj4MdZbhvlWrl7mxg&oe=6AC6F432"
236,"The Jack Russell Life","https://www.facebook.com/profile.php?id=61594004721464","https://scontent.fsgn8-4.fna.fbcdn.net/v/t39.30808-1/784251918_122093586579466824_4583261370009303445_n.jpg?stp=cp0_dst-jpg_tt6&cstp=mx814x814&ctp=s80x80&_nc_cat=102&_nc_map=urlgen_bucketless&ccb=1-7&_nc_sid=167101&_nc_ohc=7PhjKJaUD4IQ7kNvwGhS80m&_nc_oc=AdqHn-18AkN4TKjCCObdy1_wpCL2-DVK6_j7GWvZjnCc1WXoE9wyI6wzO5fmMIF3O-0&_nc_zt=24&_nc_ht=scontent.fsgn8-4.fna&_nc_gid=Smo2y3fzcQQOITjqW3Yn3w&_nc_ss=7b2a8&oh=00_AQNiSRkM6E91hxj4Be1fOOdG5bHdYdQAyXg8L3woKys3JA&oe=6AC6E584"
237,"සාතන්","https://www.facebook.com/profile.php?id=61582638100218","https://scontent.fsgn8-4.fna.fbcdn.net/v/t39.30808-1/775275218_122139690285087936_2845134630666271039_n.jpg?stp=cp0_dst-jpg_tt6&cstp=mx760x768&ctp=p80x80&_nc_cat=103&_nc_map=urlgen_bucketless&ccb=1-7&_nc_sid=167101&_nc_ohc=d9dHArnyxfkQ7kNvwETivjI&_nc_oc=AdrAOp9srGzVHwAZo7seYybiiUHfzPo7DWSH_SuCcjChBDghJbJKjYgBNckq8qYrTU4&_nc_zt=24&_nc_ht=scontent.fsgn8-4.fna&_nc_gid=Smo2y3fzcQQOITjqW3Yn3w&_nc_ss=7b2a8&oh=00_AQOxJ78M3NWqDRXwnsEFl2hAOEqeGAOue8ko3xGJ_fTT2Q&oe=6AC6DFB8"
238,"Pataki László László","https://www.facebook.com/pataki.laszlo.184","https://scontent.fsgn8-4.fna.fbcdn.net/v/t39.30808-1/492725474_9593627637384006_363849439288440808_n.jpg?stp=cp0_dst-jpg_tt6&cstp=mx955x955&ctp=s80x80&_nc_cat=101&_nc_map=urlgen_bucketless&ccb=1-7&_nc_sid=167101&_nc_ohc=eqz0aGSE17UQ7kNvwEL4rQS&_nc_oc=Ado6tJyCsZNzXP6vAdWiI7MH0TeBkQZgBT4UvaivA699mSj4TdeWVJzBjMB0Zl6zw78&_nc_zt=24&_nc_ht=scontent.fsgn8-4.fna&_nc_gid=13URmMk5cEC-w2cAgiG1LA&_nc_ss=7b2a8&oh=00_AQM0TnLcd5qjxVsthO8-FmkVBVLgpjvM5lLC_DFpmoG1yg&oe=6AC6C969"
239,"Mark Taylor","https://www.facebook.com/mark.taylor.548492","https://scontent.fsgn8-4.fna.fbcdn.net/v/t39.30808-1/821223486_122196142340673719_2640066306750276577_n.jpg?stp=cp0_dst-jpg_tt6&cstp=mx752x752&ctp=s80x80&_nc_cat=109&_nc_map=urlgen_bucketless&ccb=1-7&_nc_sid=167101&_nc_ohc=phOv_9WVCFcQ7kNvwGZ34QL&_nc_oc=AdrwCAA7FMuZSe07bCVnnZR-V80JaWJld8r3Z09eexu6xCSFHwwqxuznKNVFSe0ZfMg&_nc_zt=24&_nc_ht=scontent.fsgn8-4.fna&_nc_gid=13URmMk5cEC-w2cAgiG1LA&_nc_ss=7b2a8&oh=00_AQMhvYoEjdAtQJGpqJDR_Ri5lAKWK2Gq6T_hIY1CK423sw&oe=6AC6EBB6"
240,"Kate Hardy","https://www.facebook.com/katie.cole.10441","https://scontent.fsgn8-4.fna.fbcdn.net/v/t39.30808-1/790590864_29332057179728602_6588694943602146929_n.jpg?stp=cp6_dst-jpg_tt6&cstp=mx1162x1161&ctp=s80x80&_nc_cat=101&_nc_map=urlgen_bucketless&ccb=1-7&_nc_sid=167101&_nc_ohc=-Yji-uGUDUEQ7kNvwGKGwm3&_nc_oc=AdoES7_n-RrXaJ0WNv1Ag1GYc5vxi2lUSU-IOnAepzGqHn094EN7OfhOHGsdnyQfpZI&_nc_zt=24&_nc_ht=scontent.fsgn8-4.fna&_nc_gid=13URmMk5cEC-w2cAgiG1LA&_nc_ss=7b2a8&oh=00_AQMXzrFboN0wGN1jJ-HTuAhNLpGTw-c5c7DhD1unLSGMqw&oe=6AC6E654"
241,"Vizslas Devon","https://www.facebook.com/VizslasDevon","https://scontent.fsgn8-4.fna.fbcdn.net/v/t39.30808-1/292548844_483168133615197_4458197433449984666_n.jpg?stp=cp0_dst-jpg_tt6&cstp=mx650x650&ctp=s80x80&_nc_cat=104&_nc_map=urlgen_bucketless&ccb=1-7&_nc_sid=167101&_nc_ohc=ilmDW4SHkeQQ7kNvwGNjrpK&_nc_oc=Adqmx_HhJFqUsmHL_RmWEx8_0UHbXqNwmpJYQIFqtzonHRyKFQguj5En9R0zUkp4zi0&_nc_zt=24&_nc_ht=scontent.fsgn8-4.fna&_nc_gid=13URmMk5cEC-w2cAgiG1LA&_nc_ss=7b2a8&oh=00_AQOjhUr8qQggFnzmYn6EzgLbPio5VMq-VEnXquK29QZFaA&oe=6AC6EDB4"
242,"Kris Deal","https://www.facebook.com/Kris.Deal.778","https://scontent.fsgn8-4.fna.fbcdn.net/v/t39.30808-1/753702097_10117932552078804_7767735184157110162_n.jpg?stp=cp0_dst-jpg_tt6&cstp=mx720x720&ctp=s80x80&_nc_cat=107&_nc_map=urlgen_bucketless&ccb=1-7&_nc_sid=167101&_nc_ohc=Z6C9wHjT-WMQ7kNvwHFm0mV&_nc_oc=AdpGUQwMTbnKoLcMJBTHWYITxbJ81L2ckMKBKRtc3Ddbn_3Py1AvGslKgfwGCLszOoI&_nc_zt=24&_nc_ht=scontent.fsgn8-4.fna&_nc_gid=13URmMk5cEC-w2cAgiG1LA&_nc_ss=7b2a8&oh=00_AQPep7oalP-afOsDG_iyXPYBpsnOGxIVJGvkA7cVz3OKnw&oe=6AC6CB5C"
243,"Bull Terrier USA Club","https://www.facebook.com/profile.php?id=61563236968898","https://scontent.fsgn8-4.fna.fbcdn.net/v/t39.30808-1/709589118_122102139998441232_6860138214812828228_n.jpg?stp=cp0_dst-jpg_tt6&cstp=mx1734x1712&ctp=s80x80&_nc_cat=106&_nc_map=urlgen_bucketless&ccb=1-7&_nc_sid=167101&_nc_ohc=XfFnJWUxIA0Q7kNvwE6ZFW2&_nc_oc=AdrIu7NAvfKyY0BnSxMXdbqoJLqEo6Ak9UUNo8R0lxVCU5reJh_tU3D2GEZH3DwtOv8&_nc_zt=24&_nc_ht=scontent.fsgn8-4.fna&_nc_gid=13URmMk5cEC-w2cAgiG1LA&_nc_ss=7b2a8&oh=00_AQOQ3BDQ0hWhOFM7iriSbNW52JkH7W59kPIV5plpU1YhkQ&oe=6AC6D451"
244,"Red Rooster Vizslas","https://www.facebook.com/profile.php?id=61579909932433","https://scontent.fsgn8-4.fna.fbcdn.net/v/t39.30808-1/787435013_122153159162996997_8818231391475167762_n.jpg?stp=cp6_dst-jpg_tt6&cstp=mx2048x2048&ctp=s80x80&_nc_cat=111&_nc_map=urlgen_bucketless&ccb=1-7&_nc_sid=167101&_nc_ohc=o8fUTJMjHnUQ7kNvwEB14qz&_nc_oc=Adrs_ZtpqQjywH48lhDt6cadNb7-r-CZ8SPQRpBoyuL7a8T7EMjz_oyDgAefHoeEDBI&_nc_zt=24&_nc_ht=scontent.fsgn8-4.fna&_nc_gid=13URmMk5cEC-w2cAgiG1LA&_nc_ss=7b2a8&oh=00_AQMK5KTpDdhbMWXIRW9WcW0wZ6nTKOZY-1YDnokCvyOMhg&oe=6AC6BCA5"
245,"Great Dane","https://www.facebook.com/profile.php?id=61590570167585","https://scontent.fsgn8-4.fna.fbcdn.net/v/t39.30808-1/726954141_122114736093352338_808761625763210610_n.jpg?stp=cp0_dst-jpg_tt6&cstp=mx720x726&ctp=p80x80&_nc_cat=110&_nc_map=urlgen_bucketless&ccb=1-7&_nc_sid=167101&_nc_ohc=zZZpJaFam0YQ7kNvwEPIHk2&_nc_oc=AdqfMOQoLN06ApOLP0YnxnFQ_t9YOa7lC5a3gk_qyH_pWPyVh_tYK8D7TLHU0LzRVak&_nc_zt=24&_nc_ht=scontent.fsgn8-4.fna&_nc_gid=13URmMk5cEC-w2cAgiG1LA&_nc_ss=7b2a8&oh=00_AQPo1q59NrzmdWiQ1ddw6ThF3OH_q4IfTUof6oMvuvNSeQ&oe=6AC6C85D"
246,"Bowie The Great Dane","https://www.facebook.com/BowieTheGreatDane","https://scontent.fsgn8-4.fna.fbcdn.net/v/t39.30808-1/597428340_122093899563164334_9167502203056476107_n.jpg?stp=cp0_dst-jpg_tt6&cstp=mx960x960&ctp=s80x80&_nc_cat=106&_nc_map=urlgen_bucketless&ccb=1-7&_nc_sid=167101&_nc_ohc=0RLS3VBePRsQ7kNvwHOObOZ&_nc_oc=AdoFWfkO-dGktKMLWLyCLNqt9oc9b30BZHQfsUuE-tcwASB__w5F718QcR7ZMB3x01Y&_nc_zt=24&_nc_ht=scontent.fsgn8-4.fna&_nc_gid=Amq6_ytOwFwqDfIO1wCAkw&_nc_ss=7b2a8&oh=00_AQMY74lvgmhL4OhHL80Tr6bLlhq1ER0q2fhnNjT__YGC3g&oe=6AC6E428"
247,"Cute Yellow Labrador Retriever","https://www.facebook.com/profile.php?id=61582214546650","https://scontent.fsgn8-4.fna.fbcdn.net/v/t39.30808-1/651342253_122098757553073818_1500536198061839891_n.jpg?stp=cp0_dst-jpg_tt6&cstp=mx1024x1024&ctp=s80x80&_nc_cat=107&_nc_map=urlgen_bucketless&ccb=1-7&_nc_sid=167101&_nc_ohc=jwi_IIjAgtkQ7kNvwHMMX4Q&_nc_oc=AdohyDRjRwuqLgI1Fdb-IFm-jvCcxGfXTSkItPvCbVw85MPMohf8oVp4EJM37H7Jjvo&_nc_zt=24&_nc_ht=scontent.fsgn8-4.fna&_nc_gid=Amq6_ytOwFwqDfIO1wCAkw&_nc_ss=7b2a8&oh=00_AQMVBBtABzJBCGa26Pj3Iv5uMBQaj6zo7Wd-RODpGX_aMw&oe=6AC6C673"
248,"Millky drawss","https://www.facebook.com/Milkydrawss","https://scontent.fsgn8-4.fna.fbcdn.net/v/t39.30808-1/754057987_122096692575411383_7009386000407519396_n.jpg?stp=c0.0.463.463a_cp0_dst-jpg_tt6&cstp=mx463x463&ctp=s80x80&_nc_cat=108&_nc_map=urlgen_bucketless&ccb=1-7&_nc_sid=167101&_nc_ohc=9siPU2DaxtIQ7kNvwHw7loE&_nc_oc=AdrDGmkGyqXClKVNN2C7h7NajTeeUAyhybsIozF3ngptzQPMNw08i-zF9D_QfxtrcYw&_nc_zt=24&_nc_ht=scontent.fsgn8-4.fna&_nc_gid=Amq6_ytOwFwqDfIO1wCAkw&_nc_ss=7b2a8&oh=00_AQOmAN4UfVLuPrR0qGe_guxkb9B3yxluufg3AfzIqqxdVA&oe=6AC6EA26"
249,"Bull Terrier Lover","https://www.facebook.com/profile.php?id=61592272151826","https://scontent.fsgn8-4.fna.fbcdn.net/v/t39.30808-1/758744546_122099148447409071_6874025223816567329_n.jpg?stp=cp0_dst-jpg_tt6&cstp=mx1254x1254&ctp=s80x80&_nc_cat=102&_nc_map=urlgen_bucketless&ccb=1-7&_nc_sid=167101&_nc_ohc=6Fnxf-QsvzYQ7kNvwE0EFfO&_nc_oc=Adpjg4uYJjvkYDXZ9wqSAQDH2cR-hJeQ5zT2CTVU14_o0a9lgSw3DV3piM-nyZjQC7Y&_nc_zt=24&_nc_ht=scontent.fsgn8-4.fna&_nc_gid=Amq6_ytOwFwqDfIO1wCAkw&_nc_ss=7b2a8&oh=00_AQMc_ox6PTCXiwc0bHUtmAYrGnj75fHi-ZoOlfZ2rjY9FA&oe=6AC6E270"
250,"The Developer and The Dane","https://www.facebook.com/TheDeveloperAndTheDane","https://scontent.fsgn8-4.fna.fbcdn.net/v/t39.30808-1/616834817_122227223204124718_4683137547341524658_n.jpg?stp=cp0_dst-jpg_tt6&cstp=mx1536x1536&ctp=s80x80&_nc_cat=111&_nc_map=urlgen_bucketless&ccb=1-7&_nc_sid=167101&_nc_ohc=r2LbaecQDIsQ7kNvwHOgaA9&_nc_oc=AdqCOMomGe65BWI6c2oby17iMFyf8R-gYiiRRHHpIqOPTA9bYixh00Lvy4JwP3t3dkw&_nc_zt=24&_nc_ht=scontent.fsgn8-4.fna&_nc_gid=Amq6_ytOwFwqDfIO1wCAkw&_nc_ss=7b2a8&oh=00_AQPk1neCayqH-Kosdq34JE9Jybuo7_DYfG_SBwZrYpGvgA&oe=6AC6EFA7"
251,"Palmettopointers","https://www.facebook.com/profile.php?id=61590390285095","https://scontent.fsgn8-4.fna.fbcdn.net/v/t39.30808-1/724559945_122112564891346342_1986872493698076170_n.jpg?stp=cp0_dst-jpg_tt6&cstp=mx2048x2048&ctp=s80x80&_nc_cat=106&_nc_map=urlgen_bucketless&ccb=1-7&_nc_sid=167101&_nc_ohc=C5aCQ6qHGzQQ7kNvwHOm5o2&_nc_oc=AdrdN6RufMdvxmgPn1Mzm2G7JgvCkzV3sr2i1VbiQRpZwkfHwp4YgswySmhHzrgzJ9A&_nc_zt=24&_nc_ht=scontent.fsgn8-4.fna&_nc_gid=Amq6_ytOwFwqDfIO1wCAkw&_nc_ss=7b2a8&oh=00_AQPwkKhiahLos3bYHHdRpbhOWLv4s03uX4zrLjBLu0tjbQ&oe=6AC6E942"
252,"A & M's Boxer In Southeast Texas","https://www.facebook.com/AandMboxerInSouthEastTexas","https://scontent.fsgn8-4.fna.fbcdn.net/v/t39.30808-1/435702508_756781846594986_7558030160658695620_n.jpg?stp=c120.0.720.720a_cp6_dst-jpg_tt6&cstp=mx720x720&ctp=s80x80&_nc_cat=111&_nc_map=urlgen_bucketless&ccb=1-7&_nc_sid=167101&_nc_ohc=Uo4VUTYorzAQ7kNvwFyqBiD&_nc_oc=AdrDiO_IR8bV8zeol-HLJuIQEAkM64l91eYHSK8_Se98aTKONl0zWhqu2aTR3jEuU8M&_nc_zt=24&_nc_ht=scontent.fsgn8-4.fna&_nc_gid=Amq6_ytOwFwqDfIO1wCAkw&_nc_ss=7b2a8&oh=00_AQMlvxbZo4i8KsieXiRTUSD0Lo_vc4nAXxpHk2dtz7C3Kg&oe=6AC6CBE4"
253,"Alexandra Erin","https://www.facebook.com/profile.php?id=61591292765667","https://scontent.fsgn8-4.fna.fbcdn.net/v/t39.30808-1/730503314_1312878787688167_7257404371534597366_n.jpg?stp=c0.82.988.988a_cp0_dst-jpg_tt6&cstp=mx988x988&ctp=s80x80&_nc_cat=107&_nc_map=urlgen_bucketless&ccb=1-7&_nc_sid=167101&_nc_ohc=SHA9yL2fAYIQ7kNvwEJ5u7x&_nc_oc=Adodp2Yqqfg7PDQJClWo_5mX0BcTKVqED0V5a1CDC8dCsTJr0dmMgMqEUEGaTA6j0S0&_nc_zt=24&_nc_ht=scontent.fsgn8-4.fna&_nc_gid=Amq6_ytOwFwqDfIO1wCAkw&_nc_ss=7b2a8&oh=00_AQM-ikMq4lsVWghmvGpzqbRiChua_4ziRGzSiVMWLzWIHg&oe=6AC6C6D1"
254,"JanRon Mitchell","https://www.facebook.com/jan.mitchell.925","https://scontent.fsgn8-4.fna.fbcdn.net/v/t39.30808-1/312606601_1774897336208585_4077473493547387291_n.jpg?stp=cp0_dst-jpg_tt6&cstp=mx1936x1936&ctp=s80x80&_nc_cat=101&_nc_map=urlgen_bucketless&ccb=1-7&_nc_sid=167101&_nc_ohc=FOX5Ye_H2TAQ7kNvwGfhvIR&_nc_oc=Adq2Dc4wdfIHpuleQso4uJB86Sp3wKjF-oCwQJU8IAu8NGwPpfYbZRz3q99Xs2a6R10&_nc_zt=24&_nc_ht=scontent.fsgn8-4.fna&_nc_gid=OU_vfGaTndEFRFz81q6AxQ&_nc_ss=7b2a8&oh=00_AQNW2AuL3wZdFzEsgwyCv-9w6Ns7QhUhvn6cOzGrPB9C_g&oe=6AC6C95C"
255,"Johana Shadepdm","https://www.facebook.com/profile.php?id=61594428797066","https://scontent.fsgn8-4.fna.fbcdn.net/v/t39.30808-1/825271526_122112411735480959_3580000253065606065_n.jpg?stp=cp0_dst-jpg_tt6&cstp=mx1080x1080&ctp=s80x80&_nc_cat=108&_nc_map=urlgen_bucketless&ccb=1-7&_nc_sid=167101&_nc_ohc=zSdlNBLu1WcQ7kNvwFnTXPd&_nc_oc=AdpvXl1G9MB3kb481FG5xg6ri7TXYQaLuWZM95-gSrgeiPFr1dUeGW0fRVGB5RsTg6Q&_nc_zt=24&_nc_ht=scontent.fsgn8-4.fna&_nc_gid=OU_vfGaTndEFRFz81q6AxQ&_nc_ss=7b2a8&oh=00_AQMz585CvJG4C-N0efiCTnK0H2AnpH1SOWboH_OzFZOIeg&oe=6AC6F41B"
256,"Kennel Drevets - opdræt af ruhårede gravhunde","https://www.facebook.com/profile.php?id=61571195875683","https://scontent.fsgn8-4.fna.fbcdn.net/v/t39.30808-1/496986554_122126492726706529_4307877197315331634_n.jpg?stp=cp6_dst-jpg_tt6&cstp=mx1721x1721&ctp=s80x80&_nc_cat=111&_nc_map=urlgen_bucketless&ccb=1-7&_nc_sid=167101&_nc_ohc=9Gn9f-4_aqoQ7kNvwFNgVWo&_nc_oc=AdrmDNg5KB0Yk8Tvmbz_3GcW5CXNRaVmKmsbauZZXxOKwEatNcFYEgdxJEB-pLd1lPk&_nc_zt=24&_nc_ht=scontent.fsgn8-4.fna&_nc_gid=OU_vfGaTndEFRFz81q6AxQ&_nc_ss=7b2a8&oh=00_AQOMQWATqxczfR22Xt9WVowAbRHeSwfuKv2ZKUiik_4Hcg&oe=6AC6DFA0"
257,"Boxer heaven","https://www.facebook.com/profile.php?id=61553697840309","https://scontent.fsgn8-4.fna.fbcdn.net/v/t39.30808-1/466135045_122180772020123261_3540765801107774446_n.jpg?stp=cp0_dst-jpg_tt6&cstp=mx736x751&ctp=p80x80&_nc_cat=107&_nc_map=urlgen_bucketless&ccb=1-7&_nc_sid=167101&_nc_ohc=6eqkfzKGVc4Q7kNvwH5n6k9&_nc_oc=Adqvsx6zLWvVAl5eN8wX8JjhL-RXZlo4XxDpktuTapP41Pbvf2lgp_YfaDHDpujShS0&_nc_zt=24&_nc_ht=scontent.fsgn8-4.fna&_nc_gid=OU_vfGaTndEFRFz81q6AxQ&_nc_ss=7b2a8&oh=00_AQPg6KIxtCLqRIhM5uumMzr6B9Oyuw6LYghHmMH6RZXGCA&oe=6AC6CF81"
258,"Mushroom Corgi","https://www.facebook.com/profile.php?id=61553396684424","https://scontent.fsgn8-4.fna.fbcdn.net/v/t39.30808-1/735018130_122248365086113222_3507189608620649380_n.jpg?stp=c194.168.485.485a_cp0_dst-jpg_tt6&cstp=mx485x485&ctp=s80x80&_nc_cat=111&_nc_map=urlgen_bucketless&ccb=1-7&_nc_sid=167101&_nc_ohc=fWlkSkYPHx4Q7kNvwF1-gS3&_nc_oc=Adpq65BvYhlqsptRdGoDytgiIMgd9Yo3FVXZm4_5HVPYSPmwgZT74rzIIZKnjZzz_88&_nc_zt=24&_nc_ht=scontent.fsgn8-4.fna&_nc_gid=OU_vfGaTndEFRFz81q6AxQ&_nc_ss=7b2a8&oh=00_AQOcMEUgQgBw3w0jLMVAcni0JOKl6rJfbid3GIeGa7ql_g&oe=6AC6C50C"
259,"World Of Pitbull","https://www.facebook.com/profile.php?id=61594429271800","https://scontent.fsgn8-4.fna.fbcdn.net/v/t39.30808-1/818250530_122105854353480975_2613139464613342993_n.jpg?stp=cp0_dst-jpg_tt6&cstp=mx1254x1254&ctp=s80x80&_nc_cat=106&_nc_map=urlgen_bucketless&ccb=1-7&_nc_sid=167101&_nc_ohc=UKlxNsctBAIQ7kNvwGeJpIV&_nc_oc=AdoNKOBjhE9GOSLOw4sxkpw_mraNRPVWlOjh3xVjZDGQ6uhJdPH8mqgPzzFmxRJcpjE&_nc_zt=24&_nc_ht=scontent.fsgn8-4.fna&_nc_gid=OU_vfGaTndEFRFz81q6AxQ&_nc_ss=7b2a8&oh=00_AQMFtpdtxOMqMpR4mDjQ_Y7CfAPbUfxV83X8851U0FTUIw&oe=6AC6EA67"
260,"DoggoDaily","https://www.facebook.com/OfficialDoggoDaily","https://scontent.fsgn8-4.fna.fbcdn.net/v/t39.30808-1/774350213_122111742842640436_3515022857741530831_n.jpg?stp=cp0_dst-jpg_tt6&cstp=mx525x520&ctp=p80x80&_nc_cat=105&_nc_map=urlgen_bucketless&ccb=1-7&_nc_sid=167101&_nc_ohc=dQ_k_Rs0M88Q7kNvwHm52j_&_nc_oc=AdoLzp_BLiqND0f-AVfVPVMp80dPyRkamSQ-avNh4AqgqZuhM-L1gDISVU15kaYo3Hg&_nc_zt=24&_nc_ht=scontent.fsgn8-4.fna&_nc_gid=OU_vfGaTndEFRFz81q6AxQ&_nc_ss=7b2a8&oh=00_AQPAj_iUQVS4p6xCZOZPStrVx0fPk4_RKSFjSC5rc9_0Kw&oe=6AC6CAF4"
261,"Julia ann","https://www.facebook.com/profile.php?id=61589846697686","https://scontent.fsgn8-4.fna.fbcdn.net/v/t39.30808-1/697792711_122101392477313678_753072570152474096_n.jpg?stp=cp0_dst-jpg_tt6&cstp=mx1080x1080&ctp=s80x80&_nc_cat=102&_nc_map=urlgen_bucketless&ccb=1-7&_nc_sid=167101&_nc_ohc=By_wi9xg1U4Q7kNvwH6KeR_&_nc_oc=Adp2PBeLN4weGpyLarPdH2R7kpRSz4FRHIxT_4s3EgO5X3_jU7J6jcokPI2FFPGfjQQ&_nc_zt=24&_nc_ht=scontent.fsgn8-4.fna&_nc_gid=OU_vfGaTndEFRFz81q6AxQ&_nc_ss=7b2a8&oh=00_AQM3ilPGBTj4GtOEecnGtqXaIqzKqJu2ie8xDU4SlvwYDA&oe=6AC6E782"
262,"Nguyễn Tường VI","https://www.facebook.com/nguyen.tuong.vi.800177","https://scontent.fsgn8-4.fna.fbcdn.net/v/t39.30808-1/744357904_1039190781827328_5777505747716652094_n.jpg?stp=cp0_dst-jpg_tt6&cstp=mx720x716&ctp=s80x80&_nc_cat=106&_nc_map=urlgen_bucketless&ccb=1-7&_nc_sid=167101&_nc_ohc=4XVOXTL-Pg8Q7kNvwHuW1TE&_nc_oc=Adq0Qa4uI073lUoucgpxiO_jhCooX2fiEtscQDPkzP6cW1JbUy6TpznJbdAYZbU0JJk&_nc_zt=24&_nc_ht=scontent.fsgn8-4.fna&_nc_gid=7KliTvKZqbHJHbI7J24nYQ&_nc_ss=7b2a8&oh=00_AQPtV1U9TuOo_GQvsI_JlHkCm_fbJyjQvMaYfNBsc-T7WA&oe=6AC6DE80"
263,"Baker the Good Boy","https://www.facebook.com/profile.php?id=61585300496069","https://scontent.fsgn8-4.fna.fbcdn.net/v/t39.30808-1/600321991_122095101225176683_6658372544109598633_n.jpg?stp=cp6_dst-jpg_tt6&cstp=mx969x969&ctp=s80x80&_nc_cat=103&_nc_map=urlgen_bucketless&ccb=1-7&_nc_sid=167101&_nc_ohc=v5PSzpkr_YIQ7kNvwHolFjN&_nc_oc=AdpP9zRGo4bye8ZZhO8nSv6KEhfhEoazDVLodCvJHF5pnwXo1L67k60ZPtr5xx-PWUo&_nc_zt=24&_nc_ht=scontent.fsgn8-4.fna&_nc_gid=7KliTvKZqbHJHbI7J24nYQ&_nc_ss=7b2a8&oh=00_AQPXZ498UfYjZDDNHv_UtDu823KNBRkVxbMGz1_l7wKmuA&oe=6AC6CFC7"
264,"Paws of Love","https://www.facebook.com/profile.php?id=61591651825631","https://scontent.fsgn8-4.fna.fbcdn.net/v/t39.30808-1/734570194_27482078358140033_2551197897355676217_n.jpg?stp=cp0_dst-jpg_tt6&cstp=mx2048x2048&ctp=s80x80&_nc_cat=110&_nc_map=urlgen_bucketless&ccb=1-7&_nc_sid=167101&_nc_ohc=fM-LiCJKlNUQ7kNvwE8chTg&_nc_oc=AdrMxZ5gxDi5m8ak17tnAgiUnBcRyQaFz3WrUDHkVFyaNoUBlNHDHULH6q8Ha2bg8fU&_nc_zt=24&_nc_ht=scontent.fsgn8-4.fna&_nc_gid=7KliTvKZqbHJHbI7J24nYQ&_nc_ss=7b2a8&oh=00_AQPcMXQ6QDtzEf0fSQ4SUjnT2FMfOCGH8sjWO-T0jB8qAw&oe=6AC6DE2A"
265,"Basset Hound Lovers","https://www.facebook.com/profile.php?id=61591099821963","https://scontent.fsgn8-4.fna.fbcdn.net/v/t39.30808-1/722911109_122093336361369994_6361616714075967264_n.jpg?stp=cp0_dst-jpg_tt6&cstp=mx736x742&ctp=p80x80&_nc_cat=104&_nc_map=urlgen_bucketless&ccb=1-7&_nc_sid=167101&_nc_ohc=hD6VLpCj0eIQ7kNvwFcJwVd&_nc_oc=AdqoU4INKGgQ0LGS4pici4F3i9VLx06h5HSK4xdnCUpo_CY0tbzA4hi8JLeo4p6vKGM&_nc_zt=24&_nc_ht=scontent.fsgn8-4.fna&_nc_gid=7KliTvKZqbHJHbI7J24nYQ&_nc_ss=7b2a8&oh=00_AQPSxJYYoWCwRSS673LB3OeHYQk4f__hBbIHwIEvVicwSw&oe=6AC6F00E"
266,"Rough Collie Life","https://www.facebook.com/profile.php?id=61594574651036","https://scontent.fsgn8-4.fna.fbcdn.net/v/t39.30808-1/825279827_122103336615485821_2704961424891825528_n.jpg?stp=cp0_dst-jpg_tt6&cstp=mx1203x1204&ctp=s80x80&_nc_cat=105&_nc_map=urlgen_bucketless&ccb=1-7&_nc_sid=167101&_nc_ohc=EtG5H2rmuZoQ7kNvwHFRCfP&_nc_oc=Ado9gFY1-vL-f_UP-PKX0jbywEgHNBolUn30X_5cxfywVlq4n73qUx1NJemFNhxLxA0&_nc_zt=24&_nc_ht=scontent.fsgn8-4.fna&_nc_gid=7KliTvKZqbHJHbI7J24nYQ&_nc_ss=7b2a8&oh=00_AQPpHpvQjqZW1Lt9hFumDXrPKSY2ompFX0wvhvuOx7wjEQ&oe=6AC6E209"
267,"Dachshund owner's community","https://www.facebook.com/profile.php?id=61569119833741","https://scontent.fsgn8-4.fna.fbcdn.net/v/t39.30808-1/829196682_122186930942637327_7355276386427250654_n.jpg?stp=cp0_dst-jpg_tt6&cstp=mx1254x1254&ctp=s80x80&_nc_cat=107&_nc_map=urlgen_bucketless&ccb=1-7&_nc_sid=167101&_nc_ohc=lR-rA7p6xW0Q7kNvwEnOFfE&_nc_oc=Adq0cAzqCRW7gTVUxnGvYjCmq9GEA9CP97wYG_OVj93WtNKLyQ5p_rEHQg5eQmTdAvc&_nc_zt=24&_nc_ht=scontent.fsgn8-4.fna&_nc_gid=7KliTvKZqbHJHbI7J24nYQ&_nc_ss=7b2a8&oh=00_AQO9rlWiVTknzVXQGDndQ7Lh0yXFD3XloV5oNpaH_xDsNQ&oe=6AC6D2A9"
268,"Rohit Rajvanshi","https://www.facebook.com/Ajayflipper007","https://scontent.fsgn8-4.fna.fbcdn.net/v/t39.30808-1/780374534_3998512157119395_4412085852329229393_n.jpg?stp=cp0_dst-jpg_tt6&cstp=mx1848x1844&ctp=s80x80&_nc_cat=109&_nc_map=urlgen_bucketless&ccb=1-7&_nc_sid=167101&_nc_ohc=_akuWQImWckQ7kNvwFNoLnH&_nc_oc=AdqFlG6-zv8zfekkpeleF-TVwR7Jkg99WUY5wmTHLykaHK8joSsIMyqRom42daD4Xs8&_nc_zt=24&_nc_ht=scontent.fsgn8-4.fna&_nc_gid=7KliTvKZqbHJHbI7J24nYQ&_nc_ss=7b2a8&oh=00_AQNttJemXoYysCecEfrjkR7Z_eN5GFtG2Dg7o0itJay8jQ&oe=6AC6CE0A"
269,"Jack Russell Terrier World","https://www.facebook.com/profile.php?id=61594504290198","https://scontent.fsgn8-4.fna.fbcdn.net/v/t39.30808-1/826401918_122109333003483476_5798768544779801325_n.jpg?stp=cp0_dst-jpg_tt6&cstp=mx1254x1254&ctp=s80x80&_nc_cat=106&_nc_map=urlgen_bucketless&ccb=1-7&_nc_sid=167101&_nc_ohc=RKF_WTFRbYMQ7kNvwF7SAFT&_nc_oc=AdrOL7iaKGCBXWdJhkWbJLb2y61ugUEDhlpP9y077eYc7ggqD62Tb_bKTM9IRSvrkQE&_nc_zt=24&_nc_ht=scontent.fsgn8-4.fna&_nc_gid=7KliTvKZqbHJHbI7J24nYQ&_nc_ss=7b2a8&oh=00_AQOVl2SnNE8y_fMA89z50PClqF3CdvQifSu9f3i1hCoQlA&oe=6AC6C1EC"
270,"Marie Ross","https://www.facebook.com/profile.php?id=100014270926170","https://scontent.fsgn8-4.fna.fbcdn.net/v/t39.30808-1/806689606_2498697540615919_6294803047884767311_n.jpg?stp=cp0_dst-jpg_tt6&cstp=mx719x721&ctp=s80x80&_nc_cat=108&_nc_map=urlgen_bucketless&ccb=1-7&_nc_sid=167101&_nc_ohc=EJLDok-KIvIQ7kNvwEwGEt6&_nc_oc=Adr0-N0u1SpJelxxASW3EiSBSJ-ABPnYbyNsb5MaLF5Egs20NvjDuYivWN5-LDvi7wU&_nc_zt=24&_nc_ht=scontent.fsgn8-4.fna&_nc_gid=12-DfavNirdOTRsYwkZdMQ&_nc_ss=7b2a8&oh=00_AQMQAgQNLeNQpTmS6xhmZ1vBNe8jyNpIhILdbI3zBHivDQ&oe=6AC6BD47"
271,"Milly’s Pawfect Life","https://www.facebook.com/millyspawfectlife","https://scontent.fsgn8-4.fna.fbcdn.net/v/t39.30808-1/774088214_122160783806987597_5220361860295465223_n.jpg?stp=cp0_dst-jpg_tt6&cstp=mx1254x1254&ctp=s80x80&_nc_cat=105&_nc_map=urlgen_bucketless&ccb=1-7&_nc_sid=167101&_nc_ohc=jyGxQDuk3WwQ7kNvwHBXpNR&_nc_oc=AdqPlc1rMSOvgXJfqFfmOp2TJpnAmIyVvMSrxRDDxq5wT2sVph_loh9UJTrTiqk1Qnk&_nc_zt=24&_nc_ht=scontent.fsgn8-4.fna&_nc_gid=12-DfavNirdOTRsYwkZdMQ&_nc_ss=7b2a8&oh=00_AQPM05A46GpxNY_6lI4vNB7gCpIUTB30gtLV83GN4mYjZQ&oe=6AC6F46E"
272,"Royal Rottweiler","https://www.facebook.com/profile.php?id=61593202180770","https://scontent.fsgn8-4.fna.fbcdn.net/v/t39.30808-1/774907224_122102051967440072_3204442426787414050_n.jpg?stp=cp0_dst-jpg_tt6&cstp=mx1122x1122&ctp=s80x80&_nc_cat=110&_nc_map=urlgen_bucketless&ccb=1-7&_nc_sid=167101&_nc_ohc=JLu9eh__9rUQ7kNvwHZasTU&_nc_oc=AdpYF3RaP-o4zldbWxdxEJCkcCmbkc8fabx5wgWvRXpUdISAHWcMNSMaJ7N1I0dKtCI&_nc_zt=24&_nc_ht=scontent.fsgn8-4.fna&_nc_gid=12-DfavNirdOTRsYwkZdMQ&_nc_ss=7b2a8&oh=00_AQNcVj0DEFsGq_0ItISgK6_L7RmtWwtlxeXQap8_jceRQw&oe=6AC6BF5F"
273,"Beechwood Cavoodles","https://www.facebook.com/profile.php?id=61582505672386","https://scontent.fsgn8-4.fna.fbcdn.net/v/t39.30808-1/565332486_31891627493785971_7564672925710513798_n.jpg?stp=c0.0.1536.1536a_cp6_dst-jpegr_tt6&cstp=mx1536x1536&ctp=s80x80&_nc_cat=107&_nc_map=urlgen_bucketless&ccb=1-7&_nc_sid=167101&_nc_ohc=F04PeK9W4kkQ7kNvwE3Xaip&_nc_oc=Adr8t1chwnrYYLy32fp3vxa4xM5vD6cxB7NIurJrmqjpgOIJiTl7ciKrY8o9_LPEmz0&_nc_zt=24&se=-1&_nc_ht=scontent.fsgn8-4.fna&_nc_gid=12-DfavNirdOTRsYwkZdMQ&_nc_ss=7b2a8&oh=00_AQPW3nAOospHHiKopc8nTtFHsHRD0PUJaqOSmzjYq7-k3w&oe=6AC6BF05"
274,"English Setter","https://www.facebook.com/profile.php?id=61588136548882","https://scontent.fsgn8-4.fna.fbcdn.net/v/t39.30808-1/646113037_122104606107271218_1747225364373869008_n.jpg?stp=cp0_dst-jpg_tt6&cstp=mx736x741&ctp=p80x80&_nc_cat=110&_nc_map=urlgen_bucketless&ccb=1-7&_nc_sid=167101&_nc_ohc=7XWttb7lMw4Q7kNvwGGpAw-&_nc_oc=AdqxBkY86gdfekIqriUeT-9WvLWLlD7SpbldH3wAxGTfqPhniP3S5CfFC18LJ1ku7rQ&_nc_zt=24&_nc_ht=scontent.fsgn8-4.fna&_nc_gid=12-DfavNirdOTRsYwkZdMQ&_nc_ss=7b2a8&oh=00_AQNeYgLeq99PwEdEUKjedxuTM9_ztxwqNI5FhLc9yih0-g&oe=6AC6BEA6"
275,"K9 Training Challenge","https://www.facebook.com/profile.php?id=61595073113920","https://scontent.fsgn8-4.fna.fbcdn.net/v/t39.30808-1/825336657_122094178401502437_1248736738073220198_n.jpg?stp=cp0_dst-jpg_tt6&cstp=mx1254x1254&ctp=s80x80&_nc_cat=110&_nc_map=urlgen_bucketless&ccb=1-7&_nc_sid=167101&_nc_ohc=7XVqHbpJbVUQ7kNvwFT2JI-&_nc_oc=AdpGjdU04rZcujB4KlGNVDlSY7C-c43b1-TJmGUhukODaKPBb-gHurXooZvg-o8KKCI&_nc_zt=24&_nc_ht=scontent.fsgn8-4.fna&_nc_gid=12-DfavNirdOTRsYwkZdMQ&_nc_ss=7b2a8&oh=00_AQOysmLJl_3iRur0WhRi-jRh3af7aF8_W2a7bDuRd0L_1A&oe=6AC6DFDC"
276,"Királyberki Drótosvadász kennel","https://www.facebook.com/profile.php?id=61590665951407","https://scontent.fsgn8-4.fna.fbcdn.net/v/t39.30808-1/830669032_122142835701355531_57071449317073353_n.jpg?stp=cp6_dst-jpg_tt6&cstp=mx2048x2048&ctp=s80x80&_nc_cat=102&_nc_map=urlgen_bucketless&ccb=1-7&_nc_sid=167101&_nc_ohc=b_Lx7deKIBEQ7kNvwE654to&_nc_oc=AdowHWbvxWCtvePvG_6ZkYXATWwQ4m8cEGE0s0OU9nrQaBUsaBzsHnweM1QV-hJS1cY&_nc_zt=24&_nc_ht=scontent.fsgn8-4.fna&_nc_gid=12-DfavNirdOTRsYwkZdMQ&_nc_ss=7b2a8&oh=00_AQOYKgDfhLA3jrbP9qEW-wgbzRe5Ul3pwmmfDxwC_27oeg&oe=6AC6C367"
277,"The Silver Labrador Retriever Lovers","https://www.facebook.com/profile.php?id=61584514516947","https://scontent.fsgn8-4.fna.fbcdn.net/v/t39.30808-1/597611708_122102992221150483_9054890110455386026_n.jpg?stp=cp0_dst-jpg_tt6&cstp=mx540x540&ctp=s80x80&_nc_cat=105&_nc_map=urlgen_bucketless&ccb=1-7&_nc_sid=167101&_nc_ohc=wWjW2MRxdIMQ7kNvwHkPwGw&_nc_oc=Adpc1C_fSmWcTARK1fZ0S250bvReqnFX2wawcrTcdUQv5P7RzTYFVrLj93KbZvjYQIc&_nc_zt=24&_nc_ht=scontent.fsgn8-4.fna&_nc_gid=12-DfavNirdOTRsYwkZdMQ&_nc_ss=7b2a8&oh=00_AQNzZqL5zUy6nW0TH3IxCOL6qgQ_CvLpQpEyBk7QqNQP3g&oe=6AC6F0B2"
278,"Weezy the Bhound","https://www.facebook.com/profile.php?id=61586827224292","https://scontent.fsgn8-4.fna.fbcdn.net/v/t39.30808-1/729080888_122123207937227574_4418083370617449959_n.jpg?stp=c362.0.1086.1086a_cp0_dst-jpg_tt6&cstp=mx1086x1086&ctp=s80x80&_nc_cat=106&_nc_map=urlgen_bucketless&ccb=1-7&_nc_sid=167101&_nc_ohc=bo5N4ORK9asQ7kNvwHdl_do&_nc_oc=AdoX79tSpabKwVSV1gVPS3AOWa1YRiu5F2vXs4K7hfhiPvEKJJT_tfSsrEVieQKOby0&_nc_zt=24&_nc_ht=scontent.fsgn8-4.fna&_nc_gid=EfEQdd3pBotuPrv40eO0Hw&_nc_ss=7b2a8&oh=00_AQM1HRxIV3yZuaUO4lSIr7nDb7ZFYMRHZ_fEpEigP6PoJw&oe=6AC6E926"
279,"A W W P U P P I E S","https://www.facebook.com/profile.php?id=61569066536002","https://scontent.fsgn8-4.fna.fbcdn.net/v/t39.30808-1/540953256_122148013112635551_3184598291888390239_n.jpg?stp=cp0_dst-jpg_tt6&cstp=mx400x395&ctp=p80x80&_nc_cat=111&_nc_map=urlgen_bucketless&ccb=1-7&_nc_sid=167101&_nc_ohc=NZgeJEt_i9kQ7kNvwEL84ZJ&_nc_oc=Adq-NNc2AfHxmPGFX2GvSGT-kJ10y4doyaBf1v_gnApQ5zoIQYYXS_L0fLQ5r7vYkxI&_nc_zt=24&_nc_ht=scontent.fsgn8-4.fna&_nc_gid=EfEQdd3pBotuPrv40eO0Hw&_nc_ss=7b2a8&oh=00_AQNT3yogxtlg8cPX2jzG9Zf4HIXHGvOQEOEE4n2uX5JRLQ&oe=6AC6BE25"
280,"Cocker Spaniel Unity","https://www.facebook.com/profile.php?id=61590139342054","https://scontent.fsgn8-4.fna.fbcdn.net/v/t39.30808-1/702084473_122093469435337978_7059893454262934523_n.jpg?stp=cp0_dst-jpg_tt6&cstp=mx550x552&ctp=s80x80&_nc_cat=108&_nc_map=urlgen_bucketless&ccb=1-7&_nc_sid=167101&_nc_ohc=AXVISoozRk4Q7kNvwHso0EX&_nc_oc=AdpZgUknfGf7WOlWmtfv7RfMVHwQiYOhDZ_dXtDCNAXt9EIbh0ALEAanPjUhQ3giWOQ&_nc_zt=24&_nc_ht=scontent.fsgn8-4.fna&_nc_gid=EfEQdd3pBotuPrv40eO0Hw&_nc_ss=7b2a8&oh=00_AQMk-JRxuHg4OArQcyP3tLB5AJPGd-zZicERUSKhBZFZ7A&oe=6AC6DCDB"
281,"Count Grof The Vizsla","https://www.facebook.com/CountGrofTheVizsla","https://scontent.fsgn8-4.fna.fbcdn.net/v/t39.30808-1/768414017_122096558667439789_8787858061448834881_n.jpg?stp=cp0_dst-jpg_tt6&cstp=mx960x960&ctp=s80x80&_nc_cat=105&_nc_map=urlgen_bucketless&ccb=1-7&_nc_sid=167101&_nc_ohc=numbw683u2YQ7kNvwF1YmnA&_nc_oc=AdoMwxnxRgNTR7lzmMQ47N3Yy2UtNqeC-H_wZGF-yQRRYAD8u832rTmPAWXIVD_e30Y&_nc_zt=24&_nc_ht=scontent.fsgn8-4.fna&_nc_gid=EfEQdd3pBotuPrv40eO0Hw&_nc_ss=7b2a8&oh=00_AQP5c2I7f8sZqEjkhPHge7WMFaNpxYYTRWjXXSjDfPvv1Q&oe=6AC6F324"
282,"Animal Love","https://www.facebook.com/profile.php?id=61588857043681","https://scontent.fsgn8-4.fna.fbcdn.net/v/t39.30808-1/743374517_122109620037295234_8584882768788744853_n.jpg?stp=c256.0.1024.1024a_cp0_dst-jpg_tt6&cstp=mx1024x1024&ctp=s80x80&_nc_cat=107&_nc_map=urlgen_bucketless&ccb=1-7&_nc_sid=167101&_nc_ohc=ZTOo7OzOGZwQ7kNvwFGwfBB&_nc_oc=AdqbXjGPwuGJ8B8qSgfrxK3ChKNEqEsfFYlC9-eNbs5hhvDiY4W3ebJ6U3l9AuAxi8s&_nc_zt=24&_nc_ht=scontent.fsgn8-4.fna&_nc_gid=EfEQdd3pBotuPrv40eO0Hw&_nc_ss=7b2a8&oh=00_AQPjZ3dT6inXfMrq7br9iqKEklLNdPqLXin6onA5KoCLGQ&oe=6AC6DB5C"
283,"Great Dane Love","https://www.facebook.com/GreatDaneLovee","https://scontent.fsgn8-4.fna.fbcdn.net/v/t39.30808-1/746842823_2832899100397008_4161057587275812338_n.jpg?stp=c320.0.1280.1280a_cp0_dst-jpg_tt6&cstp=mx1280x1280&ctp=s80x80&_nc_cat=105&_nc_map=urlgen_bucketless&ccb=1-7&_nc_sid=167101&_nc_ohc=bfL6oB-JQdUQ7kNvwEN5pPy&_nc_oc=AdqCg3DFDPHmJJ7mkdTtZqBKB6xKZr6TeT8rdThwDxNfMLM2lM3ZWpF8OJvPmMyuqiU&_nc_zt=24&_nc_ht=scontent.fsgn8-4.fna&_nc_gid=EfEQdd3pBotuPrv40eO0Hw&_nc_ss=7b2a8&oh=00_AQOWB5xVbPC0tnJPShSV8by5SZBpsLTMsdOyPoJa123ODw&oe=6AC6BD0D"
284,"Dachshund Cuties","https://www.facebook.com/profile.php?id=61573095007085","https://scontent.fsgn8-4.fna.fbcdn.net/v/t39.30808-1/480322331_122102658560769833_2677054369506636993_n.jpg?stp=c186.0.900.900a_cp0_dst-jpg_tt6&cstp=mx900x900&ctp=s80x80&_nc_cat=102&_nc_map=urlgen_bucketless&ccb=1-7&_nc_sid=167101&_nc_ohc=BjmboU22tuwQ7kNvwFblmA6&_nc_oc=AdrOQHgSDAECEnKe7cOA9DtlvB0jQLX9wQHobFrbmiSHvZtxuk6DakU5Ypo_2bxkw5Y&_nc_zt=24&_nc_ht=scontent.fsgn8-4.fna&_nc_gid=EfEQdd3pBotuPrv40eO0Hw&_nc_ss=7b2a8&oh=00_AQNiJeceHGpG3BDaTU-NiPNQ3FhPugrEenoMrSTlnT6OlA&oe=6AC6D960"
285,"Dalmatian Community","https://www.facebook.com/profile.php?id=61594315905262","https://scontent.fsgn8-4.fna.fbcdn.net/v/t39.30808-1/820085307_122254247486121453_5416028582306608032_n.jpg?stp=cp0_dst-jpg_tt6&cstp=mx1254x1254&ctp=s80x80&_nc_cat=104&_nc_map=urlgen_bucketless&ccb=1-7&_nc_sid=167101&_nc_ohc=vHwLOnDbXG4Q7kNvwEA4abj&_nc_oc=Adqf1IVeH85y-ighExVERTrWJwWwLSWQMIIn77nj5bZsyAifdNJwJ-M12wSHskCdJfM&_nc_zt=24&_nc_ht=scontent.fsgn8-4.fna&_nc_gid=EfEQdd3pBotuPrv40eO0Hw&_nc_ss=7b2a8&oh=00_AQO9ub8VIF3XyJpbFjH-tKSvNpZghDH2gS2i_I5cpjMIoA&oe=6AC6E008"
286,"Jet Black Labrador","https://www.facebook.com/profile.php?id=61592536678352","https://scontent.fsgn8-4.fna.fbcdn.net/v/t39.30808-1/823382035_122116404993417889_538129730666002842_n.jpg?stp=cp0_dst-jpg_tt6&cstp=mx807x806&ctp=s80x80&_nc_cat=101&_nc_map=urlgen_bucketless&ccb=1-7&_nc_sid=167101&_nc_ohc=nVYE58zb174Q7kNvwFzb0ly&_nc_oc=AdqBt5PxUBTCoePxLXp42IBvHx-0qqy7aEEwrSO-LXA_i7jrC_jMXI2OiWneN34bTyM&_nc_zt=24&_nc_ht=scontent.fsgn8-4.fna&_nc_gid=sNLLbJHIxU8d6hRg3-Q_cQ&_nc_ss=7b2a8&oh=00_AQOdqvV9IWpvVSPe7uYhShENLjqzBiWWKJscZr2-4qnrlg&oe=6AC6DC2A"
287,"Maricris Tapis Sta Ana","https://www.facebook.com/maricris.staana.395","https://scontent.fsgn8-4.fna.fbcdn.net/v/t39.30808-1/742428890_1780239553286192_2995812006087937474_n.jpg?stp=cp0_dst-jpg_tt6&cstp=mx828x828&ctp=s80x80&_nc_cat=101&_nc_map=urlgen_bucketless&ccb=1-7&_nc_sid=167101&_nc_ohc=fr8VVnsFJmcQ7kNvwFc7erx&_nc_oc=AdpmoGI5CjPDnzvC7Nj15hO817mb_SemD726z2SG5cdpc6qzHQS7sN4iRB9XedHzxVw&_nc_zt=24&_nc_ht=scontent.fsgn8-4.fna&_nc_gid=sNLLbJHIxU8d6hRg3-Q_cQ&_nc_ss=7b2a8&oh=00_AQN_FE1aZtBlb43v5F3ldg0r1hLFjL_U_D-9F4-M0DI_8Q&oe=6AC6E396"
288,"Madhuka Nuwan Kumara","https://www.facebook.com/Madukanuwankumara","https://scontent.fsgn8-4.fna.fbcdn.net/v/t39.30808-1/763907623_1771207604019225_4432273744862693219_n.jpg?stp=cp0_dst-jpg_tt6&cstp=mx1920x1920&ctp=s80x80&_nc_cat=109&_nc_map=urlgen_bucketless&ccb=1-7&_nc_sid=167101&_nc_ohc=B1qHsJsmTMgQ7kNvwGikZOn&_nc_oc=AdqO4aj0blg7UmGc8FPYtZJfVxxTi2MC63N75WG6SoDsuiq9uOYGs9cUnkamrBUQBMg&_nc_zt=24&_nc_ht=scontent.fsgn8-4.fna&_nc_gid=sNLLbJHIxU8d6hRg3-Q_cQ&_nc_ss=7b2a8&oh=00_AQP7QDytgUyillWkDaI8E73h3gJPgphpXV1mPb9W5SdXxw&oe=6AC6EFF7"
289,"Dalmatian Lovers","https://www.facebook.com/profile.php?id=61591059733900","https://scontent.fsgn8-4.fna.fbcdn.net/v/t39.30808-1/731147435_122100042561368657_1847302231432137767_n.jpg?stp=cp0_dst-jpg_tt6&cstp=mx600x604&ctp=p80x80&_nc_cat=110&_nc_map=urlgen_bucketless&ccb=1-7&_nc_sid=167101&_nc_ohc=-AVHjfirJQMQ7kNvwHwhJuN&_nc_oc=Adqe5HEMfnPFnMOnGwA5j69AMIYnHRYRXJSgU8HnCFU88FYt8FUn7dzACA2Y7W8vPj8&_nc_zt=24&_nc_ht=scontent.fsgn8-4.fna&_nc_gid=sNLLbJHIxU8d6hRg3-Q_cQ&_nc_ss=7b2a8&oh=00_AQOtQlmbWaxNYI7DW7Ru9tI73pGcXan9XnHUzW3YFV9wig&oe=6AC6CE95"
290,"Labrador lover","https://www.facebook.com/profile.php?id=61584795153635","https://scontent.fsgn8-4.fna.fbcdn.net/v/t39.30808-1/603875155_122105133531159838_2193740163391629482_n.jpg?stp=c0.0.736.736a_cp0_dst-jpg_tt6&cstp=mx736x736&ctp=s80x80&_nc_cat=106&_nc_map=urlgen_bucketless&ccb=1-7&_nc_sid=167101&_nc_ohc=0HOTHurheRQQ7kNvwEuk2fX&_nc_oc=AdoI7srL3_tfqQmVjWxZ6REr6U-lWvv1j44WJM0SuooyKKog1jTp6V0UpDS3-HotGw4&_nc_zt=24&_nc_ht=scontent.fsgn8-4.fna&_nc_gid=sNLLbJHIxU8d6hRg3-Q_cQ&_nc_ss=7b2a8&oh=00_AQO4gN6858ehZJSKIeif4pcST4y-VlTI91EUifI28yG_Pw&oe=6AC6C839"
291,"doodlesnretrievers","https://www.facebook.com/profile.php?id=61583431122156","https://scontent.fsgn8-4.fna.fbcdn.net/v/t39.30808-1/580069950_3173162342858431_7270417541322325437_n.jpg?stp=c0.0.1290.1290a_cp0_dst-jpg_tt6&cstp=mx1290x1290&ctp=s80x80&_nc_cat=101&_nc_map=urlgen_bucketless&ccb=1-7&_nc_sid=167101&_nc_ohc=_M9FqeqcPCkQ7kNvwHTZ5YR&_nc_oc=Adoy3DfV_j2Ggleoag-fIWRIbxgZJcu6hGbyWOHfNwwhbycnBwoJEFUb-Ru0f-0KOtI&_nc_zt=24&_nc_ht=scontent.fsgn8-4.fna&_nc_gid=sNLLbJHIxU8d6hRg3-Q_cQ&_nc_ss=7b2a8&oh=00_AQP59ubKi1IY1AvOq61WL0RwU9s2IIqIZ4ZV1ONIlAqn_Q&oe=6AC6EADF"
292,"American Puppy Farm","https://www.facebook.com/profile.php?id=61594069585163","https://scontent.fsgn8-4.fna.fbcdn.net/v/t39.30808-1/817329480_122111415879468986_8293940782908069423_n.jpg?stp=c50.50.1154.1154a_cp0_dst-jpg_tt6&cstp=mx1154x1154&ctp=s80x80&_nc_cat=107&_nc_map=urlgen_bucketless&ccb=1-7&_nc_sid=167101&_nc_ohc=X_I4fDR1LqEQ7kNvwHvrMbl&_nc_oc=AdpxKI2vheMcC0F0mf7QoLkuYCwV_kua6TCKIejWsUb28u5M5YaSIBPZH80VSlflKQc&_nc_zt=24&_nc_ht=scontent.fsgn8-4.fna&_nc_gid=sNLLbJHIxU8d6hRg3-Q_cQ&_nc_ss=7b2a8&oh=00_AQNRku-r1V96pja5IaYRIf0XCZ8bnS2M3pNyDZhdrhw9gw&oe=6AC6EC46"
293,"มันนี่ หมาขี้ดื้อ","https://www.facebook.com/moneyandmeme","https://scontent.fsgn8-4.fna.fbcdn.net/v/t39.30808-1/425301911_873710444547628_3637680605146249842_n.jpg?stp=cp0_dst-jpg_tt6&cstp=mx911x910&ctp=s80x80&_nc_cat=106&_nc_map=urlgen_bucketless&ccb=1-7&_nc_sid=167101&_nc_ohc=aJp1Ps0T5xIQ7kNvwG70lsc&_nc_oc=AdpCxGrWZHlOA8JkoKADXoCSbsCFhCQZXZw6xDXuuIyevrB1ZrN7Uo5qfDUIsDL2szk&_nc_zt=24&_nc_ht=scontent.fsgn8-4.fna&_nc_gid=sNLLbJHIxU8d6hRg3-Q_cQ&_nc_ss=7b2a8&oh=00_AQNKICv0NtNPzu7oVSxkAxr5Irmu9QOU7428gxjOcJiUxw&oe=6AC6C622"
294,"Élevage du Tonnerre d’Argent","https://www.facebook.com/ElevageDuTonnerredArgent","https://scontent.fsgn8-4.fna.fbcdn.net/v/t39.30808-1/760984342_122212435868926542_8341279238099236164_n.jpg?stp=cp0_dst-jpg_tt6&cstp=mx1254x1254&ctp=s80x80&_nc_cat=107&_nc_map=urlgen_bucketless&ccb=1-7&_nc_sid=167101&_nc_ohc=gOI_yEf5nRMQ7kNvwFvq4Mt&_nc_oc=AdqZiyblSYLmEkxphs89iL23p4-cUZ5Yjb4nI2phXirG0Yip4csLpYIuCPGN-bxXcR0&_nc_zt=24&_nc_ht=scontent.fsgn8-4.fna&_nc_gid=stIoErHI6PfLxQ4suuxoqw&_nc_ss=7b2a8&oh=00_AQOqn2s8V9_R7OgXILGC3TZ1ACT6gFoREMLiRZaGIuE9dA&oe=6AC6CF78"
295,"American Staffordshire Terrier Lovers","https://www.facebook.com/profile.php?id=61588094972214","https://scontent.fsgn8-4.fna.fbcdn.net/v/t39.30808-1/633166054_122096196399269832_2671108226657305648_n.jpg?stp=cp0_dst-jpg_tt6&cstp=mx736x741&ctp=p80x80&_nc_cat=106&_nc_map=urlgen_bucketless&ccb=1-7&_nc_sid=167101&_nc_ohc=kMmGvk90RpcQ7kNvwF4YL7p&_nc_oc=Ado-GJTmDsAajPjBpVGPtFmMwS1rxbid6bxdqDaqJrau5n_mOUHtyW2mgbdrzbaI5Cs&_nc_zt=24&_nc_ht=scontent.fsgn8-4.fna&_nc_gid=stIoErHI6PfLxQ4suuxoqw&_nc_ss=7b2a8&oh=00_AQN8wC2wepBCZQkUcI03QoHVVOdT1jeoaWgRC6c19ARuCA&oe=6AC6DF05"
296,"Black Labrador Retriever Unity","https://www.facebook.com/profile.php?id=61569464145698","https://scontent.fsgn8-4.fna.fbcdn.net/v/t39.30808-1/469065423_122104759460648804_7526042875483825963_n.jpg?stp=cp0_dst-jpg_tt6&cstp=mx500x504&ctp=p80x80&_nc_cat=103&_nc_map=urlgen_bucketless&ccb=1-7&_nc_sid=167101&_nc_ohc=0i4nqvVd04kQ7kNvwE20eWI&_nc_oc=AdrC8VERpmojOMP5hVSTv3A6MCYhh-t9_kFXIawvApj5k1GVFz5BsXmeJ4ZWhCzFEWM&_nc_zt=24&_nc_ht=scontent.fsgn8-4.fna&_nc_gid=stIoErHI6PfLxQ4suuxoqw&_nc_ss=7b2a8&oh=00_AQMlcthbVKbZjjOKSiQqHBX8xaCWv9wwmuIBY8_MdPRSAQ&oe=6AC6C296"
297,"We Love Vizsla","https://www.facebook.com/profile.php?id=61575230097035","https://scontent.fsgn8-4.fna.fbcdn.net/v/t39.30808-1/490078825_1858578038226220_5487809667471513717_n.jpg?stp=cp0_dst-jpg_tt6&cstp=mx1024x1024&ctp=s80x80&_nc_cat=103&_nc_map=urlgen_bucketless&ccb=1-7&_nc_sid=167101&_nc_ohc=quYcerOxH98Q7kNvwGyY-UM&_nc_oc=Adr8V7VroEnN9_zIBeFBRcGxB1xI34ukaox5B2nhgHCa7PZmC6wDv5IyrefR6oL-v4o&_nc_zt=24&_nc_ht=scontent.fsgn8-4.fna&_nc_gid=stIoErHI6PfLxQ4suuxoqw&_nc_ss=7b2a8&oh=00_AQNTXQ0XzIK8XKxDrX5_HbiLzHwD07vAbQ4XAE_agsH7gA&oe=6AC6BC61"
298,"Desert Coyote","https://www.facebook.com/profile.php?id=61594574984582","https://scontent.fsgn8-4.fna.fbcdn.net/v/t39.30808-1/825281570_122104784991485832_1018174234929613904_n.webp?stp=cp0_dst-png&cstp=mx1600x1600&ctp=s80x80&_nc_cat=101&_nc_map=urlgen_bucketless&ccb=1-7&_nc_sid=167101&_nc_ohc=xXz03DdqKnsQ7kNvwGX9Yqd&_nc_oc=AdpUrIKr5XV8N_-BlrfP3znMm0vnZMR4LGMu6S1ae2_0GfmKlW-qdc1wd2cwhbuDOdU&_nc_zt=24&_nc_ht=scontent.fsgn8-4.fna&_nc_gid=stIoErHI6PfLxQ4suuxoqw&_nc_ss=7b2a8&oh=00_AQPK-5oej1wsmNuJydebjJzWXeNdTZ0gP7l6I2Mh_KpPwA&oe=6AC6F350"
299,"Miui","https://www.facebook.com/huskyhandsome","https://scontent.fsgn8-4.fna.fbcdn.net/v/t39.30808-1/713673624_1286111407021532_863581623101411039_n.jpg?stp=cp0_dst-jpg_tt6&cstp=mx1254x1254&ctp=s80x80&_nc_cat=104&_nc_map=urlgen_bucketless&ccb=1-7&_nc_sid=167101&_nc_ohc=I1pRlQRAEZsQ7kNvwEGVfzJ&_nc_oc=AdrgDEByuSfvnQYw4_fZ4D6Aa-hf0DGebMRymNX9dWfB6b7XG2tTG3geICCUJ-Nxlac&_nc_zt=24&_nc_ht=scontent.fsgn8-4.fna&_nc_gid=stIoErHI6PfLxQ4suuxoqw&_nc_ss=7b2a8&oh=00_AQOvOweiOkTfaM9qIt4k9tqzSuoFHPjU4nIQGXW7IZR8yg&oe=6AC6C4F6"
300,"premium vizsla valley","https://www.facebook.com/profile.php?id=61576034690671","https://scontent.fsgn8-4.fna.fbcdn.net/v/t39.30808-1/724442393_122185253240867823_6274369019205495353_n.jpg?stp=cp0_dst-jpg_tt6&cstp=mx816x811&ctp=s80x80&_nc_cat=107&_nc_map=urlgen_bucketless&ccb=1-7&_nc_sid=167101&_nc_ohc=_501G7-_rY8Q7kNvwGU8rRI&_nc_oc=AdrKInlE2IFTH4yHyTGolvXoibsABigthF2V1h1P4EsQWTlU2JokOFLwAuhRTDOoCjc&_nc_zt=24&_nc_ht=scontent.fsgn8-4.fna&_nc_gid=stIoErHI6PfLxQ4suuxoqw&_nc_ss=7b2a8&oh=00_AQP6ee9Q1g_AXVC9Ja_wTtuQnR9cGA6wAZzTR_5y6gEKGg&oe=6AC6C027"
301,"Frenchies.baby","https://www.facebook.com/profile.php?id=100091780843168","https://scontent.fsgn8-4.fna.fbcdn.net/v/t39.30808-1/355109560_166425689760125_5245274118047546886_n.jpg?stp=cp0_dst-jpg_tt6&cstp=mx959x960&ctp=s80x80&_nc_cat=1&ccb=1-7&_nc_sid=167101&_nc_ohc=MvOjhGkM1tAQ7kNvwHygIlX&_nc_oc=AdoHUdp3LWiruCsYPxJJTsmssUh99BbxJBgdIgqzuAKlhhyA-GsreoYr4urKqfRxcu0&_nc_zt=24&_nc_ht=scontent.fsgn8-4.fna&_nc_gid=stIoErHI6PfLxQ4suuxoqw&_nc_ss=7b2a8&oh=00_AQPuZ9M_GxUjbrlB8D7Ek2V_4psMZ8TDOSLfha3PNcA65g&oe=6AC6BF8F"
302,"Jack russell de Capsil","https://www.facebook.com/jackrusselldecapsil","https://scontent.fsgn8-4.fna.fbcdn.net/v/t1.6435-1/162384489_130465989079763_909318710300129859_n.jpg?stp=cp0_dst-jpg_tt6&cstp=mx1474x1475&ctp=s80x80&_nc_cat=105&_nc_map=urlgen_bucketless&ccb=1-7&_nc_sid=167101&_nc_ohc=HruM7Zx_SRcQ7kNvwHKsVL8&_nc_oc=AdohAnCacFYprO7blftNRw8ryi-fXQyIfK_Lkd_H1yLNF7QLgwJKGjty0oBR0yMbcwc&_nc_zt=24&_nc_ht=scontent.fsgn8-4.fna&_nc_gid=Lfan5WIjnfNAzT0-STaPew&_nc_ss=7b2a8&oh=00_AQMadAy60B98dsHuMYhq6cHL4nAn4WixBJJmvkFvRSXinA&oe=6AE85C56"
303,"Tuhannenjayhden terrierit","https://www.facebook.com/lolajackrussellinterrieri","https://scontent.fsgn8-4.fna.fbcdn.net/v/t39.30808-1/788171641_1502149658619782_505961264761570581_n.jpg?stp=cp0_dst-jpg_tt6&cstp=mx1086x1086&ctp=s80x80&_nc_cat=110&_nc_map=urlgen_bucketless&ccb=1-7&_nc_sid=167101&_nc_ohc=hOki61zcotYQ7kNvwHlmwH9&_nc_oc=AdqRcuw6VctTMEa-NBBi3npEDvv8NYNE9vqBt6Roh0RaVFEFYsJLg_jBMc7rnasJLLk&_nc_zt=24&_nc_ht=scontent.fsgn8-4.fna&_nc_gid=Lfan5WIjnfNAzT0-STaPew&_nc_ss=7b2a8&oh=00_AQNJq0TIqZ14lJTGOgGyYidQjgGWC6-Xbvq-tsCkLZYYbw&oe=6AC6EAE8"
304,"Pureblood Canine","https://www.facebook.com/profile.php?id=61552381558501","https://scontent.fsgn8-4.fna.fbcdn.net/v/t39.30808-1/387806731_700770945303435_4261434277509844192_n.jpg?stp=cp0_dst-jpg_tt6&cstp=mx1246x1245&ctp=s80x80&_nc_cat=105&_nc_map=urlgen_bucketless&ccb=1-7&_nc_sid=167101&_nc_ohc=vloUjP0In4MQ7kNvwHAFG2A&_nc_oc=AdqLnc03vhDJSmErkG6IFdgRJM8t-NKKTuiz3I-k8-exEg6DBmT9AEFzamZJAd0mggc&_nc_zt=24&_nc_ht=scontent.fsgn8-4.fna&_nc_gid=Lfan5WIjnfNAzT0-STaPew&_nc_ss=7b2a8&oh=00_AQOlICp0_zGsCIq15mZQyEEE1b7QTclZdUgDtvUvNbEN8A&oe=6AC6ED13"
305,"The Happy Vizslas","https://www.facebook.com/profile.php?id=61593660584807","https://scontent.fsgn8-4.fna.fbcdn.net/v/t39.30808-1/790528871_10175199758905361_3915667037071688883_n.jpg?stp=c0.0.1536.1536a_cp6_dst-jpg_tt6&cstp=mx1536x1536&ctp=s80x80&_nc_cat=105&_nc_map=urlgen_bucketless&ccb=1-7&_nc_sid=167101&_nc_ohc=J4uG5NQJ99AQ7kNvwEnLorz&_nc_oc=AdrCYGi8tcTI3Rq3GPZBIBEggKXCuQcvDbZPTHKRztG8rI11Z7iLLyje6i-E6eA9HHs&_nc_zt=24&_nc_ht=scontent.fsgn8-4.fna&_nc_gid=Lfan5WIjnfNAzT0-STaPew&_nc_ss=7b2a8&oh=00_AQPW3ekIhp55rK4QgijBCueLjZqFlM3jtvnxXWMfFEP8BQ&oe=6AC6DA2B"
306,"Tiny Wild Moments","https://www.facebook.com/TinyWildMoments26","https://scontent.fsgn8-4.fna.fbcdn.net/v/t39.30808-1/800756013_10162948604855009_3204893496550872791_n.jpg?stp=cp0_dst-jpg_tt6&cstp=mx2048x2048&ctp=s80x80&_nc_cat=103&_nc_map=urlgen_bucketless&ccb=1-7&_nc_sid=167101&_nc_ohc=1J2_KumbFJsQ7kNvwE9TO_i&_nc_oc=AdpXnRXTm4A6Jc0PkJYAx22_SY15AdRfABs7zCLchaOFzrtDbsGmmYk7TXkV15Mg7Q8&_nc_zt=24&_nc_ht=scontent.fsgn8-4.fna&_nc_gid=Lfan5WIjnfNAzT0-STaPew&_nc_ss=7b2a8&oh=00_AQNhY28a8RdJoNftvPpQCjcs1dU1ZTPVETOju0rcWZnxOw&oe=6AC6D2E4"
307,"Maverick.bradley","https://www.facebook.com/profile.php?id=61594531071235","https://scontent.fsgn8-4.fna.fbcdn.net/v/t1.30497-1/453178253_471506465671661_2781666950760530985_n.png?stp=cp0_dst-png&cstp=mx2048x2048&ctp=s80x80&_nc_cat=1&ccb=1-7&_nc_sid=6b836b&_nc_ohc=v_XEyutpHp0Q7kNvwH5qEFo&_nc_oc=Adrfq4-ggnCWfXJZEHEB-WKTjli7CwVkm2Eyexxg9FCuHIm4hrcvsETkI2NUgE1EzG0&_nc_zt=24&_nc_ht=scontent.fsgn8-4.fna&_nc_ss=7b2a8&oh=00_AQMskJSmYxSlLiJypHqLAJj71d9grKeiOPqOnav61GNZHQ&oe=6AE887FA"
308,"CupidPup","https://www.facebook.com/CupidPup","https://scontent.fsgn8-4.fna.fbcdn.net/v/t39.30808-1/779017746_122109198381425552_3903327327137967765_n.jpg?stp=cp0_dst-jpg_tt6&cstp=mx536x536&ctp=s80x80&_nc_cat=109&_nc_map=urlgen_bucketless&ccb=1-7&_nc_sid=167101&_nc_ohc=5oiRIbdX_mgQ7kNvwFM1q9C&_nc_oc=Adptagph4HhoRcpKe0Y2tOlj9JpaWHbtGG0VyU5RD1stmam2JvWpXKA9w8TVD-sJviA&_nc_zt=24&_nc_ht=scontent.fsgn8-4.fna&_nc_gid=Lfan5WIjnfNAzT0-STaPew&_nc_ss=7b2a8&oh=00_AQNmI2DX67o3UXWBG-kcqTDxoNhBm4pR85fWULs7LNPy4A&oe=6AC6ED1D"
309,"Black Staffy Lovers","https://www.facebook.com/profile.php?id=61590601766502","https://scontent.fsgn8-4.fna.fbcdn.net/v/t39.30808-1/741168850_122120112915353392_6689856795233261331_n.jpg?stp=cp0_dst-jpg_tt6&cstp=mx585x574&ctp=p80x80&_nc_cat=103&_nc_map=urlgen_bucketless&ccb=1-7&_nc_sid=167101&_nc_ohc=xYNhXmKn2YQQ7kNvwGEAOz7&_nc_oc=AdpWxYxyvvdsaQZO2ou2QZYPCUt5wQwNZZsEhuFNuFboNMchkYZXkUowfve5JQViTXI&_nc_zt=24&_nc_ht=scontent.fsgn8-4.fna&_nc_gid=Lfan5WIjnfNAzT0-STaPew&_nc_ss=7b2a8&oh=00_AQOPr3raTQiVSBTmmWQ_xDikGL8fJ0C5b4leax8_dvCGlQ&oe=6AC6D916"
310,"vom haus arkino","https://www.facebook.com/profile.php?id=61552356302046","https://scontent.fsgn8-4.fna.fbcdn.net/v/t39.30808-1/394395080_122107961324078543_7372371882674678528_n.jpg?stp=cp0_dst-jpg_tt6&cstp=mx1080x1080&ctp=s80x80&_nc_cat=106&_nc_map=urlgen_bucketless&ccb=1-7&_nc_sid=167101&_nc_ohc=nX2euRVSvmAQ7kNvwF8EXCu&_nc_oc=AdrbzrcZFR4UcSWuwdy_C47Dgm6lPohTHwVZcPtsGFDyM47cHmANCWnQmvwf_OWUz2M&_nc_zt=24&_nc_ht=scontent.fsgn8-4.fna&_nc_gid=4Hxmx0kXP_SveIOl3vTkOA&_nc_ss=7b2a8&oh=00_AQOizpd0WerjBIQQFnf_uyh5xH1xPld88Mp_4fc_2XyKpQ&oe=6AC6C859"
311,"Jack Russell Terrier","https://www.facebook.com/profile.php?id=61586773063637","https://scontent.fsgn8-4.fna.fbcdn.net/v/t39.30808-1/636815519_122108843151225768_5398132577068327749_n.jpg?stp=cp0_dst-jpg_tt6&cstp=mx736x736&ctp=s80x80&_nc_cat=110&_nc_map=urlgen_bucketless&ccb=1-7&_nc_sid=167101&_nc_ohc=BFfDw7oM-a8Q7kNvwHMD6b-&_nc_oc=AdqyXFZAAGghkLrJUZ1mibPw0PvFDeS9J8pi0QzCcSegyDPa8YdhOsyRgsqgtVzrjRU&_nc_zt=24&_nc_ht=scontent.fsgn8-4.fna&_nc_gid=4Hxmx0kXP_SveIOl3vTkOA&_nc_ss=7b2a8&oh=00_AQMDaSHQWc7JBS3h_yTvkreCA1fTjVxBXskoQllZPUayoA&oe=6AC6BF46"
312,"Kennel Ravnsgaard","https://www.facebook.com/profile.php?id=100057258107402","https://scontent.fsgn8-4.fna.fbcdn.net/v/t39.30808-1/440796482_930600915525170_2374217017459609703_n.jpg?stp=cp0_dst-jpg_tt6&cstp=mx720x720&ctp=s80x80&_nc_cat=111&_nc_map=urlgen_bucketless&ccb=1-7&_nc_sid=167101&_nc_ohc=BmJAkzRg4zsQ7kNvwEx0Mjp&_nc_oc=Ado8IH-I9K-tBcQtbXQn0kAN7KRb0j0AukDWFOLe16B7NocmfxhR34sfh4lGldB2ijY&_nc_zt=24&_nc_ht=scontent.fsgn8-4.fna&_nc_gid=4Hxmx0kXP_SveIOl3vTkOA&_nc_ss=7b2a8&oh=00_AQNtswc2xyj43DvpD9IwsJ7SZ7vKpx3RTzWDEkuGZPZZ3A&oe=6AC6D8F5"
313,"Jack Russel terrier Lovers","https://www.facebook.com/profile.php?id=61594139070918","https://scontent.fsgn8-4.fna.fbcdn.net/v/t39.30808-1/799958843_122100117375471302_1299844218786247390_n.jpg?stp=cp0_dst-jpg_tt6&cstp=mx307x302&ctp=p80x80&_nc_cat=101&_nc_map=urlgen_bucketless&ccb=1-7&_nc_sid=167101&_nc_ohc=tc68sfilA44Q7kNvwErEUHa&_nc_oc=Adqd_zR6iqd_Aw1QJWutXv8XKPQKOgtOpUiiPsoGqVQ5Lj3QCy6jUI3u0O9r_GSNldU&_nc_zt=24&_nc_ht=scontent.fsgn8-4.fna&_nc_gid=4Hxmx0kXP_SveIOl3vTkOA&_nc_ss=7b2a8&oh=00_AQNpJedhHU0H4B6cpH0ZeYa3enGTZBTa6ZEmOn4wFKTJ-A&oe=6AC6D66B"
314,"Benta-Valley Kennel","https://www.facebook.com/bentakennel","https://scontent.fsgn8-4.fna.fbcdn.net/v/t39.30808-1/799316923_122115602541370565_4081854376755700726_n.jpg?stp=cp0_dst-jpg_tt6&cstp=mx1254x1254&ctp=s80x80&_nc_cat=103&_nc_map=urlgen_bucketless&ccb=1-7&_nc_sid=167101&_nc_ohc=nxHOEvIeIPQQ7kNvwEaY4sM&_nc_oc=AdoiotF3II0OgDOnQelBaPiUyvAz9sv-ZapzNchou9xgI0lqR8YWcnIWmhpXwPh2APo&_nc_zt=24&_nc_ht=scontent.fsgn8-4.fna&_nc_gid=4Hxmx0kXP_SveIOl3vTkOA&_nc_ss=7b2a8&oh=00_AQP7GBTup4WKeZU056KWzIPcWnUJjoVIY_2cFhNzBsdwCg&oe=6AC6CC86"
315,"Shrewsbury Virals","https://www.facebook.com/profile.php?id=61591662802116","https://scontent.fsgn8-4.fna.fbcdn.net/v/t39.30808-1/731357239_122093999073388760_271931944354469_n.png?stp=cp0_dst-png&cstp=mx1290x1290&ctp=s80x80&_nc_cat=100&_nc_map=urlgen_bucketless&ccb=1-7&_nc_sid=167101&_nc_ohc=I36hFYk-5QUQ7kNvwG-UBcU&_nc_oc=Ado_Rc1ZPpfrAzjzegSTM301ujSL_WnLR0vjC1tPQImJX24dqLb4Auqg6GSAgDn2_e0&_nc_zt=24&_nc_ht=scontent.fsgn8-4.fna&_nc_gid=4Hxmx0kXP_SveIOl3vTkOA&_nc_ss=7b2a8&oh=00_AQOmWxe1E9DZqWnyjFhpwgnWjGyxDFsdGDRsQiYT9aIw7w&oe=6AC6DDD4"
316,"Gặp Nhau Cuối ngày","https://www.facebook.com/mocchieee","https://scontent.fsgn8-4.fna.fbcdn.net/v/t39.30808-1/720524377_122176910996901912_3679378762559584280_n.jpg?stp=cp0_dst-jpg_tt6&cstp=mx1086x1086&ctp=s80x80&_nc_cat=107&_nc_map=urlgen_bucketless&ccb=1-7&_nc_sid=167101&_nc_ohc=1Mtl1tv4j3YQ7kNvwEVq80S&_nc_oc=AdoBiZYm26Qgr0XxdVD5qUVqEXqGHDk2s6aI6xiZE8v0PV-3ilJGqmeirjAa6NbnBVs&_nc_zt=24&_nc_ht=scontent.fsgn8-4.fna&_nc_gid=4Hxmx0kXP_SveIOl3vTkOA&_nc_ss=7b2a8&oh=00_AQNNjSr3Wc_i2Dcb0ldf1AWskpFKqo5OcJGOgP1uzayL_Q&oe=6AC6F175"
317,"Rottie Lovers Ranch of Texas","https://www.facebook.com/profile.php?id=61550792753717","https://scontent.fsgn8-4.fna.fbcdn.net/v/t39.30808-1/730414270_122308058054026425_2319504947213194874_n.jpg?stp=cp6_dst-jpg_tt6&cstp=mx878x878&ctp=s80x80&_nc_cat=100&_nc_map=urlgen_bucketless&ccb=1-7&_nc_sid=167101&_nc_ohc=HruGM68glnUQ7kNvwESrmqi&_nc_oc=AdrxTxMlaL7kFNnGmAUVR9QRV__YsaZgfLoXvfFcmfD1Rl03OwB8L2nVIdFLn6LCK14&_nc_zt=24&_nc_ht=scontent.fsgn8-4.fna&_nc_gid=4Hxmx0kXP_SveIOl3vTkOA&_nc_ss=7b2a8&oh=00_AQMWzwbRU1FT9949qVg5Ud51zBZHlxmQ6FgB9qshzw7-_g&oe=6AC6C0D3"
318,"Mijaco Boxers","https://www.facebook.com/profile.php?id=61573879629296","https://scontent.fsgn8-4.fna.fbcdn.net/v/t39.30808-1/484926617_122111832080795987_6794711437197967788_n.jpg?stp=c0.341.1366.1366a_cp0_dst-jpg_tt6&cstp=mx1366x1366&ctp=s80x80&_nc_cat=109&_nc_map=urlgen_bucketless&ccb=1-7&_nc_sid=167101&_nc_ohc=ck72qKOTjboQ7kNvwGt2vkj&_nc_oc=Adp5sPhYvD5uqYVHjoBEL1t-ZTe9EdXMzKNvVUBkA9hbFXWbTO5DmR7GekMntUEp9Ys&_nc_zt=24&_nc_ht=scontent.fsgn8-4.fna&_nc_gid=1VIAoIyt8aVIsrsTr_LJLg&_nc_ss=7b2a8&oh=00_AQPuT74AnnnoKM9isF5YKdsixTC5by5l0bbtAaTf9oBg5w&oe=6AC6D5CA"
319,"Kingdom Bully Kennels","https://www.facebook.com/profile.php?id=61550258753029","https://scontent.fsgn8-4.fna.fbcdn.net/v/t39.30808-1/380713744_122133387074008625_9029370242901526548_n.jpg?stp=cp0_dst-jpg_tt6&cstp=mx1080x1080&ctp=s80x80&_nc_cat=109&_nc_map=urlgen_bucketless&ccb=1-7&_nc_sid=167101&_nc_ohc=APOd7AqQDqcQ7kNvwGFO3-F&_nc_oc=AdqPZuJl072b0asGxVPh3TzBzoo-vbWWWtdY7reVFUW4en3rBJWUU8FMno36GwLbFYE&_nc_zt=24&_nc_ht=scontent.fsgn8-4.fna&_nc_gid=1VIAoIyt8aVIsrsTr_LJLg&_nc_ss=7b2a8&oh=00_AQMm0EsBfCXpostgPVeMnLc4abLfcbiM0NhfV2MJ9cqAjg&oe=6AC6F48C"
320,"Jackrussellg1","https://www.facebook.com/profile.php?id=61587133386618","https://scontent.fsgn8-4.fna.fbcdn.net/v/t39.30808-1/679874047_122122020231237779_6756195270251249435_n.jpg?stp=cp0_dst-jpg_tt6&cstp=mx1060x1060&ctp=s80x80&_nc_cat=102&_nc_map=urlgen_bucketless&ccb=1-7&_nc_sid=167101&_nc_ohc=BgqTzTR4I7kQ7kNvwFzEAN5&_nc_oc=Ado3zcycfNpMINtjpeqVyCyMnxPxlZ4KgHg-hKTptZp1Tc7jhCXPY9vfcgHyvXscAyc&_nc_zt=24&_nc_ht=scontent.fsgn8-4.fna&_nc_gid=1VIAoIyt8aVIsrsTr_LJLg&_nc_ss=7b2a8&oh=00_AQNcnJUQbbxKEJqvfshek1BOHWHfe4k01eNYgT-Cm6CnSg&oe=6AC6F055"
321,"Doggo Diaries","https://www.facebook.com/Doggodiaries11","https://scontent.fsgn8-4.fna.fbcdn.net/v/t39.30808-1/702660234_122095476489340023_5772803633032787602_n.jpg?stp=cp0_dst-jpg_tt6&cstp=mx960x960&ctp=s80x80&_nc_cat=109&_nc_map=urlgen_bucketless&ccb=1-7&_nc_sid=167101&_nc_ohc=PWIIj3Yl1q8Q7kNvwF6mKGv&_nc_oc=AdrYUdI0rSodT6ghqm7QN3Qp6oUo95bTtE8DWjUTiRXTjGztkmyA55_abpNK0qA8u80&_nc_zt=24&_nc_ht=scontent.fsgn8-4.fna&_nc_gid=1VIAoIyt8aVIsrsTr_LJLg&_nc_ss=7b2a8&oh=00_AQPKy-3RSxweTPdV4yJcYiRByaXLFzHb46qbQcvmtT_Sgw&oe=6AC6CDEC"
322,"I Love My Labrador Retriever","https://www.facebook.com/profile.php?id=61590390425289","https://scontent.fsgn8-4.fna.fbcdn.net/v/t39.30808-1/711531962_122100331989346347_4343615117327265703_n.jpg?stp=c0.0.735.735a_cp0_dst-jpg_tt6&cstp=mx735x735&ctp=s80x80&_nc_cat=107&_nc_map=urlgen_bucketless&ccb=1-7&_nc_sid=167101&_nc_ohc=J0RQrM-1Ig8Q7kNvwHmuhVJ&_nc_oc=AdpPt_vGyqAJ3C8Dzzp07DbNEsBar7_-ieOyezOdJSsEw0EKTbHvvv5_jf5b59G2otw&_nc_zt=24&_nc_ht=scontent.fsgn8-4.fna&_nc_gid=1VIAoIyt8aVIsrsTr_LJLg&_nc_ss=7b2a8&oh=00_AQPAUYzjswipdf6hDycL40hhfZdqTMK5CuuABtICO7JRzw&oe=6AC6E9C9"
323,"Dusty Side","https://www.facebook.com/profile.php?id=100095032098941","https://scontent.fsgn8-4.fna.fbcdn.net/v/t39.30808-1/362951961_109974738846929_7532274954554566545_n.jpg?stp=cp6_dst-jpg_tt6&cstp=mx688x688&ctp=s80x80&_nc_cat=105&_nc_map=urlgen_bucketless&ccb=1-7&_nc_sid=167101&_nc_ohc=srpZQD-UAccQ7kNvwGppL9X&_nc_oc=Adoh4_VFTQey0ZeILPw_a-a1TVwKh7pwBk2VITcRTwmW2tOSB_n1W8WBHhTzhWVnQyE&_nc_zt=24&_nc_ht=scontent.fsgn8-4.fna&_nc_gid=1VIAoIyt8aVIsrsTr_LJLg&_nc_ss=7b2a8&oh=00_AQPi3w1VkyVNqqiRL45PM_MlKjcFoNzGfOkuJNlttMxIDA&oe=6AC6C7DB"
324,"Rottweiler Puppies Community","https://www.facebook.com/profile.php?id=61595030698070","https://scontent.fsgn8-4.fna.fbcdn.net/v/t39.30808-1/828126302_122096172837501023_3120626721875923000_n.jpg?stp=cp0_dst-jpg_tt6&cstp=mx1121x1123&ctp=s80x80&_nc_cat=106&_nc_map=urlgen_bucketless&ccb=1-7&_nc_sid=167101&_nc_ohc=u0VF80RGjLsQ7kNvwE01CaH&_nc_oc=AdrD-cLt7ouLvNCMCqFByvzQbmyhhJlPY1A0grkaXQseJP72rLFxfR3P2X2KMb4bpJs&_nc_zt=24&_nc_ht=scontent.fsgn8-4.fna&_nc_gid=1VIAoIyt8aVIsrsTr_LJLg&_nc_ss=7b2a8&oh=00_AQObJQ3P9v6y6jJXSh6zZddW7gNBRRlEgJM_VUko4UVB8w&oe=6AC6D4DF"
325,"Havanese Lovers","https://www.facebook.com/profile.php?id=61594642373893","https://scontent.fsgn8-4.fna.fbcdn.net/v/t39.30808-1/814493625_122265427688111334_5170519973525614681_n.jpg?stp=cp0_dst-jpg_tt6&cstp=mx1254x1254&ctp=s80x80&_nc_cat=109&_nc_map=urlgen_bucketless&ccb=1-7&_nc_sid=167101&_nc_ohc=7DYmbX0Bp9MQ7kNvwHzBCQH&_nc_oc=AdrOA6CMtjuEwByxHhm3dM_ZB0Yck-p7vNtY9tXOHvng6E-IJcv2fxRabZkC7Dlh4oQ&_nc_zt=24&_nc_ht=scontent.fsgn8-4.fna&_nc_gid=1VIAoIyt8aVIsrsTr_LJLg&_nc_ss=7b2a8&oh=00_AQNGNoUrFk8aW5g2zRn_fRT_cXMHI_tpuMZy_oqlOnK8VQ&oe=6AC6D709"
326,"Naharuthai Masuk","https://www.facebook.com/pimka.metang.masuk","https://scontent.fsgn8-4.fna.fbcdn.net/v/t39.30808-1/561332094_2646553042395612_6651964360885180887_n.jpg?stp=cp0_dst-jpg_tt6&cstp=mx960x960&ctp=s80x80&_nc_cat=104&_nc_map=urlgen_bucketless&ccb=1-7&_nc_sid=167101&_nc_ohc=jDQzIxoiY1oQ7kNvwGKY6cY&_nc_oc=AdrLPPu-clVijtSBaYqBpAUieKHBofJDq3pdTPOayIDoCM7pTd4vs-DUlBZbODEuM4k&_nc_zt=24&_nc_ht=scontent.fsgn8-4.fna&_nc_gid=xMbHHgmVbP2vdBQN5xEQaw&_nc_ss=7b2a8&oh=00_AQMv0YfSb-o7-zgPeAPtjyIzg2CGuxi59kZungddO9WGfA&oe=6AC6CDE8"
327,"Nguyên Bụng To","https://www.facebook.com/profile.php?id=100083353853964","https://scontent.fsgn8-4.fna.fbcdn.net/v/t39.30808-1/667228009_1015313084590477_2022677320575312484_n.jpg?stp=c0.512.1536.1536a_cp0_dst-jpg_tt6&cstp=mx1536x1536&ctp=s80x80&_nc_cat=100&_nc_map=urlgen_bucketless&ccb=1-7&_nc_sid=167101&_nc_ohc=GCupPbkOLn4Q7kNvwHiTgnQ&_nc_oc=AdpNnfYMXLBJwWlH1UNgfhIdMSSSTsrlDRDMnpHrvqAJazLXyEg8y7_KkJNAgEcds6M&_nc_zt=24&_nc_ht=scontent.fsgn8-4.fna&_nc_gid=xMbHHgmVbP2vdBQN5xEQaw&_nc_ss=7b2a8&oh=00_AQPGVCvPikvkob8tMh9N3QxVUwuZ2dzjGkD4Iq4YOOL-8A&oe=6AC6E747"
328,"Black Labrador Lovers","https://www.facebook.com/profile.php?id=61575330715562","https://scontent.fsgn8-4.fna.fbcdn.net/v/t39.30808-1/490729615_122234249060202637_2616843777570329080_n.jpg?stp=c0.0.600.600a_cp0_dst-jpg_tt6&cstp=mx600x600&ctp=s80x80&_nc_cat=103&_nc_map=urlgen_bucketless&ccb=1-7&_nc_sid=167101&_nc_ohc=HxvadyQ4xm0Q7kNvwGMMDBe&_nc_oc=AdqDk5IwEo84_HIckKWvAbGFQHF5aclrJFuL5Y8Ba_nDTLJrfbwcmUUuQoYhF0ziuCk&_nc_zt=24&_nc_ht=scontent.fsgn8-4.fna&_nc_gid=xMbHHgmVbP2vdBQN5xEQaw&_nc_ss=7b2a8&oh=00_AQMbw0v9eXOjCw3otO8Xvf8FHYslMmsKCOfVh5zHstMmCA&oe=6AC6CB12"
329,"Dalmatian My Love","https://www.facebook.com/profile.php?id=61567480820096","https://scontent.fsgn8-4.fna.fbcdn.net/v/t39.30808-1/673316087_122093023652582694_6808758031842045046_n.jpg?stp=cp0_dst-jpg_tt6&cstp=mx1080x1091&ctp=p80x80&_nc_cat=103&_nc_map=urlgen_bucketless&ccb=1-7&_nc_sid=167101&_nc_ohc=ovd8iq4BQNoQ7kNvwFwdaST&_nc_oc=AdrBxo590UxmpzFvOAeu7nWuKIEufP--n1pwaepv2ybv2lYG47F9r0N2yXXqDrWGvB0&_nc_zt=24&_nc_ht=scontent.fsgn8-4.fna&_nc_gid=xMbHHgmVbP2vdBQN5xEQaw&_nc_ss=7b2a8&oh=00_AQPsrpwfBG4Q5vARlNiDcr68hICt-Vqtaq51DNarJ9Aisg&oe=6AC6DC10"
330,"Cattle Creek Dachshunds","https://www.facebook.com/profile.php?id=100057278206934","https://scontent.fsgn8-4.fna.fbcdn.net/v/t39.30808-1/467909632_1080897293829534_8208254461920163570_n.jpg?stp=cp0_dst-jpg_tt6&cstp=mx2048x2048&ctp=s80x80&_nc_cat=105&_nc_map=urlgen_bucketless&ccb=1-7&_nc_sid=167101&_nc_ohc=kG4mrKzZo_0Q7kNvwFs2q79&_nc_oc=Adruofwbxsby8QbbkaY1fbzJTWo5DzRps_yii_uCcK1CO2lMLKreLP-Y6Po4y03zZ_M&_nc_zt=24&_nc_ht=scontent.fsgn8-4.fna&_nc_gid=xMbHHgmVbP2vdBQN5xEQaw&_nc_ss=7b2a8&oh=00_AQMAkH3UXUlwUX8LS7c3p-HoISF3mPgvOeYQAbfkcQlKDA&oe=6AC6EBEA"
331,"Paw Kindly","https://www.facebook.com/PawKindly1","https://scontent.fsgn8-4.fna.fbcdn.net/v/t39.30808-1/792225759_122132553369357593_4171861871086768753_n.jpg?stp=cp0_dst-jpg_tt6&cstp=mx1254x1254&ctp=s80x80&_nc_cat=100&_nc_map=urlgen_bucketless&ccb=1-7&_nc_sid=167101&_nc_ohc=cph4QY8gcucQ7kNvwEAs34d&_nc_oc=AdoRtMdBWTfyxCUvbUzdx8VHlotGD2M66hwE5hQ_f63W1b-vgrAkRw-a-bTaSAcbx9w&_nc_zt=24&_nc_ht=scontent.fsgn8-4.fna&_nc_gid=xMbHHgmVbP2vdBQN5xEQaw&_nc_ss=7b2a8&oh=00_AQPZFYmenUnxpOJSHk5_8Eoud2acgo-I3k9U8LfgnC74tw&oe=6AC6C404"
332,"thegrumpygolden","https://www.facebook.com/profile.php?id=100053348495061","https://scontent.fsgn8-4.fna.fbcdn.net/v/t39.30808-1/695348326_1519553519832917_103038967966243940_n.jpg?stp=cp0_dst-jpg_tt6&cstp=mx800x800&ctp=s80x80&_nc_cat=104&_nc_map=urlgen_bucketless&ccb=1-7&_nc_sid=167101&_nc_ohc=Ja356ucoziYQ7kNvwH2wfDY&_nc_oc=AdpDmRqOipEtAv1kcs2r8xg7WqEKDrTIA35mokSolLl8EdTUJ8Dc6p0A_07LjYoidXc&_nc_zt=24&_nc_ht=scontent.fsgn8-4.fna&_nc_gid=xMbHHgmVbP2vdBQN5xEQaw&_nc_ss=7b2a8&oh=00_AQOfOiwMwJy3JG0MdEGp0czWfxHJjLmL6CJH00DTVT_tfw&oe=6AC6EB23"
333,"Lucio Animals Farm Vlog","https://www.facebook.com/profile.php?id=61586968730391","https://scontent.fsgn8-4.fna.fbcdn.net/v/t39.30808-1/729877270_122123830227232291_5279638021310835019_n.jpg?stp=cp0_dst-jpg_tt6&cstp=mx432x432&ctp=s80x80&_nc_cat=103&_nc_map=urlgen_bucketless&ccb=1-7&_nc_sid=167101&_nc_ohc=NS42g-YRtRUQ7kNvwFiHt0p&_nc_oc=AdrZwoTa4HDox7Bia7bBDI2jzcr99lg8h4CIdkWWM6SteoAbCPGllSlxtnf3IMaUpek&_nc_zt=24&_nc_ht=scontent.fsgn8-4.fna&_nc_gid=xMbHHgmVbP2vdBQN5xEQaw&_nc_ss=7b2a8&oh=00_AQPPKuLfq-Gzk3hLFwGQRFvKjA6RlvfLpUvy0Jze5PH_bA&oe=6AC6D32B"
334,"Schnauzer Lovers","https://www.facebook.com/profile.php?id=61594684492118","https://scontent.fsgn8-4.fna.fbcdn.net/v/t39.30808-1/814971276_122256455606121705_2235549808982157633_n.jpg?stp=cp0_dst-jpg_tt6&cstp=mx1254x1254&ctp=s80x80&_nc_cat=109&_nc_map=urlgen_bucketless&ccb=1-7&_nc_sid=167101&_nc_ohc=2oUz7noYOgUQ7kNvwE7qDxa&_nc_oc=AdoDOO254YTC9gNIyQ1GErN35dstqK4OrREWZWWcbVNtfhAKBiES-ovVZJV_RtWQwAk&_nc_zt=24&_nc_ht=scontent.fsgn8-4.fna&_nc_gid=CEqg0dVhFTetkfEdzl3d8g&_nc_ss=7b2a8&oh=00_AQPQTAhXTBAGgqyr8IWCRfCTl5akUgIJrU9XZ7g3EwZf0g&oe=6AC6CD3D"
335,"MH Hridoy","https://www.facebook.com/profile.php?id=61564174577203","https://scontent.fsgn8-4.fna.fbcdn.net/v/t39.30808-1/459628384_122113099244472485_9182844103177700310_n.jpg?stp=cp0_dst-jpg_tt6&cstp=mx960x960&ctp=s80x80&_nc_cat=109&_nc_map=urlgen_bucketless&ccb=1-7&_nc_sid=167101&_nc_ohc=WaIm7XNkY_UQ7kNvwFtMxq2&_nc_oc=AdoLJ7_RrqSEhKU4i7GmwKT3ZPxN8kI_Qypo6o-HHe-KuURWf9DJMvlbC6DiW1kxhVY&_nc_zt=24&_nc_ht=scontent.fsgn8-4.fna&_nc_gid=CEqg0dVhFTetkfEdzl3d8g&_nc_ss=7b2a8&oh=00_AQOq7tfTJbrzkLKqWXd5Xc5yQVihbEwsEqFuG0XFr86hJg&oe=6AC6CAE0"
336,"Kennel Wild Hope Dance","https://www.facebook.com/profile.php?id=100089217620932","https://scontent.fsgn8-4.fna.fbcdn.net/v/t39.30808-1/789506800_1113030281680882_2404775039007371472_n.jpg?stp=cp0_dst-jpg_tt6&cstp=mx960x960&ctp=s80x80&_nc_cat=108&_nc_map=urlgen_bucketless&ccb=1-7&_nc_sid=167101&_nc_ohc=zd4Rs8Xzq7kQ7kNvwHQhGu9&_nc_oc=AdqdZGFgrIUHHxGcK3WM1H_EnHXSaEYuKiiQB1Vy5XFkv7ZoVhAmoXPrdjx-L-aXkEM&_nc_zt=24&_nc_ht=scontent.fsgn8-4.fna&_nc_gid=CEqg0dVhFTetkfEdzl3d8g&_nc_ss=7b2a8&oh=00_AQO2lBSWSbG1ADeQo7SZKRkdCAesVu0e09szRjpoSaWywA&oe=6AC6E1C7"
337,"Rhodesian Ridgeback","https://www.facebook.com/profile.php?id=61589370179502","https://scontent.fsgn8-4.fna.fbcdn.net/v/t39.30808-1/687706429_122095833891312339_9151603811764656176_n.jpg?stp=cp0_dst-jpg_tt6&cstp=mx800x800&ctp=s80x80&_nc_cat=100&_nc_map=urlgen_bucketless&ccb=1-7&_nc_sid=167101&_nc_ohc=VcXemvcboEoQ7kNvwE1oQ8l&_nc_oc=AdpCfu7k9NGn4Z435UWzgRFGQtJMR6shi-NGUpeZXJ1YgkdUmA7bpE-foVvTa1qhydk&_nc_zt=24&_nc_ht=scontent.fsgn8-4.fna&_nc_gid=CEqg0dVhFTetkfEdzl3d8g&_nc_ss=7b2a8&oh=00_AQNxP3-GzZ2QnM7q_RvfOc2rWVSw8_1EIN4YHjWLSJISjQ&oe=6AC6ED5B"
338,"Dachshund Owner","https://www.facebook.com/profile.php?id=61593488756723","https://scontent.fsgn8-4.fna.fbcdn.net/v/t39.30808-1/774149195_122094638685449625_7420440791176843019_n.jpg?stp=cp0_dst-jpg_tt6&cstp=mx1216x1228&ctp=s80x80&_nc_cat=103&_nc_map=urlgen_bucketless&ccb=1-7&_nc_sid=167101&_nc_ohc=P514fhPAJ54Q7kNvwGyxKRe&_nc_oc=Adq2K3_FSH_GPbOttPHBg8_0lBcY8iGtkPmDT9jI1mhNuWXUcQlcY8bU8h9kaUt5uuE&_nc_zt=24&_nc_ht=scontent.fsgn8-4.fna&_nc_gid=CEqg0dVhFTetkfEdzl3d8g&_nc_ss=7b2a8&oh=00_AQPQeTu-b30n6S846kR0Y1CH05CGjyeUvJmTl92YMk9geQ&oe=6AC6EBD6"
339,"Little Legs, Big Love","https://www.facebook.com/profile.php?id=61594176212587","https://scontent.fsgn8-4.fna.fbcdn.net/v/t39.30808-1/799143782_1591448232425611_7896965730174742883_n.jpg?stp=cp0_dst-jpg_tt6&cstp=mx1254x1254&ctp=s80x80&_nc_cat=107&_nc_map=urlgen_bucketless&ccb=1-7&_nc_sid=167101&_nc_ohc=oo8vqEwvPNQQ7kNvwGnNvuW&_nc_oc=AdrLyvFSItxZgFyRVQS727gcgKheX3hO9ZPQ1udwuOgb_NDuEx_meQrWDk826pewAQ0&_nc_zt=24&_nc_ht=scontent.fsgn8-4.fna&_nc_gid=CEqg0dVhFTetkfEdzl3d8g&_nc_ss=7b2a8&oh=00_AQMAXXwp0y1n-vgvg3ipsbNFVZlvqWOjrAiLXIc6PHrIjg&oe=6AC6C454"
340,"German Shepherd My Love","https://www.facebook.com/profile.php?id=61590764006520","https://scontent.fsgn8-4.fna.fbcdn.net/v/t39.30808-1/720155830_122101128543358800_4583158954673355513_n.jpg?stp=cp0_dst-jpg_tt6&cstp=mx926x934&ctp=p80x80&_nc_cat=109&_nc_map=urlgen_bucketless&ccb=1-7&_nc_sid=167101&_nc_ohc=6cLBxFtcwdUQ7kNvwFRVOKS&_nc_oc=AdoO8NUB3agOtcX6m4cTvxfy-uZSS9pdd4_XNXn8ZdGl5KJw5_BOhS-cRMnt6ZmrUxQ&_nc_zt=24&_nc_ht=scontent.fsgn8-4.fna&_nc_gid=CEqg0dVhFTetkfEdzl3d8g&_nc_ss=7b2a8&oh=00_AQMIAOjOyYgLnADgn5eHxofZodtbRj8gdxwNursbS8QDlQ&oe=6AC6BE61"
341,"Bordercollie lover","https://www.facebook.com/profile.php?id=61556214345262","https://scontent.fsgn8-4.fna.fbcdn.net/v/t39.30808-1/675060564_122290970558207144_3397297977270929133_n.jpg?stp=c7.0.611.611a_cp0_dst-jpg_tt6&cstp=mx611x611&ctp=s80x80&_nc_cat=100&_nc_map=urlgen_bucketless&ccb=1-7&_nc_sid=167101&_nc_ohc=QtaEI7yCwbMQ7kNvwFDyPZs&_nc_oc=AdqCK25JawMWRoIf-AhwhTOGHVjMzK43FFe2nnXzZ0DocnyCfl2JCdSXZEilcurd_7s&_nc_zt=24&_nc_ht=scontent.fsgn8-4.fna&_nc_gid=CEqg0dVhFTetkfEdzl3d8g&_nc_ss=7b2a8&oh=00_AQNf-vV3g19F_3fo6p7HA9wfVuAdTnPGIvXRzpPS7fTLXA&oe=6AC6F309"
342,"Alena Best Jack","https://www.facebook.com/alena.best.jack","https://scontent.fsgn8-4.fna.fbcdn.net/v/t39.30808-1/356661851_260126236714525_8274827676646590941_n.jpg?stp=cp0_dst-jpg_tt6&cstp=mx2048x2048&ctp=s80x80&_nc_cat=106&_nc_map=urlgen_bucketless&ccb=1-7&_nc_sid=167101&_nc_ohc=nMtSN_beSLcQ7kNvwE9_3pw&_nc_oc=Adpy5Lreb3O8qKsL8EfpHP_N4WZXzq2L4W4WN9cYeCuRwAlcKmPSNEhPTARx3iGGeYk&_nc_zt=24&_nc_ht=scontent.fsgn8-4.fna&_nc_gid=4ShdQXbVPfMYjE27y6_wsw&_nc_ss=7b2a8&oh=00_AQNLnP1tA-DXWgn5Y2-yn1n9qpuodBVWot03dpIuc1LYiA&oe=6AC6CC14"
343,"Triple R","https://www.facebook.com/profile.php?id=61593986842802","https://scontent.fsgn8-4.fna.fbcdn.net/v/t39.30808-1/791889988_122098707171466228_3076817370812945800_n.jpg?stp=cp6_dst-jpg_tt6&cstp=mx1900x1900&ctp=s80x80&_nc_cat=107&_nc_map=urlgen_bucketless&ccb=1-7&_nc_sid=167101&_nc_ohc=ZmPH9BYCSPQQ7kNvwFY_fdB&_nc_oc=AdoI64DEkqeTGd46MrBWBwruebxIfzkxR5V_PqAXhUatrKSa8UcQJWS7bqVVW0AsOdE&_nc_zt=24&_nc_ht=scontent.fsgn8-4.fna&_nc_gid=4ShdQXbVPfMYjE27y6_wsw&_nc_ss=7b2a8&oh=00_AQOwmlTgvBuaKIe4PVLLw00qT5uHzuzfFaRRZKCIRvwozA&oe=6AC6F206"
344,"Pamela Robledo","https://www.facebook.com/pamela.robledo12","https://scontent.fsgn8-4.fna.fbcdn.net/v/t39.30808-1/801807138_10216255243091075_4836137683270520601_n.jpg?stp=cp0_dst-jpg_tt6&cstp=mx2047x2048&ctp=s80x80&_nc_cat=104&_nc_map=urlgen_bucketless&ccb=1-7&_nc_sid=167101&_nc_ohc=BDThaXPUtfQQ7kNvwG714qp&_nc_oc=AdrDfTb66aesMYJiRAAbxeFUOMwaCV-sInbi6Wb2A7ioTpESMzkJbsJjmmaETxl-_g4&_nc_zt=24&_nc_ht=scontent.fsgn8-4.fna&_nc_gid=4ShdQXbVPfMYjE27y6_wsw&_nc_ss=7b2a8&oh=00_AQPNYQxqnN_rXh4wIJ0LsTBlJqZVyNXVMvuFqnFvsqfAPg&oe=6AC6C988"
345,"Fluff & Woof","https://www.facebook.com/profile.php?id=61586869243944","https://scontent.fsgn8-4.fna.fbcdn.net/v/t39.30808-1/622256286_2226635784747900_8179681841826794414_n.jpg?stp=c342.0.1363.1363a_cp0_dst-jpg_tt6&cstp=mx1363x1363&ctp=s80x80&_nc_cat=101&_nc_map=urlgen_bucketless&ccb=1-7&_nc_sid=167101&_nc_ohc=D2bkeHClyxAQ7kNvwGVDOLF&_nc_oc=AdpZe39pNRwYm8YmnfUBvGgCuY9S8ZkLBHXFLrXp_nA07pj6mPbB-R0sd_KZshV_FOs&_nc_zt=24&_nc_ht=scontent.fsgn8-4.fna&_nc_gid=4ShdQXbVPfMYjE27y6_wsw&_nc_ss=7b2a8&oh=00_AQOij_Leetq6Wf3ywUmYgc4aYoQWb-0ri_-WZtVc044E7w&oe=6AC6D238"
346,"English Mastiff Lover","https://www.facebook.com/profile.php?id=61591519394466","https://scontent.fsgn8-4.fna.fbcdn.net/v/t39.30808-1/743294764_122106983013383979_4577598876473268131_n.jpg?stp=c0.0.736.736a_cp0_dst-jpg_tt6&cstp=mx736x736&ctp=s80x80&_nc_cat=102&_nc_map=urlgen_bucketless&ccb=1-7&_nc_sid=167101&_nc_ohc=fS-YzdblVlUQ7kNvwG-hmUv&_nc_oc=Adq-kQk3kl7RI2YYDrQg9b_RZchzWksIDfC1pcSnaUDiwPlo64b0Umua60fBMYvRpnQ&_nc_zt=24&_nc_ht=scontent.fsgn8-4.fna&_nc_gid=4ShdQXbVPfMYjE27y6_wsw&_nc_ss=7b2a8&oh=00_AQN2D8DxE92HTF9OqmIDk_EcewHDjvCw7xcc-U8HrLHEPw&oe=6AC6E27A"
347,"Melissa Julie","https://www.facebook.com/Tareq8652","https://scontent.fsgn8-4.fna.fbcdn.net/v/t39.30808-1/458774640_1134904921538352_1084980262848951044_n.jpg?stp=cp0_dst-jpg_tt6&cstp=mx526x526&ctp=s80x80&_nc_cat=106&_nc_map=urlgen_bucketless&ccb=1-7&_nc_sid=167101&_nc_ohc=rSxkG7xYIdYQ7kNvwEUFHub&_nc_oc=Adp-YTG30mL-3gTyrRUMbuD3cG9oGK-IjyZjUU2GzpZJCjYyZITHgsa2OnJduoFveTA&_nc_zt=24&_nc_ht=scontent.fsgn8-4.fna&_nc_gid=4ShdQXbVPfMYjE27y6_wsw&_nc_ss=7b2a8&oh=00_AQNMFjy9qVsBbcEeHNtDCGFev-6f_htph_7OfaJe2AmWsg&oe=6AC6C8EE"
348,"Frenchie Heart Society","https://www.facebook.com/profile.php?id=61594143873698","https://scontent.fsgn8-4.fna.fbcdn.net/v/t39.30808-1/798117500_1057306560544850_8460419824306698022_n.jpg?stp=cp0_dst-jpg_tt6&cstp=mx1254x1254&ctp=s80x80&_nc_cat=108&_nc_map=urlgen_bucketless&ccb=1-7&_nc_sid=167101&_nc_ohc=WP9ov2MP6TYQ7kNvwHfOJgQ&_nc_oc=AdqTs_OTCsXEsUvb8SV7Z-jeDFIC5bjjYhHHI0xcTOPweWWJT749VbPnUQLUG_d5J30&_nc_zt=24&_nc_ht=scontent.fsgn8-4.fna&_nc_gid=4ShdQXbVPfMYjE27y6_wsw&_nc_ss=7b2a8&oh=00_AQNCB7r3yp3N-9zx2RBKcxALRtIlgKZMLMH16qWkgi9pDQ&oe=6AC6D335"
349,"Golden Retriever Lovers","https://www.facebook.com/profile.php?id=61574289209722","https://scontent.fsgn8-4.fna.fbcdn.net/v/t39.30808-1/663294029_122095838360809671_883071421120745430_n.webp?stp=cp0_dst-png&cstp=mx720x720&ctp=s80x80&_nc_cat=109&_nc_map=urlgen_bucketless&ccb=1-7&_nc_sid=167101&_nc_ohc=U-KrfhtcHVcQ7kNvwGnZa9E&_nc_oc=AdqD0cuo1jCDsD_nCM4gLOGO5t_D_xt37CBUGaPF6YQI7-aAZu3HhblVPf10UsatXtE&_nc_zt=24&_nc_ht=scontent.fsgn8-4.fna&_nc_gid=4ShdQXbVPfMYjE27y6_wsw&_nc_ss=7b2a8&oh=00_AQONO_acTS7AH_x-aj1Pyz5NHcION1-1ubYQeBzgEYqJLw&oe=6AC6CDFB"
350,"Daisy - The Rescue Beagle","https://www.facebook.com/profile.php?id=61593940235415","https://scontent.fsgn8-4.fna.fbcdn.net/v/t39.30808-1/792109559_10231888463905526_6041195707325046434_n.jpg?stp=c0.0.1427.1427a_cp6_dst-jpg_tt6&cstp=mx1427x1427&ctp=s80x80&_nc_cat=107&_nc_map=urlgen_bucketless&ccb=1-7&_nc_sid=167101&_nc_ohc=dDe52Zsde64Q7kNvwFQnhDh&_nc_oc=AdqaWcIAszi8AdPneaAxsXc9Ztlnu3OFu2QtEAsGu3BwDg7oBkFrA5_veqsnYjOUUmE&_nc_zt=24&_nc_ht=scontent.fsgn8-4.fna&_nc_gid=0okrxM9ati9vqwURZYrtsA&_nc_ss=7b2a8&oh=00_AQM29If2HVMNHMmTNI6bW5eQBlyKn7QCh1WS7gkoJqZpRw&oe=6AC6D4B2"
351,"Phoenix Frostverse Delmont","https://www.facebook.com/profile.php?id=61590542427337","https://scontent.fsgn8-4.fna.fbcdn.net/v/t1.30497-1/453178253_471506465671661_2781666950760530985_n.png?stp=cp0_dst-png&cstp=mx2048x2048&ctp=s80x80&_nc_cat=1&ccb=1-7&_nc_sid=6b836b&_nc_ohc=v_XEyutpHp0Q7kNvwH5qEFo&_nc_oc=Adrfq4-ggnCWfXJZEHEB-WKTjli7CwVkm2Eyexxg9FCuHIm4hrcvsETkI2NUgE1EzG0&_nc_zt=24&_nc_ht=scontent.fsgn8-4.fna&_nc_ss=7b2a8&oh=00_AQMskJSmYxSlLiJypHqLAJj71d9grKeiOPqOnav61GNZHQ&oe=6AE887FA"
352,"Softboiikidus","https://www.facebook.com/profile.php?id=61573619173214","https://scontent.fsgn8-4.fna.fbcdn.net/v/t39.30808-1/481770123_122104904018787305_6399136739658949491_n.jpg?stp=cp6_dst-jpg_tt6&cstp=mx2048x2048&ctp=s80x80&_nc_cat=104&_nc_map=urlgen_bucketless&ccb=1-7&_nc_sid=167101&_nc_ohc=OuPFA3HdUrwQ7kNvwEYU3jz&_nc_oc=Adp0SJ0Cag5Ki1U16R_mOw8WEfOS3RLjPAwmi1sEl2jG90LmidFZkUNUHNaOp6d-5y8&_nc_zt=24&_nc_ht=scontent.fsgn8-4.fna&_nc_gid=0okrxM9ati9vqwURZYrtsA&_nc_ss=7b2a8&oh=00_AQP1AI6Pj6MtFHkDLz7HCsiFDbAU5tTwvyMbjGuGgSbBpA&oe=6AC6DB69"
353,"Jack Russell","https://www.facebook.com/profile.php?id=61564635358632","https://scontent.fsgn8-4.fna.fbcdn.net/v/t39.30808-1/661140210_122195379230487845_7382383811905607045_n.jpg?stp=cp0_dst-jpg_tt6&cstp=mx554x552&ctp=s80x80&_nc_cat=102&_nc_map=urlgen_bucketless&ccb=1-7&_nc_sid=167101&_nc_ohc=Ao1XAmcLXBQQ7kNvwF3DyP8&_nc_oc=Adrpc1sPVNWqcjMAH85VrGCSoKbCRjNaWUmbLx_Y_ZrOB16VFuwLHU1Hj8GEFb-z2W8&_nc_zt=24&_nc_ht=scontent.fsgn8-4.fna&_nc_gid=0okrxM9ati9vqwURZYrtsA&_nc_ss=7b2a8&oh=00_AQMoF051oSpkkOu2qVXqxf36mlbZudiqjT_R4V_F0t6GRg&oe=6AC6F2DA"
354,"Joalbe Labradors & Golden Retrievers","https://www.facebook.com/JoalbeLabs","https://scontent.fsgn8-4.fna.fbcdn.net/v/t39.30808-1/275724953_108238128489326_7066313032836647715_n.jpg?stp=c0.0.1484.1484a_cp0_dst-jpg_tt6&cstp=mx1484x1484&ctp=s80x80&_nc_cat=110&_nc_map=urlgen_bucketless&ccb=1-7&_nc_sid=167101&_nc_ohc=JwERBjY0KmEQ7kNvwH99gYF&_nc_oc=AdqI6IhHpc1haMPnHxQ_t8K9LbvSgX8qfhtklGBM0SDhqBIN7l1ioG54se5XXZAfN3I&_nc_zt=24&_nc_ht=scontent.fsgn8-4.fna&_nc_gid=0okrxM9ati9vqwURZYrtsA&_nc_ss=7b2a8&oh=00_AQO1rRv-FWKS4frIWjM_2QDLoBqPNtQulUWw4rHngPByWw&oe=6AC6D88B"
355,"Basset Hound Lover","https://www.facebook.com/profile.php?id=61586012780319","https://scontent.fsgn8-4.fna.fbcdn.net/v/t39.30808-1/769309739_122137400391200426_1185559533674090831_n.jpg?stp=cp0_dst-jpg_tt6&cstp=mx736x750&ctp=p80x80&_nc_cat=111&_nc_map=urlgen_bucketless&ccb=1-7&_nc_sid=167101&_nc_ohc=xGr9rqTwzjUQ7kNvwHH3VDV&_nc_oc=AdonmWmEr-IQrvZj3OUBBFSn-hIa6P73DIvcqXoYXoVQIDwIentQPcKQdcNssN0uqwE&_nc_zt=24&_nc_ht=scontent.fsgn8-4.fna&_nc_gid=0okrxM9ati9vqwURZYrtsA&_nc_ss=7b2a8&oh=00_AQNp3S3YdOT3KASbfP4ca8wFFPLKevRPi5_BSsVwlk6Euw&oe=6AC6E256"
356,"Daily Labrador love","https://www.facebook.com/profile.php?id=61584883749370","https://scontent.fsgn8-4.fna.fbcdn.net/v/t39.30808-1/649941067_122098972983162791_8048755977038687034_n.jpg?stp=cp0_dst-jpg_tt6&cstp=mx681x676&ctp=p80x80&_nc_cat=102&_nc_map=urlgen_bucketless&ccb=1-7&_nc_sid=167101&_nc_ohc=D7k-4FVIBiYQ7kNvwFesTOr&_nc_oc=AdrJUzC96H08Gt3ghSppZamuoHqGvySZSQaCoEjsInnliecXlyYfraGLBGIa_pJ6HJE&_nc_zt=24&_nc_ht=scontent.fsgn8-4.fna&_nc_gid=0okrxM9ati9vqwURZYrtsA&_nc_ss=7b2a8&oh=00_AQPFallSZ08XDOubomq4AhZO_H8lP5S-OE8P1gKT3Hoa3g&oe=6AC6E238"
357,"Windy Knoll Goldens","https://www.facebook.com/windyknollgoldens","https://scontent.fsgn8-4.fna.fbcdn.net/v/t39.30808-1/731808501_1655457386580411_7546275350165960697_n.jpg?stp=c0.294.1460.1460a_cp0_dst-jpg_tt6&cstp=mx1460x1460&ctp=s80x80&_nc_cat=104&_nc_map=urlgen_bucketless&ccb=1-7&_nc_sid=167101&_nc_ohc=6BGH3hY4giMQ7kNvwGqr8iJ&_nc_oc=Adr2-Pt1bCVOrQ4urdNu_pUgQEho6U_vaNfJngJVcQ5kz-c1KFTQKzkNPeCmuFyN2c8&_nc_zt=24&_nc_ht=scontent.fsgn8-4.fna&_nc_gid=0okrxM9ati9vqwURZYrtsA&_nc_ss=7b2a8&oh=00_AQMfgRY6LUTJuEx1OrA1gdxxab9YEA6A3NcIixEV9xIOsQ&oe=6AC6CCBD"
358,"So Cute","https://www.facebook.com/profile.php?id=61584580618205","https://scontent.fsgn8-4.fna.fbcdn.net/v/t39.30808-1/808536030_122142369951152687_7680518561262164711_n.jpg?stp=cp0_dst-jpg_tt6&cstp=mx960x960&ctp=s80x80&_nc_cat=106&_nc_map=urlgen_bucketless&ccb=1-7&_nc_sid=167101&_nc_ohc=VlyjSeAVIPoQ7kNvwG0Wur8&_nc_oc=Adq3eZUNEK4dguK4WSC3fXhonfe5jR-xYa9Xh84rpTn5EtR28Hse-Woj2eB9pH_BG9U&_nc_zt=24&_nc_ht=scontent.fsgn8-4.fna&_nc_gid=II-joEQnwano9FdNDyhKNg&_nc_ss=7b2a8&oh=00_AQNC1Sbq9V5AUd7880usGEjyIKrJgSOKKbYY2xsyZwcCwQ&oe=6AC6E777"
359,"I Love Newfoundland","https://www.facebook.com/profile.php?id=61586766722857","https://scontent.fsgn8-4.fna.fbcdn.net/v/t39.30808-1/616196110_122097829569225557_5739877225579068541_n.jpg?stp=c0.0.736.736a_cp0_dst-jpg_tt6&cstp=mx736x736&ctp=s80x80&_nc_cat=100&_nc_map=urlgen_bucketless&ccb=1-7&_nc_sid=167101&_nc_ohc=N20aDRMUNVcQ7kNvwH4ZqEQ&_nc_oc=AdokArTFGfWhh2m3B5OOI3kP1WCwnQucGi4puS3XS4mcFM-qfZMRtAmilIa4QaUJVYA&_nc_zt=24&_nc_ht=scontent.fsgn8-4.fna&_nc_gid=II-joEQnwano9FdNDyhKNg&_nc_ss=7b2a8&oh=00_AQMghtgQ42F6v0T0RSRzxJblOoczGbfWiDM0jnkC4-V2AQ&oe=6AC6E178"
360,"Jack Russell Terrier","https://www.facebook.com/profile.php?id=61561555273126","https://scontent.fsgn8-4.fna.fbcdn.net/v/t39.30808-1/735133926_122199492212385175_104848565655808933_n.jpg?stp=cp0_dst-jpg_tt6&cstp=mx736x735&ctp=s80x80&_nc_cat=108&_nc_map=urlgen_bucketless&ccb=1-7&_nc_sid=167101&_nc_ohc=G9_TxeFWUHYQ7kNvwGXv2gU&_nc_oc=Adp8XOgdwVw-lngdJL8H1lK_uh4EpuXsxo9sINHtTSd8uye3Jrd6Me0x44RA3oYwxV0&_nc_zt=24&_nc_ht=scontent.fsgn8-4.fna&_nc_gid=II-joEQnwano9FdNDyhKNg&_nc_ss=7b2a8&oh=00_AQM6yA9hvjj5PDYvbfvNT9M6lj6gCfqdHxJOhoItcLoLSA&oe=6AC6DF84"
361,"Dogfusion","https://www.facebook.com/dogfusionofficial","https://scontent.fsgn8-4.fna.fbcdn.net/v/t39.30808-1/625015055_3194977970664148_919999780458192498_n.jpg?stp=cp0_dst-jpg_tt6&cstp=mx1024x1024&ctp=s80x80&_nc_cat=110&_nc_map=urlgen_bucketless&ccb=1-7&_nc_sid=167101&_nc_ohc=pm9wCiheytwQ7kNvwHVWMHC&_nc_oc=AdpnQLSDH59uVoADR8x5L_YwTBrvckTdNVhZhguwYzJnXFecRSXiIHVEoMrC9O6T12I&_nc_zt=24&_nc_ht=scontent.fsgn8-4.fna&_nc_gid=II-joEQnwano9FdNDyhKNg&_nc_ss=7b2a8&oh=00_AQNY4INFO7jEn_vkY2bcGGCC4TvxJFCDxIloRutF69zNCQ&oe=6AC6C7AE"
362,"Corgi Moments Daily","https://www.facebook.com/profile.php?id=61577950232839","https://scontent.fsgn8-4.fna.fbcdn.net/v/t39.30808-1/515511381_122099553608931674_2867751300474219689_n.jpg?stp=c0.249.1024.1024a_cp0_dst-jpg_tt6&cstp=mx1024x1024&ctp=s80x80&_nc_cat=102&_nc_map=urlgen_bucketless&ccb=1-7&_nc_sid=167101&_nc_ohc=wZAJDzBTo7oQ7kNvwGFDYwr&_nc_oc=AdprcRsmuHcVGDgREAY6omTiv0G-mt-uoTpBIzx5gcb46PUPEQ2pKSK0X3yO3OPzWrc&_nc_zt=24&_nc_ht=scontent.fsgn8-4.fna&_nc_gid=II-joEQnwano9FdNDyhKNg&_nc_ss=7b2a8&oh=00_AQMUXJgV511YVWRI73NFofHmw63mq8v6VRKSzB58pR2wHA&oe=6AC6E894"
363,"Puppy & Kiddo","https://www.facebook.com/profile.php?id=61593826871378","https://scontent.fsgn8-4.fna.fbcdn.net/v/t39.30808-1/784616866_122151616899114918_2140908969677806075_n.jpg?stp=cp0_dst-jpg_tt6&cstp=mx2048x2048&ctp=s80x80&_nc_cat=106&_nc_map=urlgen_bucketless&ccb=1-7&_nc_sid=167101&_nc_ohc=nxKUdhSWPeAQ7kNvwFluSGT&_nc_oc=AdqqoEfyS1lMm9oqpXEDz2qAK1FU0FaljQ0nr15NZeIj25-BhclymzIPyI2ZkiAjQGo&_nc_zt=24&_nc_ht=scontent.fsgn8-4.fna&_nc_gid=II-joEQnwano9FdNDyhKNg&_nc_ss=7b2a8&oh=00_AQMUD8_HYHMD88V_gEnJ_Rvfjcf8zVtBXW06jz_vz3Gm9w&oe=6AC6E657"
364,"Reality Snack Lab","https://www.facebook.com/profile.php?id=61550109252551","https://scontent.fsgn8-4.fna.fbcdn.net/v/t39.30808-1/802680644_122369730470003641_2336855374300831458_n.jpg?stp=cp0_dst-jpg_tt6&cstp=mx1254x1254&ctp=s80x80&_nc_cat=109&_nc_map=urlgen_bucketless&ccb=1-7&_nc_sid=167101&_nc_ohc=kyIotE24aewQ7kNvwEdIEsR&_nc_oc=AdoOS4IDhUkzWV8aKWTipKH2IKoztcO05r9QH3vvGy5p5IL0OXRArAsZfkKEznUjjWY&_nc_zt=24&_nc_ht=scontent.fsgn8-4.fna&_nc_gid=II-joEQnwano9FdNDyhKNg&_nc_ss=7b2a8&oh=00_AQMzofoanwyN_KnoC1lX7QYAruM1-1Dbt7VqTRHaDUh-8A&oe=6AC6D855"
365,"MARY LUCKY STARS Beagle Kennel","https://www.facebook.com/profile.php?id=100063527706274","https://scontent.fsgn8-4.fna.fbcdn.net/v/t39.30808-1/796788081_1694671292660445_6863616144325177651_n.jpg?stp=c328.0.1365.1365a_cp0_dst-jpg_tt6&cstp=mx1365x1365&ctp=s80x80&_nc_cat=105&_nc_map=urlgen_bucketless&ccb=1-7&_nc_sid=167101&_nc_ohc=QIDTGTO86DQQ7kNvwHeLftu&_nc_oc=Ado4QQMoOPIe-MvbbeQruoBoc1UdQI5oX0Qb94BFz3twoYBy4n4J4Wj3aPDewKGQztY&_nc_zt=24&_nc_ht=scontent.fsgn8-4.fna&_nc_gid=II-joEQnwano9FdNDyhKNg&_nc_ss=7b2a8&oh=00_AQNjVICbdecFZw5T-uASIOmNhqAymtBWvFhtlbDglsU2gg&oe=6AC6D878"
366,"King River Labradors","https://www.facebook.com/profile.php?id=100086999025314","https://scontent.fsgn8-4.fna.fbcdn.net/v/t39.30808-1/318458992_125723747004259_3484154803872502132_n.jpg?stp=cp0_dst-jpg_tt6&cstp=mx1536x1536&ctp=s80x80&_nc_cat=102&_nc_map=urlgen_bucketless&ccb=1-7&_nc_sid=167101&_nc_ohc=AA163_jDctIQ7kNvwG76o-b&_nc_oc=AdqGdZux_hrR_SEdHQwAnsvQNdMm7Whf4nY7-JnuLoTE4ClmjcL79EVISV3RkZN_-oM&_nc_zt=24&_nc_ht=scontent.fsgn8-4.fna&_nc_gid=SIuOsUQp0AjGkn2ecidBXQ&_nc_ss=7b2a8&oh=00_AQOhdFihSfn_GhkBqRsQH50h-Oe0a6U4vYBl18P-2eFSMg&oe=6AC6F142"
367,"මල සමයං","https://www.facebook.com/profile.php?id=61593118291576","https://scontent.fsgn8-4.fna.fbcdn.net/v/t39.30808-1/773556009_122103581139437276_1327491497935344862_n.jpg?stp=cp0_dst-jpg_tt6&cstp=mx1560x1560&ctp=s80x80&_nc_cat=100&_nc_map=urlgen_bucketless&ccb=1-7&_nc_sid=167101&_nc_ohc=JySlttPzvacQ7kNvwFFhk9k&_nc_oc=Adr4kxowPeWAF0huP0E1VJqIm2Zcvb9JuTTYeKp3S-JbJoLxAitAPSKMz2dsGxMRwZ0&_nc_zt=24&_nc_ht=scontent.fsgn8-4.fna&_nc_gid=SIuOsUQp0AjGkn2ecidBXQ&_nc_ss=7b2a8&oh=00_AQOr3OJpwj-puYPmosP_G7Jp1bnSr0Qsc_ir9oIU8RFbww&oe=6AC6C669"
368,"Gold Rust Vizslas","https://www.facebook.com/profile.php?id=61592019369328","https://scontent.fsgn8-4.fna.fbcdn.net/v/t39.30808-1/753694957_1548172720421402_8133196207274384103_n.jpg?stp=c175.0.768.768a_cp0_dst-jpg_tt6&cstp=mx768x768&ctp=s80x80&_nc_cat=111&_nc_map=urlgen_bucketless&ccb=1-7&_nc_sid=167101&_nc_ohc=1VqSgfN2FtYQ7kNvwEOmAso&_nc_oc=Adr9TqP0kv6Z2FaajEMI0jIfOgNtU077I6CyfCamtxMtZCmPJsklaD2eVsnV80Q3S4U&_nc_zt=24&_nc_ht=scontent.fsgn8-4.fna&_nc_gid=SIuOsUQp0AjGkn2ecidBXQ&_nc_ss=7b2a8&oh=00_AQMDpHr_-IWNqivYm4jpNT757d6bfH52pCn0MJREspWu1A&oe=6AC6DFAF"
369,"Fluffy Chow Chows","https://www.facebook.com/profile.php?id=61592133700023","https://scontent.fsgn8-4.fna.fbcdn.net/v/t39.30808-1/754835508_122099814279404456_3392378431537773349_n.jpg?stp=cp0_dst-jpg_tt6&cstp=mx1024x1024&ctp=s80x80&_nc_cat=106&_nc_map=urlgen_bucketless&ccb=1-7&_nc_sid=167101&_nc_ohc=-aDD1V5sRLoQ7kNvwF3sX9M&_nc_oc=AdrMlcrJAptAMnYoSkMx0w5ul98TxliTSxwJp4EBklTkJ-Eqv1SSMXw3dfLCpmJgzIQ&_nc_zt=24&_nc_ht=scontent.fsgn8-4.fna&_nc_gid=SIuOsUQp0AjGkn2ecidBXQ&_nc_ss=7b2a8&oh=00_AQPkLBnkZVcjcfQQf_EvHvkymLccYojYOkAwPW01cXqZGw&oe=6AC6D01A"
370,"Beagles Lover","https://www.facebook.com/beaglelovershn","https://scontent.fsgn8-4.fna.fbcdn.net/v/t39.30808-1/719223452_122096483265359925_3535393914211963049_n.jpg?stp=c8.0.559.559a_cp0_dst-jpg_tt6&cstp=mx559x559&ctp=s80x80&_nc_cat=102&_nc_map=urlgen_bucketless&ccb=1-7&_nc_sid=167101&_nc_ohc=Y-0SkQgxq90Q7kNvwHGARc2&_nc_oc=Ado-xp43gpCDmMYo94awhtifxkO7ZKeDtb_66PoL-8e8h_CG90unEUfmeIGfevZZPtk&_nc_zt=24&_nc_ht=scontent.fsgn8-4.fna&_nc_gid=SIuOsUQp0AjGkn2ecidBXQ&_nc_ss=7b2a8&oh=00_AQP_bSXq82xBQR2eONSrDjeJBedYVhlg4PMt6fX-0S87Zg&oe=6AC6C630"
371,"K-Pups","https://www.facebook.com/profile.php?id=61591930045969","https://scontent.fsgn8-4.fna.fbcdn.net/v/t39.30808-1/743050686_10239209704195189_2338520661968671061_n.jpg?stp=cp0_dst-jpg_tt6&cstp=mx942x942&ctp=s80x80&_nc_cat=107&_nc_map=urlgen_bucketless&ccb=1-7&_nc_sid=167101&_nc_ohc=hiZ1tbxT06YQ7kNvwHQKM9i&_nc_oc=AdqGuitl2jVQ1UZ6qjP-EWHkxzdQklBQwux1CTHkiap9RuNqAxtHnZa-16iWzkaSl0E&_nc_zt=24&_nc_ht=scontent.fsgn8-4.fna&_nc_gid=SIuOsUQp0AjGkn2ecidBXQ&_nc_ss=7b2a8&oh=00_AQNuHDM6QD--ZvN4EtKv3IbulZmn8oRr0K2UYb3shx_lZg&oe=6AC6C9E3"
372,"Saint Barnard Lover","https://www.facebook.com/profile.php?id=61593320244317","https://scontent.fsgn8-4.fna.fbcdn.net/v/t39.30808-1/766797942_122094927105444008_8745177890952581322_n.jpg?stp=cp0_dst-jpg_tt6&cstp=mx736x747&ctp=p80x80&_nc_cat=104&_nc_map=urlgen_bucketless&ccb=1-7&_nc_sid=167101&_nc_ohc=1tUV_zciMiEQ7kNvwGIyoRg&_nc_oc=Adpkfh0mKMjvsL47dsBTnJ22JmAa3r0S9aUIQyuN0_vzqGbkpXTtuAYN4DvjnIYk8Ig&_nc_zt=24&_nc_ht=scontent.fsgn8-4.fna&_nc_gid=SIuOsUQp0AjGkn2ecidBXQ&_nc_ss=7b2a8&oh=00_AQNGBxkQjwCyRza7DlHstYHo84AszZgoMv52wvvd_p7QRQ&oe=6AC6DD23"
373,"Golden Retriever Central","https://www.facebook.com/GoldenRetrieverCentral","https://scontent.fsgn8-4.fna.fbcdn.net/v/t39.30808-1/633736330_122264231642081473_5524987927071470986_n.jpg?stp=cp0_dst-jpg_tt6&cstp=mx1024x1024&ctp=s80x80&_nc_cat=108&_nc_map=urlgen_bucketless&ccb=1-7&_nc_sid=167101&_nc_ohc=e2DO0JJvMLMQ7kNvwFk1i-1&_nc_oc=AdpuEdn3Z6tEFKJTDdaAJj6DpkXTp-h3XGbrBKEYWWAyPQAMiEv8hGzm7pXDmQOB_4Y&_nc_zt=24&_nc_ht=scontent.fsgn8-4.fna&_nc_gid=SIuOsUQp0AjGkn2ecidBXQ&_nc_ss=7b2a8&oh=00_AQON3yGWNLrB-xkpXgmog9ke4iZ6m79F_ILdvFYC3UDcYA&oe=6AC6D766"
374,"Jon Ward","https://www.facebook.com/jon.ward.58958","https://scontent.fsgn8-4.fna.fbcdn.net/v/t39.30808-1/819291719_4798692157119554_3722651194912321805_n.jpg?stp=cp6_dst-jpg_tt6&cstp=mx1320x1320&ctp=s80x80&_nc_cat=106&_nc_map=urlgen_bucketless&ccb=1-7&_nc_sid=167101&_nc_ohc=KJsTfaKpXtwQ7kNvwEIY8hB&_nc_oc=AdoVniq0uCusUm4ASLnO6Oy_BVKqF2ry4dR1d1A_u7l_zeJq5WtE34gLRt94RaB_KGM&_nc_zt=24&_nc_ht=scontent.fsgn8-4.fna&_nc_gid=uQhvNoNMHlzWNFE_fC0R4Q&_nc_ss=7b2a8&oh=00_AQOrCL8Lxi8DMupQygyOQM1Tjwsn0So8lKc-jvbpN1wq3w&oe=6AC6D378"
375,"Gunther Labradors","https://www.facebook.com/profile.php?id=100063464383367","https://scontent.fsgn8-4.fna.fbcdn.net/v/t39.30808-1/302464620_538135931645215_2715809902514685023_n.jpg?stp=cp0_dst-jpg_tt6&cstp=mx959x960&ctp=s80x80&_nc_cat=104&_nc_map=urlgen_bucketless&ccb=1-7&_nc_sid=167101&_nc_ohc=_6SsudxNK6QQ7kNvwGdKueN&_nc_oc=Adr2n6YEaUeP6XAvGgdMamSAH602lV8TYDCh_StN5WVxTH4nlinQY2X-aYZQeFth7VU&_nc_zt=24&_nc_ht=scontent.fsgn8-4.fna&_nc_gid=uQhvNoNMHlzWNFE_fC0R4Q&_nc_ss=7b2a8&oh=00_AQORHLkPnhvl4wS4IVI5df540aLpIy8LhtpafnuRTYyhWw&oe=6AC6DE63"
376,"Rottweiler World","https://www.facebook.com/profile.php?id=61589936030497","https://scontent.fsgn8-4.fna.fbcdn.net/v/t39.30808-1/825292462_122113294047331201_4664067747671334913_n.jpg?stp=cp0_dst-jpg_tt6&cstp=mx1254x1254&ctp=s80x80&_nc_cat=109&_nc_map=urlgen_bucketless&ccb=1-7&_nc_sid=167101&_nc_ohc=8LH521yIvSYQ7kNvwFTPpqu&_nc_oc=Ado52tLR_j0rQB2mqqgHmwsyLG9hjxCwqi7YTxj-4TfW0COrWx7E7-T1hO7t-qrf-sY&_nc_zt=24&_nc_ht=scontent.fsgn8-4.fna&_nc_gid=uQhvNoNMHlzWNFE_fC0R4Q&_nc_ss=7b2a8&oh=00_AQMrsGHVo0KdhZuMYznqP2MK4wQiYRUMKgLvC_mKWlOg_A&oe=6AC6E4E9"
377,"Just Animal Things","https://www.facebook.com/profile.php?id=61594175946131","https://scontent.fsgn8-4.fna.fbcdn.net/v/t39.30808-1/803829329_1631601371822021_6972954122574706368_n.jpg?stp=cp0_dst-jpg_tt6&cstp=mx1254x1254&ctp=s80x80&_nc_cat=105&_nc_map=urlgen_bucketless&ccb=1-7&_nc_sid=167101&_nc_ohc=YuOAY0n0oooQ7kNvwH4VVtH&_nc_oc=AdqlbsQFUyKYOdTXTR3s1k8gHRNesQqvfT-yPgXeXHNvBMxzvoPZLaanZ1WblBR-0K0&_nc_zt=24&_nc_ht=scontent.fsgn8-4.fna&_nc_gid=uQhvNoNMHlzWNFE_fC0R4Q&_nc_ss=7b2a8&oh=00_AQMiLSfFadMBiMIhDxURbRD05mSLqMdsr4mCtYw5O5kmJQ&oe=6AC6DCFC"
378,"Jack Russell Terrier Lovers","https://www.facebook.com/profile.php?id=61594010499313","https://scontent.fsgn8-4.fna.fbcdn.net/v/t39.30808-1/796996410_122348058662232676_8114760715636903355_n.jpg?stp=cp0_dst-jpg_tt6&cstp=mx1254x1254&ctp=s80x80&_nc_cat=102&_nc_map=urlgen_bucketless&ccb=1-7&_nc_sid=167101&_nc_ohc=VRXBkZHsHQoQ7kNvwHETbUB&_nc_oc=AdoXv2EQKHJtRKNgD9J2ZQPEKcrgPtH3PGNOPSjiSN5FySAWWxIcJ2E4YNXdlf1yn6s&_nc_zt=24&_nc_ht=scontent.fsgn8-4.fna&_nc_gid=uQhvNoNMHlzWNFE_fC0R4Q&_nc_ss=7b2a8&oh=00_AQPnaWzhBy6fXGuwLvz0KpD9RasFMJSWnmMe9z4EKMprMw&oe=6AC6DA54"
379,"Beppiesworld","https://www.facebook.com/profile.php?id=61590228550712","https://scontent.fsgn8-4.fna.fbcdn.net/v/t39.30808-1/741481347_122113193007340951_2200504738570165615_n.jpg?stp=c0.335.1170.1170a_cp0_dst-jpg_tt6&cstp=mx1170x1170&ctp=s80x80&_nc_cat=101&_nc_map=urlgen_bucketless&ccb=1-7&_nc_sid=167101&_nc_ohc=QdzBoE4FsyMQ7kNvwFBijyN&_nc_oc=Adq1vpdhSmmDrTdcNMSbwfyNYFq9jaUEHsP9HBpXCZfhPHCg-3PDJyFPgBcZI3ck9NU&_nc_zt=24&_nc_ht=scontent.fsgn8-4.fna&_nc_gid=uQhvNoNMHlzWNFE_fC0R4Q&_nc_ss=7b2a8&oh=00_AQOusvO79UbkOImH4UcciFh47YvLqc10SAd96Rue78C6TA&oe=6AC6C916"
380,"Dalmatian My Love","https://www.facebook.com/profile.php?id=61580979544656","https://scontent.fsgn8-4.fna.fbcdn.net/v/t39.30808-1/618076241_122119725849032651_2968939407671445117_n.jpg?stp=cp0_dst-jpg_tt6&cstp=mx1024x1024&ctp=s80x80&_nc_cat=102&_nc_map=urlgen_bucketless&ccb=1-7&_nc_sid=167101&_nc_ohc=7Io-3m98WZEQ7kNvwEGw13n&_nc_oc=AdqUS21AJ_HTT0pfnXI2TqvHm4yn7Jj1w2byQ4840DZptQb6p9ZrhxHYrPdF45XS8M0&_nc_zt=24&_nc_ht=scontent.fsgn8-4.fna&_nc_gid=uQhvNoNMHlzWNFE_fC0R4Q&_nc_ss=7b2a8&oh=00_AQMe_X1Pqo5bOhMzoZtY4p3TURVEIHgXS8hlYWGRIu0TRw&oe=6AC6E741"
381,"Chihuahua owner","https://www.facebook.com/profile.php?id=61593677196246","https://scontent.fsgn8-4.fna.fbcdn.net/v/t39.30808-1/787046572_122099174475455906_6086323325294548019_n.jpg?stp=cp0_dst-jpg_tt6&cstp=mx736x736&ctp=s80x80&_nc_cat=108&_nc_map=urlgen_bucketless&ccb=1-7&_nc_sid=167101&_nc_ohc=F7VKIeNSqDIQ7kNvwHv8cU2&_nc_oc=Adou8n5nCU745L9vD4Kvl5rzlNZYUTLi5RxmA6KVTRFqxCO9LO7yXAmjY6PxpZ-yOcI&_nc_zt=24&_nc_ht=scontent.fsgn8-4.fna&_nc_gid=uQhvNoNMHlzWNFE_fC0R4Q&_nc_ss=7b2a8&oh=00_AQM96iqECk8duqibmCmR7jtenYp2vGUOCSdrJ3BgMnCB6g&oe=6AC6DF17"
382,"Martha Hernandez","https://www.facebook.com/martha.hernandez.517032","https://scontent.fsgn8-4.fna.fbcdn.net/v/t39.30808-1/594968597_1399740995092675_8307815354486942136_n.jpg?stp=cp0_dst-jpg_tt6&cstp=mx621x622&ctp=s80x80&_nc_cat=103&_nc_map=urlgen_bucketless&ccb=1-7&_nc_sid=167101&_nc_ohc=Y2nHi9mIj94Q7kNvwGAW-I4&_nc_oc=AdoOoYxG4VeB6JpxOqOsnEBVIkslVtAjsT_YsDsMYXzxVWUYtkAuz_nRbyVT8mf2Sgo&_nc_zt=24&_nc_ht=scontent.fsgn8-4.fna&_nc_gid=gq9Pd26xYI0zX6bd0Gt1dw&_nc_ss=7b2a8&oh=00_AQMjaxeHvfpWqa676aLR_In8VlbUDwpKhiycdo3DWZ0kFA&oe=6AC6E493"
383,"Good Dog","https://www.facebook.com/officialgooddog","https://scontent.fsgn8-4.fna.fbcdn.net/v/t39.30808-1/520306154_1211014694372592_532726988204941692_n.jpg?stp=cp0_dst-jpg_tt6&cstp=mx901x901&ctp=s80x80&_nc_cat=109&_nc_map=urlgen_bucketless&ccb=1-7&_nc_sid=167101&_nc_ohc=0GYlbeNWNKYQ7kNvwGBWGhq&_nc_oc=Adqo-21RSioEVZwLzW9yWaZjjo96vnzV8-N0TN1naBmr1GluXzwBVYCg2CYKCsJ6jNQ&_nc_zt=24&_nc_ht=scontent.fsgn8-4.fna&_nc_gid=gq9Pd26xYI0zX6bd0Gt1dw&_nc_ss=7b2a8&oh=00_AQM6hGRWDYIumvVwRSvQwV_vG0yYDtFFQ1qaQgetEotmRw&oe=6AC6CE73"
384,"English Mastiff Lovers","https://www.facebook.com/profile.php?id=61591487357678","https://scontent.fsgn8-4.fna.fbcdn.net/v/t39.30808-1/758488771_122115433527382911_3217488885573458775_n.jpg?stp=c0.0.407.407a_cp0_dst-jpg_tt6&cstp=mx407x407&ctp=s80x80&_nc_cat=111&_nc_map=urlgen_bucketless&ccb=1-7&_nc_sid=167101&_nc_ohc=LhzuJdX-PFAQ7kNvwF5PGjX&_nc_oc=AdrslMd3ZVATFyyk8x_mqCb2ktI_bGJ6A3LNnS7YMvS29PPZxIpwCxBnoOq4HXHO0e0&_nc_zt=24&_nc_ht=scontent.fsgn8-4.fna&_nc_gid=gq9Pd26xYI0zX6bd0Gt1dw&_nc_ss=7b2a8&oh=00_AQPkvTzBs4S3IVUkm-3VH6DG2s9RmpjOZ6PL6w18a2Ox3w&oe=6AC6F12B"
385,"Royal Vizslas","https://www.facebook.com/RoyalVizslas","https://scontent.fsgn8-4.fna.fbcdn.net/v/t39.30808-1/731038513_1581229137149559_7876230745013025798_n.jpg?stp=cp0_dst-jpg_tt6&cstp=mx1254x1254&ctp=s80x80&_nc_cat=105&_nc_map=urlgen_bucketless&ccb=1-7&_nc_sid=167101&_nc_ohc=APVbTXY-0bIQ7kNvwFwKlt8&_nc_oc=Ado3Djmuzj9SqGfT8R1OSO37WNCkjhZBzt46uQbsf_OKvvuy6r_7eNUhFtzLznFTUPo&_nc_zt=24&_nc_ht=scontent.fsgn8-4.fna&_nc_gid=gq9Pd26xYI0zX6bd0Gt1dw&_nc_ss=7b2a8&oh=00_AQNVB_yxq-WSvlWbdfEDbvvS9hlPIfWOgCwZ0SOKhc6c1w&oe=6AC6E353"
386,"Stephanie Williamson","https://www.facebook.com/stephanie.williamson.106425","https://scontent.fsgn8-4.fna.fbcdn.net/v/t39.30808-1/641379294_10100295170593455_5640732853850806685_n.jpg?stp=cp0_dst-jpg_tt6&cstp=mx1004x1004&ctp=s80x80&_nc_cat=110&_nc_map=urlgen_bucketless&ccb=1-7&_nc_sid=167101&_nc_ohc=nkeFqfRGGtwQ7kNvwHsGDXr&_nc_oc=Adq6eCGYOVfPexKswdEVFmG-l531ZedDW0gDccH7Iq-wYIxFkPeWcDKaal8aQ9CkmnQ&_nc_zt=24&_nc_ht=scontent.fsgn8-4.fna&_nc_gid=gq9Pd26xYI0zX6bd0Gt1dw&_nc_ss=7b2a8&oh=00_AQOGRM_AvyMWmHNV0lJLtantEv7DQZmYuwZGep8yHCP5Pw&oe=6AC6E895"
387,"Aimad Nadem","https://www.facebook.com/AimadNadem82","https://scontent.fsgn8-4.fna.fbcdn.net/v/t39.30808-1/609038702_1998429147555233_2299632104271425071_n.jpg?stp=cp0_dst-jpg_tt6&cstp=mx720x732&ctp=p80x80&_nc_cat=105&_nc_map=urlgen_bucketless&ccb=1-7&_nc_sid=167101&_nc_ohc=0XAjAaaIutkQ7kNvwFHc42c&_nc_oc=AdrpIy_rCWQWJvL4VTrVrNTpW2vZ5j2r1v516O5TkvA5w0zrpigATa0aQXuK1E4WPCY&_nc_zt=24&_nc_ht=scontent.fsgn8-4.fna&_nc_gid=gq9Pd26xYI0zX6bd0Gt1dw&_nc_ss=7b2a8&oh=00_AQMYNrhUTq30SizmW7TG3ueG4lL6mmfuaqN9GXAUBisrgA&oe=6AC6CC1E"
388,"Bear Canyon Retrievers","https://www.facebook.com/profile.php?id=61583743397793","https://scontent.fsgn8-4.fna.fbcdn.net/v/t39.30808-1/586322039_10235532092541692_5095770208439099524_n.jpg?stp=cp0_dst-jpg_tt6&cstp=mx150x150&ctp=s80x80&_nc_cat=105&_nc_map=urlgen_bucketless&ccb=1-7&_nc_sid=167101&_nc_ohc=V5JZtw0aAwIQ7kNvwEzmYov&_nc_oc=AdqdJOzdWDk2Ej07c3rUkdWjVB6h53ebHCtYcqECvM6ouFew_tTU-tn29CRIl2CBp6k&_nc_zt=24&_nc_ht=scontent.fsgn8-4.fna&_nc_gid=gq9Pd26xYI0zX6bd0Gt1dw&_nc_ss=7b2a8&oh=00_AQOwTv6s4f0J17FVExJjhIuJqrFbB5uyS1AB7XKfNyBT2A&oe=6AC6E282"
389,"I Love English Mastiff","https://www.facebook.com/profile.php?id=61590165976448","https://scontent.fsgn8-4.fna.fbcdn.net/v/t39.30808-1/754825097_122113177017338865_6191792509917050809_n.jpg?stp=cp0_dst-jpg_tt6&cstp=mx1022x1039&ctp=p80x80&_nc_cat=102&_nc_map=urlgen_bucketless&ccb=1-7&_nc_sid=167101&_nc_ohc=9hSiPF0Df9IQ7kNvwEwg_mH&_nc_oc=AdpycwHY6jOCCAHL6DRm9Sx8mpIwFqUzgXTfOsSiFz0WVQYPZafnhrC0vzhncgqMlBI&_nc_zt=24&_nc_ht=scontent.fsgn8-4.fna&_nc_gid=gq9Pd26xYI0zX6bd0Gt1dw&_nc_ss=7b2a8&oh=00_AQOz5XeDYVT0nKmFxuROC2Nq9ut7hATri_KJhyGJlCL0Tw&oe=6AC6EA7A"
390,"Jack Russell Lover","https://www.facebook.com/profile.php?id=61592839928139","https://scontent.fsgn8-4.fna.fbcdn.net/v/t39.30808-1/765958936_122101615917427997_7014785182257323283_n.jpg?stp=c0.0.618.618a_cp0_dst-jpg_tt6&cstp=mx618x618&ctp=s80x80&_nc_cat=107&_nc_map=urlgen_bucketless&ccb=1-7&_nc_sid=167101&_nc_ohc=xvwNDkQRvDQQ7kNvwFy12ns&_nc_oc=AdqG-2fqHAh31kSg2GejGRLQAlGq2zUT5oqRQ0o3HQcVYKutGMcwbpDgRXPzGf6QCUU&_nc_zt=24&_nc_ht=scontent.fsgn8-4.fna&_nc_gid=lAUZqI8F_vifZ83WfgOwZQ&_nc_ss=7b2a8&oh=00_AQOP138g-KTA7R1NZujgZSHSGCP1wDZ8rHPfAwKfxy8_hg&oe=6AC6D416"
391,"Eromit Labrador Retrievers","https://www.facebook.com/eromitlabs","https://scontent.fsgn8-4.fna.fbcdn.net/v/t39.30808-1/302538708_504683728137483_3945852592640168843_n.png?stp=c128.0.552.552a_cp0_dst-png&cstp=mx552x552&ctp=s80x80&_nc_cat=106&_nc_map=urlgen_bucketless&ccb=1-7&_nc_sid=167101&_nc_ohc=YZUJ4jD53BEQ7kNvwF8BT9k&_nc_oc=AdpTAhy6vbzI8ThOF4zoOUwxYxUFDTPHA3WB0nhxVhmaRmyd4wjdy41nhyX5TTaxvGY&_nc_zt=24&_nc_ht=scontent.fsgn8-4.fna&_nc_gid=lAUZqI8F_vifZ83WfgOwZQ&_nc_ss=7b2a8&oh=00_AQPy20D3__pXjpn8hqL6egS4jrW3DnOz4dPcYfBiqVLWbg&oe=6AC6F450"
392,"Pawsome Little Life","https://www.facebook.com/profile.php?id=61584384175775","https://scontent.fsgn8-4.fna.fbcdn.net/v/t39.30808-1/589202761_122106433593114186_2742672064170409233_n.jpg?stp=c0.0.1280.1280a_cp0_dst-jpg_tt6&cstp=mx1280x1280&ctp=s80x80&_nc_cat=110&_nc_map=urlgen_bucketless&ccb=1-7&_nc_sid=167101&_nc_ohc=dbh_wKXbjAgQ7kNvwGFwBMM&_nc_oc=AdqFNRT46t2hf6unQjIYYW8Op8CVkNj0bqZSTBWfhTL_JdOKZtnxFfPUJW-ub2Hh5Qw&_nc_zt=24&_nc_ht=scontent.fsgn8-4.fna&_nc_gid=lAUZqI8F_vifZ83WfgOwZQ&_nc_ss=7b2a8&oh=00_AQM8nt1-zr6tVMFhQzRDC32jo_Gdc89fi2oJfqPAKDKREw&oe=6AC6CC05"
393,"Labrador Retriever Lover","https://www.facebook.com/profile.php?id=61567300016027","https://scontent.fsgn8-4.fna.fbcdn.net/v/t39.30808-1/463134551_122096658842576667_2446024257478947036_n.jpg?stp=cp0_dst-jpg_tt6&cstp=mx768x773&ctp=s80x80&_nc_cat=109&_nc_map=urlgen_bucketless&ccb=1-7&_nc_sid=167101&_nc_ohc=iS7DHnr-g5EQ7kNvwFKbU6l&_nc_oc=Adop9q-ExWpzr4ak2M_I5-V7wxWL9lEKHwYNNmcmQ5f4FfbKTNWfGp0V7P-IUytRn_k&_nc_zt=24&_nc_ht=scontent.fsgn8-4.fna&_nc_gid=lAUZqI8F_vifZ83WfgOwZQ&_nc_ss=7b2a8&oh=00_AQMxSX6yJc6YPTyBD4w00bIdmErJtDEbBi-W9lEdKdYMSw&oe=6AC6E111"
394,"Golden Retriever Puppies Club","https://www.facebook.com/profile.php?id=61595032077913","https://scontent.fsgn8-4.fna.fbcdn.net/v/t39.30808-1/825271310_122095956351501069_3223612586013638365_n.jpg?stp=cp0_dst-jpg_tt6&cstp=mx1254x1254&ctp=s80x80&_nc_cat=101&_nc_map=urlgen_bucketless&ccb=1-7&_nc_sid=167101&_nc_ohc=RFSPmUKMCZ8Q7kNvwGW7Ia4&_nc_oc=AdrBoZ3fPAdJDSuiFEI-0j65OPGkWsyGUjdrqbVtdudSHLh8q-l08_OoDHLGfuUse_Y&_nc_zt=24&_nc_ht=scontent.fsgn8-4.fna&_nc_gid=lAUZqI8F_vifZ83WfgOwZQ&_nc_ss=7b2a8&oh=00_AQOZFRfn9urs8K8YfMCRyNpOZI0oeGuawLqfD_gX8DSojg&oe=6AC6CD6E"
395,"Vizsla Daily Life","https://www.facebook.com/profile.php?id=61582887418411","https://scontent.fsgn8-4.fna.fbcdn.net/v/t39.30808-1/571202587_122095167981096247_3959938700161977064_n.jpg?stp=c0.0.736.736a_cp0_dst-jpg_tt6&cstp=mx736x736&ctp=s80x80&_nc_cat=110&_nc_map=urlgen_bucketless&ccb=1-7&_nc_sid=167101&_nc_ohc=EU-mgflfCoQQ7kNvwHRib0T&_nc_oc=AdrJrsiUNEPsJrC3U8V5DbzK4Q2cWtxfGq5fA1JCVpCoK2UPjExvfNlIc27ZoZVajxc&_nc_zt=24&_nc_ht=scontent.fsgn8-4.fna&_nc_gid=lAUZqI8F_vifZ83WfgOwZQ&_nc_ss=7b2a8&oh=00_AQNIHfK7QhUQftlzNjTbqGINiI8oy7K5ZD-AUu7obC-OFg&oe=6AC6BC92"
396,"Olde Paw Bulldogges","https://www.facebook.com/profile.php?id=61578689725306","https://scontent.fsgn8-4.fna.fbcdn.net/v/t39.30808-1/668264120_122165346806956324_1078857637781876616_n.jpg?stp=cp0_dst-jpg_tt6&cstp=mx1221x1221&ctp=s80x80&_nc_cat=111&_nc_map=urlgen_bucketless&ccb=1-7&_nc_sid=167101&_nc_ohc=fvYh-XtLs8gQ7kNvwF3Ag8h&_nc_oc=Adq9pi4ddu5t3OTijw-u8yhez9EMiWUvySX66Q1kqjCpAyptfxYlQB5DIIB6iva_SrI&_nc_zt=24&_nc_ht=scontent.fsgn8-4.fna&_nc_gid=lAUZqI8F_vifZ83WfgOwZQ&_nc_ss=7b2a8&oh=00_AQPyf1jaIPkEtmENO4ExGRTa5OMF_SbRzj42K4boQvMKOw&oe=6AC6F036"
397,"Cooper & Cleo","https://www.facebook.com/profile.php?id=61593913801458","https://scontent.fsgn8-4.fna.fbcdn.net/v/t39.30808-1/786827927_122099117673463793_9142472738419033367_n.jpg?stp=cp0_dst-jpg_tt6&cstp=mx1254x1254&ctp=s80x80&_nc_cat=107&_nc_map=urlgen_bucketless&ccb=1-7&_nc_sid=167101&_nc_ohc=7TzqGqVF9vsQ7kNvwF-PtRQ&_nc_oc=AdpgfrQJsJjQN0x6_oUKe6rRirll2B3xyl9JRpYtjjduai7ClgslbKvUQ4kvzzU43Sg&_nc_zt=24&_nc_ht=scontent.fsgn8-4.fna&_nc_gid=lAUZqI8F_vifZ83WfgOwZQ&_nc_ss=7b2a8&oh=00_AQOXUwLucgE05DanWj7w7k8VwTPRG1xB0oLKYYr6IfB4Zg&oe=6AC6F154"
398,"Bailiwick Kennel Page","https://www.facebook.com/BailiwickRetrievers","https://scontent.fsgn8-4.fna.fbcdn.net/v/t39.30808-1/480434432_1159649292836825_4124578515465561687_n.jpg?stp=cp0_dst-jpg_tt6&cstp=mx612x612&ctp=s80x80&_nc_cat=111&_nc_map=urlgen_bucketless&ccb=1-7&_nc_sid=167101&_nc_ohc=9UNDPjvLVjUQ7kNvwFwnMxO&_nc_oc=Adrw9QEj6EVhlxh6JlycGaTYLTnmUsGsBoMbAk75Z8XFoPwAxVZKGdYTXf_knecHWcs&_nc_zt=24&_nc_ht=scontent.fsgn8-4.fna&_nc_gid=nlcwnDSCdaLdQC2ZiwKpqw&_nc_ss=7b2a8&oh=00_AQOoMdyS4F0IeIsZFDq2ACxKvEnPHP7tdLGEvvtj_K5zAg&oe=6AC6BD41"
399,"Brindle breeds","https://www.facebook.com/profile.php?id=61590541348799","https://scontent.fsgn8-4.fna.fbcdn.net/v/t39.30808-1/786141126_122135897235351378_4869953687830980409_n.jpg?stp=cp6_dst-jpg_tt6&cstp=mx2048x2048&ctp=s80x80&_nc_cat=105&_nc_map=urlgen_bucketless&ccb=1-7&_nc_sid=167101&_nc_ohc=6Y7UGt05TYIQ7kNvwEKkoRF&_nc_oc=Adokmvnn1_44rAKoEmPbTTJH06fnua7pb1ylw47-Plumtv55Ibu5La42Ve0pU41ANfU&_nc_zt=24&_nc_ht=scontent.fsgn8-4.fna&_nc_gid=nlcwnDSCdaLdQC2ZiwKpqw&_nc_ss=7b2a8&oh=00_AQN8qZZjV6NchnXUtvudeUF5ad1sOvUu1dKOP1FY4QEsLA&oe=6AC6E55F"
400,"Of The Saints Rottweilers","https://www.facebook.com/OfTheSaintsRottweilers","https://scontent.fsgn8-4.fna.fbcdn.net/v/t39.30808-1/367754729_685689826938537_7180713289749781704_n.jpg?stp=c0.0.720.720a_cp6_dst-jpg_tt6&cstp=mx720x720&ctp=s80x80&_nc_cat=108&_nc_map=urlgen_bucketless&ccb=1-7&_nc_sid=167101&_nc_ohc=mnoLdwLyCM8Q7kNvwHpzuYR&_nc_oc=AdoiZajaa7Rm_2WbIqw-scvMSzlXoSC63uWEoyWz-RPMWuodgWO5ojRa2MxqqXXTGE8&_nc_zt=24&_nc_ht=scontent.fsgn8-4.fna&_nc_gid=nlcwnDSCdaLdQC2ZiwKpqw&_nc_ss=7b2a8&oh=00_AQMv9YUZF6NxBHT33wgVkMZWQ454IHGSQSgJWx5VHwTzvg&oe=6AC6EDF3"
401,"High Desert Labradors","https://www.facebook.com/HighDesertLabradors","https://scontent.fsgn8-4.fna.fbcdn.net/v/t39.30808-1/309443552_183876164176871_4978428568921530792_n.jpg?stp=cp0_dst-jpg_tt6&cstp=mx853x853&ctp=s80x80&_nc_cat=107&_nc_map=urlgen_bucketless&ccb=1-7&_nc_sid=167101&_nc_ohc=C9LcOR8-1x8Q7kNvwF9wirJ&_nc_oc=AdoKmJcUlZ2x6GEX97L4NuFr5cjz3tGpzvxYZYemRgIFc3zpxvBd0qPsWdGwNLToc60&_nc_zt=24&_nc_ht=scontent.fsgn8-4.fna&_nc_gid=nlcwnDSCdaLdQC2ZiwKpqw&_nc_ss=7b2a8&oh=00_AQO2n5qKJNHv2gJOwJpkbKy-HhtVLU7SAGFhphSe4vn7ig&oe=6AC6C8BB"
402,"Odette Preiz","https://www.facebook.com/profile.php?id=61588713477802","https://scontent.fsgn8-4.fna.fbcdn.net/v/t39.30808-1/678982152_122094557997290449_4984344077086338010_n.jpg?stp=cp0_dst-jpg_tt6&cstp=mx736x736&ctp=s80x80&_nc_cat=111&_nc_map=urlgen_bucketless&ccb=1-7&_nc_sid=167101&_nc_ohc=Zfyc1oNrUZoQ7kNvwHPA-U6&_nc_oc=Ado-Y5G5Y2saXPCmzowXSuek4EADXeZ0EVQC9LikpgE9YHLX_yXj1RJZB-VJZUB95bI&_nc_zt=24&_nc_ht=scontent.fsgn8-4.fna&_nc_gid=nlcwnDSCdaLdQC2ZiwKpqw&_nc_ss=7b2a8&oh=00_AQP5u9NIfYWjGpidglPSX7Lhoe-2V_gnF2LILNf6Hv_2Fg&oe=6AC6ED69"
403,"Mahner Labs","https://www.facebook.com/profile.php?id=100071472534265","https://scontent.fsgn8-4.fna.fbcdn.net/v/t39.30808-1/825292559_1093009803091427_8064649555313972344_n.jpg?stp=cp0_dst-jpg_tt6&cstp=mx640x640&ctp=s80x80&_nc_cat=111&_nc_map=urlgen_bucketless&ccb=1-7&_nc_sid=167101&_nc_ohc=zGD4JncYv7IQ7kNvwHcFVXJ&_nc_oc=AdqgmkHaCrNBWjvUVwWWr0STp1dG_RQ1J0T2Cv6n_ZWGMQTqnt5WiDPmte55GTs_A9s&_nc_zt=24&_nc_ht=scontent.fsgn8-4.fna&_nc_gid=nlcwnDSCdaLdQC2ZiwKpqw&_nc_ss=7b2a8&oh=00_AQM-R4eNvyUd__rgxOUnoTQzmkXsLYwf3ygHoxXovONAFA&oe=6AC6CAD4"
404,"Jack Russell","https://www.facebook.com/profile.php?id=61565015983307","https://scontent.fsgn8-4.fna.fbcdn.net/v/t39.30808-1/458183624_122105353346500532_3292931889073267787_n.jpg?stp=cp0_dst-jpg_tt6&cstp=mx720x719&ctp=s80x80&_nc_cat=105&_nc_map=urlgen_bucketless&ccb=1-7&_nc_sid=167101&_nc_ohc=yj3--PA_qUMQ7kNvwFUvI5n&_nc_oc=Adqp-xo7En7KyW18cYXwVjvKCPwQCErkVVhsGTFLNw60-9KpcBHd20MbhlxYJ4hXtxo&_nc_zt=24&_nc_ht=scontent.fsgn8-4.fna&_nc_gid=nlcwnDSCdaLdQC2ZiwKpqw&_nc_ss=7b2a8&oh=00_AQPwOheJqy0WYFrq9LD96v0EeeMhQISEu39s0WvsCpVdpA&oe=6AC6EDBE"
405,"Jett & Ashka","https://www.facebook.com/profile.php?id=61593976528934","https://scontent.fsgn8-4.fna.fbcdn.net/v/t39.30808-1/788952228_10165493403005016_2821839020276921647_n.jpg?stp=c212.0.1623.1623a_cp0_dst-jpegr_tt6&cstp=mx1623x1623&ctp=s80x80&_nc_cat=105&_nc_map=urlgen_bucketless&ccb=1-7&_nc_sid=167101&_nc_ohc=WBfDUygpHt8Q7kNvwHuZQIp&_nc_oc=AdqeqqO95Ra1zmoAcyxTRowID6FcGcoiDCYQshl1hjSMScQCTyDVU91lcq55P90jc8w&_nc_zt=24&se=-1&_nc_ht=scontent.fsgn8-4.fna&_nc_gid=nlcwnDSCdaLdQC2ZiwKpqw&_nc_ss=7b2a8&oh=00_AQO_ZSEL8GHIcS5ErHcCnTEJOCqIKcb6y6swe0GB5XtNCw&oe=6AC6E271"
406,"Thesemudderfluffers","https://www.facebook.com/profile.php?id=61568999750103","https://scontent.fsgn8-4.fna.fbcdn.net/v/t39.30808-1/491932124_122133814640633325_7960085750589525908_n.jpg?stp=cp0_dst-jpg_tt6&cstp=mx960x960&ctp=s80x80&_nc_cat=106&_nc_map=urlgen_bucketless&ccb=1-7&_nc_sid=167101&_nc_ohc=7NrAiuz2ImQQ7kNvwF_G_Us&_nc_oc=AdrdOuVndCMbCLgt4emrtq-tQm3l8MouLmvMIlXvMBa8ZZ5SfmJjRmsquRDTQFx_P8A&_nc_zt=24&_nc_ht=scontent.fsgn8-4.fna&_nc_gid=J-fbjIuJAteBtBVDDCE9Og&_nc_ss=7b2a8&oh=00_AQN419fOKLu_TBGh1nqo4sSQekE2itUOEpRXXVbBq6-nKw&oe=6AC6DFCC"
407,"Labrador Retriever Lovers","https://www.facebook.com/profile.php?id=61592485149676","https://scontent.fsgn8-4.fna.fbcdn.net/v/t39.30808-1/760270945_122099958117416171_3411724990412964595_n.jpg?stp=cp0_dst-jpg_tt6&cstp=mx896x900&ctp=s80x80&_nc_cat=107&_nc_map=urlgen_bucketless&ccb=1-7&_nc_sid=167101&_nc_ohc=3MxAq0G0TagQ7kNvwHzYWuK&_nc_oc=AdpWd9FfFcmczOcRpTlJW57xJb4Dx1XgIQayHbW2JfiMB1QtCsdCdDbxF5aQn6kbjB0&_nc_zt=24&_nc_ht=scontent.fsgn8-4.fna&_nc_gid=J-fbjIuJAteBtBVDDCE9Og&_nc_ss=7b2a8&oh=00_AQOUYOuS9SJE0vZhS8GVbjReqn0OQNbKASKJcc3WVPA6mQ&oe=6AC6D594"
408,"Jack Russell Terrier","https://www.facebook.com/profile.php?id=61567237012185","https://scontent.fsgn8-4.fna.fbcdn.net/v/t39.30808-1/746565497_122101579472574567_3683930263673456167_n.jpg?stp=c0.0.467.467a_cp0_dst-jpg_tt6&cstp=mx467x467&ctp=s80x80&_nc_cat=101&_nc_map=urlgen_bucketless&ccb=1-7&_nc_sid=167101&_nc_ohc=A48-ocThMhIQ7kNvwGrva8S&_nc_oc=AdqQwnF1ZDp0rSZG11fla1H_A8bEzBYAmLbZzl2bQ9PmAbRcwf1oRcEgJWF1QwM2_xs&_nc_zt=24&_nc_ht=scontent.fsgn8-4.fna&_nc_gid=J-fbjIuJAteBtBVDDCE9Og&_nc_ss=7b2a8&oh=00_AQPmgTyfrGC_ZodjkYuRI_9zAvbJF-XMBdt89fDHJAf0NQ&oe=6AC6E353"
409,"Barbara Ruzic","https://www.facebook.com/barbara.ruzic.75","https://scontent.fsgn8-4.fna.fbcdn.net/v/t39.30808-1/721026422_10167818487297796_1531536445733295370_n.jpg?stp=cp0_dst-jpg_tt6&cstp=mx960x960&ctp=s80x80&_nc_cat=110&_nc_map=urlgen_bucketless&ccb=1-7&_nc_sid=167101&_nc_ohc=uA8H4bGhOjMQ7kNvwH-QmQm&_nc_oc=Adriu8J5KcCNh0N2B_8ljmIn461DDRGx1nSUIuicQRHMSv9V3UBsNIwgTFAzui77Tg4&_nc_zt=24&_nc_ht=scontent.fsgn8-4.fna&_nc_gid=J-fbjIuJAteBtBVDDCE9Og&_nc_ss=7b2a8&oh=00_AQP2Ht-73rGTZjVQ0RX3O3QkC20CPfxK0GP-zXT1GXuLqQ&oe=6AC6DBDC"
410,"B3 Labradors","https://www.facebook.com/B3Labradors","https://scontent.fsgn8-4.fna.fbcdn.net/v/t39.30808-1/760160833_1043948175048781_3428325921078086460_n.jpg?stp=cp0_dst-jpg_tt6&cstp=mx1536x1537&ctp=s80x80&_nc_cat=110&_nc_map=urlgen_bucketless&ccb=1-7&_nc_sid=167101&_nc_ohc=vKTAkl4ksPkQ7kNvwGwor32&_nc_oc=AdpBHbuzvM11r2PqY7VxLXcD8uMAR5D8A7HdZJ6AAwlcctyI4m0gNNxeZCA_iZwKMcw&_nc_zt=24&_nc_ht=scontent.fsgn8-4.fna&_nc_gid=J-fbjIuJAteBtBVDDCE9Og&_nc_ss=7b2a8&oh=00_AQP7brIKzbLSKdUxtSkqnwoKh8HmZclalCfM8v6TwR3JeA&oe=6AC6BD3E"
411,"Paws & Purrs","https://www.facebook.com/profile.php?id=61591872396034","https://scontent.fsgn8-4.fna.fbcdn.net/v/t39.30808-1/763895004_122110844505395746_6118186956138535825_n.jpg?stp=cp0_dst-jpg_tt6&cstp=mx935x942&ctp=s80x80&_nc_cat=105&_nc_map=urlgen_bucketless&ccb=1-7&_nc_sid=167101&_nc_ohc=cGHwsNiRcqoQ7kNvwGCK6I0&_nc_oc=AdoulTrZJL7Se3BUvvkcFySy1cFPXNy92A4YYbDORopKisB_7AA_JqqqZWYayl7lnRk&_nc_zt=24&_nc_ht=scontent.fsgn8-4.fna&_nc_gid=J-fbjIuJAteBtBVDDCE9Og&_nc_ss=7b2a8&oh=00_AQOLoXWrEO04GwOOSwKodyQ1dslzcJHqpL5-VWazZbdXKw&oe=6AC6E38A"
412,"Wildknight Labradors Reg.","https://www.facebook.com/profile.php?id=100064667236690","https://scontent.fsgn8-4.fna.fbcdn.net/v/t39.30808-1/733747201_1451839323648295_7468773054112463637_n.jpg?stp=cp0_dst-jpg_tt6&cstp=mx1254x1254&ctp=s80x80&_nc_cat=102&_nc_map=urlgen_bucketless&ccb=1-7&_nc_sid=167101&_nc_ohc=nm66C34jbooQ7kNvwFspf2h&_nc_oc=Adp3_zf7L1Pt9v60uo_R0S0RJEjRXcnQMI7Z8_e--_VMsMlG7Gg0A1c8ZwwtQS9PLjw&_nc_zt=24&_nc_ht=scontent.fsgn8-4.fna&_nc_gid=J-fbjIuJAteBtBVDDCE9Og&_nc_ss=7b2a8&oh=00_AQOW6F2oU_kVFH-MjWBQ3RMWTYpbN0Sd5wUzcDJ2C2KKTg&oe=6AC6C850"
413,"Vizsla Lovers","https://www.facebook.com/profile.php?id=61594777621737","https://scontent.fsgn8-4.fna.fbcdn.net/v/t39.30808-1/825292131_122097911925492587_4881378980125913221_n.jpg?stp=cp0_dst-jpg_tt6&cstp=mx655x662&ctp=p80x80&_nc_cat=110&_nc_map=urlgen_bucketless&ccb=1-7&_nc_sid=167101&_nc_ohc=c1TY1qfcDZ0Q7kNvwEE3yBw&_nc_oc=AdqrDEniHKLOa0my_pEXyqCuILo9PVU6lMu_cMM-KWW3TAdKNAxh6xF4HAjMcP47AkQ&_nc_zt=24&_nc_ht=scontent.fsgn8-4.fna&_nc_gid=J-fbjIuJAteBtBVDDCE9Og&_nc_ss=7b2a8&oh=00_AQO5k38AZsM_JmskQE6WDBwBsoUk-wVsnbERtK2mWIJFig&oe=6AC6D387"
414,"Travis’ Chocolate Labradors","https://www.facebook.com/Travischocolatelabradors","https://scontent.fsgn8-4.fna.fbcdn.net/v/t39.30808-1/306096077_531192185476657_3291338591321900134_n.jpg?stp=cp0_dst-jpg_tt6&cstp=mx960x960&ctp=s80x80&_nc_cat=101&_nc_map=urlgen_bucketless&ccb=1-7&_nc_sid=167101&_nc_ohc=snoS4L3coT4Q7kNvwEblEJY&_nc_oc=Adp5guMWybwIcZesKQVFYk4xEYyYeat2UPiqEmwtcYw71TYXRDqNa6LVwMQAIwHJYX4&_nc_zt=24&_nc_ht=scontent.fsgn8-4.fna&_nc_gid=jQmyHYM_pzDYF5g-Y7UPAQ&_nc_ss=7b2a8&oh=00_AQNv1i6eNGgsy3-ED4wVzc_UnOvkw6uNrCeO1HhB7RFlpA&oe=6AC6D852"
415,"Thornton Ranch Labradors","https://www.facebook.com/profile.php?id=100089824374974","https://scontent.fsgn8-4.fna.fbcdn.net/v/t39.30808-1/329510484_551783863577353_6088616560300504359_n.jpg?stp=c0.0.1426.1426a_cp0_dst-jpg_tt6&cstp=mx1426x1426&ctp=s80x80&_nc_cat=108&_nc_map=urlgen_bucketless&ccb=1-7&_nc_sid=167101&_nc_ohc=oYZ96I1YUH8Q7kNvwFwalu7&_nc_oc=AdrSo4-syWEhCz3JstrL8pypXIGX83XbGMJEil5FdqafPvMie0b30dxGTE8VdwcRdm4&_nc_zt=24&_nc_ht=scontent.fsgn8-4.fna&_nc_gid=jQmyHYM_pzDYF5g-Y7UPAQ&_nc_ss=7b2a8&oh=00_AQMlKAJ-v4GiAJgj_DRqxZ0Ds75uk1hy5n3K_p26PF-2rw&oe=6AC6D9D9"
416,"Shepherd Team","https://www.facebook.com/shepherdteam.main","https://scontent.fsgn8-4.fna.fbcdn.net/v/t39.30808-1/788840025_122123158617262039_4138130132946908301_n.jpg?stp=cp0_dst-jpg_tt6&cstp=mx1024x1024&ctp=s80x80&_nc_cat=101&_nc_map=urlgen_bucketless&ccb=1-7&_nc_sid=167101&_nc_ohc=XxJc54ZIJ7cQ7kNvwG_roAc&_nc_oc=AdoEjipXy5wsHm5eiXSUV4IaF8FFuixkcD6YwbdAKVTpTJNcuQ0O4l11HQVRYzm3O34&_nc_zt=24&_nc_ht=scontent.fsgn8-4.fna&_nc_gid=jQmyHYM_pzDYF5g-Y7UPAQ&_nc_ss=7b2a8&oh=00_AQNeKKAL2orZs3t7xtxawYQYUrVhmQK8zpJvqeXI3zjJuQ&oe=6AC6CACC"
417,"MaMeaw Janyapron Yodmongkol","https://www.facebook.com/mameaw.zalovelove","https://scontent.fsgn8-4.fna.fbcdn.net/v/t1.6435-1/119060918_1677296812456000_8763041511873800940_n.jpg?stp=cp0_dst-jpg_tt6&cstp=mx960x960&ctp=s80x80&_nc_cat=109&_nc_map=urlgen_bucketless&ccb=1-7&_nc_sid=167101&_nc_ohc=_mq8KkI8rswQ7kNvwHXRGOX&_nc_oc=AdouzHu_nxgi_G7v5r8ZZGkjp0fmYErnjNNdapBPWuMfNQLoq2dReOXznID52dlhpHI&_nc_zt=24&_nc_ht=scontent.fsgn8-4.fna&_nc_gid=jQmyHYM_pzDYF5g-Y7UPAQ&_nc_ss=7b2a8&oh=00_AQOAFLdyit6emPrJFMq15xoKrWY8BsffR255CTYhxtY_Tw&oe=6AE88E9A"
418,"The Golden Girls: Lainey, Stella and forever Hazel","https://www.facebook.com/profile.php?id=61578161250477","https://scontent.fsgn8-4.fna.fbcdn.net/v/t39.30808-1/825340338_122197258736938708_4399735197465446948_n.jpg?stp=cp0_dst-jpg_tt6&cstp=mx1146x1145&ctp=s80x80&_nc_cat=101&_nc_map=urlgen_bucketless&ccb=1-7&_nc_sid=167101&_nc_ohc=RRCEb6zS4h8Q7kNvwGTPZdg&_nc_oc=AdrFRMJwk-1GrtqQghr4DLO9erdEkgvpGbA9QHBm_tfml4WyBr1fUBOzVrQeksyhTas&_nc_zt=24&_nc_ht=scontent.fsgn8-4.fna&_nc_gid=jQmyHYM_pzDYF5g-Y7UPAQ&_nc_ss=7b2a8&oh=00_AQO0M9myF3K9vx2TWtknXP5Z8TRc8My5wdHDygXl33ReIg&oe=6AC6BF2E"
419,"Liliy Zierova","https://www.facebook.com/liliy.zierova","https://scontent.fsgn8-4.fna.fbcdn.net/v/t39.30808-1/727243678_28202474649340839_1820696212814651877_n.jpg?stp=cp6_dst-jpg_tt6&cstp=mx2048x2048&ctp=s80x80&_nc_cat=101&_nc_map=urlgen_bucketless&ccb=1-7&_nc_sid=167101&_nc_ohc=8uEVcy_27ccQ7kNvwHjj7Lu&_nc_oc=Adr6BGQtFHOn_jUtO4Iwm33fJjPBYnjqXYTVgMcyxTHrwIlmyDQP_aNdZyEQsc96qw0&_nc_zt=24&_nc_ht=scontent.fsgn8-4.fna&_nc_gid=jQmyHYM_pzDYF5g-Y7UPAQ&_nc_ss=7b2a8&oh=00_AQOrIE-1rwXH0B1-UN2phc0_6hSB55dh3trqIjLx21F6qw&oe=6AC6C9D1"
420,"TattooPaws","https://www.facebook.com/profile.php?id=61594037837683","https://scontent.fsgn8-4.fna.fbcdn.net/v/t39.30808-1/827556331_122117723061467927_4781772052331220486_n.jpg?stp=c0.0.1214.1214a_cp0_dst-jpg_tt6&cstp=mx1214x1214&ctp=s80x80&_nc_cat=100&_nc_map=urlgen_bucketless&ccb=1-7&_nc_sid=167101&_nc_ohc=PQCwN2LZjUsQ7kNvwEFEpgz&_nc_oc=AdoDBhROdnXeO3YHu1NGWlGuzZhojjLSFrQfnAQMImJ6y66WG6KLEyl6P75gIVJZriQ&_nc_zt=24&_nc_ht=scontent.fsgn8-4.fna&_nc_gid=jQmyHYM_pzDYF5g-Y7UPAQ&_nc_ss=7b2a8&oh=00_AQNDIon4VXSpQPrezRpOgqR8TKUOZ-xZQwa3trGJLQtCEQ&oe=6AC6DFD2"
421,"Bese's Bernedoodles","https://www.facebook.com/profile.php?id=61594499650869","https://scontent.fsgn8-4.fna.fbcdn.net/v/t39.30808-1/820343647_122099651907488132_5622945961336132422_n.jpg?stp=c256.0.1536.1536a_cp6_dst-jpegr_tt6&cstp=mx1536x1536&ctp=s80x80&_nc_cat=101&_nc_map=urlgen_bucketless&ccb=1-7&_nc_sid=167101&_nc_ohc=Zti_ONozKyAQ7kNvwHcw096&_nc_oc=Adrfhc1mTUKSH5-RZTE0h-90cXn8bh1MYr48T9-e6IR9Q3xMP7MYhyGoKxmAug4neE0&_nc_zt=24&se=-1&_nc_ht=scontent.fsgn8-4.fna&_nc_gid=jQmyHYM_pzDYF5g-Y7UPAQ&_nc_ss=7b2a8&oh=00_AQPfP07jh9LSVHQfb9sffhoeHd4H9Fw16BJusRY2Yuf32Q&oe=6AC6D0C4"
422,"Rott Karma Kennels LLC","https://www.facebook.com/profile.php?id=100089560512052","https://scontent.fsgn8-4.fna.fbcdn.net/v/t39.30808-1/468534338_510038611991485_7041061509741545402_n.jpg?stp=cp0_dst-jpg_tt6&cstp=mx2048x2048&ctp=s80x80&_nc_cat=104&_nc_map=urlgen_bucketless&ccb=1-7&_nc_sid=167101&_nc_ohc=91CfkZM3QxUQ7kNvwELMLz-&_nc_oc=AdqcDTWd9UrWjHckkSiNX16Hhz0a1KDLN5ZK61CdErX3tZCB488Lgy33c-cn3BswiHs&_nc_zt=24&_nc_ht=scontent.fsgn8-4.fna&_nc_gid=Uq991ZSuRe1ra5O2JNCJXA&_nc_ss=7b2a8&oh=00_AQOKAkc6ROYzveusioQ5BrBwz-o5oDljD3XiVhRfmSysqw&oe=6AC6E66F"
423,"Petslovers","https://www.facebook.com/profile.php?id=100078462423530","https://scontent.fsgn8-4.fna.fbcdn.net/v/t39.30808-1/274807227_127294496503060_8914705083867256315_n.jpg?stp=cp0_dst-jpg_tt6&cstp=mx648x659&ctp=p80x80&_nc_cat=101&_nc_map=urlgen_bucketless&ccb=1-7&_nc_sid=167101&_nc_ohc=gjwdpPrZg6cQ7kNvwH0TXYD&_nc_oc=AdplwWXjuIYZ_93uyegmc1Uo2WXnLbAHyiXTskPrWz4oDROd1QmDODkDFLpd9RLit34&_nc_zt=24&_nc_ht=scontent.fsgn8-4.fna&_nc_gid=Uq991ZSuRe1ra5O2JNCJXA&_nc_ss=7b2a8&oh=00_AQM_3vNUQtaxXsVdWiUuy4iEVxcm0DF_zIUpZ4gn4UurTQ&oe=6AC6CFB7"
424,"Backwater Retrievers","https://www.facebook.com/profile.php?id=61588421184108","https://scontent.fsgn8-4.fna.fbcdn.net/v/t39.30808-1/745545590_122118968649280706_7903225178574013573_n.jpg?stp=cp0_dst-jpg_tt6&cstp=mx1254x1254&ctp=s80x80&_nc_cat=103&_nc_map=urlgen_bucketless&ccb=1-7&_nc_sid=167101&_nc_ohc=3dnzF3oVAk8Q7kNvwEozvW8&_nc_oc=AdqgwXvCeWMKAgaxqOPNzfHxLCeQq2WDM2ZReF3zy1EGtoVdjbiXBXX877sj5v8g1gs&_nc_zt=24&_nc_ht=scontent.fsgn8-4.fna&_nc_gid=Uq991ZSuRe1ra5O2JNCJXA&_nc_ss=7b2a8&oh=00_AQMuSdsHM0hTheEt38Uh_Q0FfSLlmoeQkyBuJ4Z1DaQ54A&oe=6AC6E583"
425,"Oscar The Labrador buddy","https://www.facebook.com/profile.php?id=61576289619901","https://scontent.fsgn8-4.fna.fbcdn.net/v/t39.30808-1/818384859_122203482566876320_2091568983111877439_n.jpg?stp=cp0_dst-jpg_tt6&cstp=mx960x960&ctp=s80x80&_nc_cat=100&_nc_map=urlgen_bucketless&ccb=1-7&_nc_sid=167101&_nc_ohc=BGTfHNR98RoQ7kNvwE29uG8&_nc_oc=AdqMEH-2uAy-hjsjRIqt_X0bH3boMRA7GifjIUOeUHbvtVPS5TgN5lk-JpRJTJB4i2I&_nc_zt=24&_nc_ht=scontent.fsgn8-4.fna&_nc_gid=Uq991ZSuRe1ra5O2JNCJXA&_nc_ss=7b2a8&oh=00_AQPSvDSFRfj9Nl0jAAeQMT-6qsplR6Cpnf6yhYQvIs1ytA&oe=6AC6CA9B"
426,"Irish Setter Club","https://www.facebook.com/profile.php?id=61594248753063","https://scontent.fsgn8-4.fna.fbcdn.net/v/t39.30808-1/800965455_122100594045474958_6627825165743290054_n.jpg?stp=cp0_dst-jpg_tt6&cstp=mx695x695&ctp=s80x80&_nc_cat=109&_nc_map=urlgen_bucketless&ccb=1-7&_nc_sid=167101&_nc_ohc=iglYxpvOo48Q7kNvwGNuHr6&_nc_oc=AdpRpmcsTikyAxQDG4JHfIyXoRKCZRqKtWH5Zy399hZre4-XpQq9G0ueIyt8bYtRxC8&_nc_zt=24&_nc_ht=scontent.fsgn8-4.fna&_nc_gid=Uq991ZSuRe1ra5O2JNCJXA&_nc_ss=7b2a8&oh=00_AQNBAbAV3HSAKxZ0s_6wdtfwF-vGxReLzxxHF5Hs6cod5g&oe=6AC6CA19"
427,"Mochi Story","https://www.facebook.com/profile.php?id=61592895716478","https://scontent.fsgn8-4.fna.fbcdn.net/v/t39.30808-1/790434528_122112900039429857_7073196499872350603_n.jpg?stp=cp0_dst-jpg_tt6&cstp=mx1254x1254&ctp=s80x80&_nc_cat=100&_nc_map=urlgen_bucketless&ccb=1-7&_nc_sid=167101&_nc_ohc=CF-wqw1g3dAQ7kNvwG0cqKZ&_nc_oc=AdoYkfFOO8zmogGu6VPdkLDc8X4f7wpo7z6_2nDmzZAOE9DsM8K6XqToGAsUljxYR_Y&_nc_zt=24&_nc_ht=scontent.fsgn8-4.fna&_nc_gid=Uq991ZSuRe1ra5O2JNCJXA&_nc_ss=7b2a8&oh=00_AQNECtmXIG_9LFSVOK0yBKy_w9jMnGEFXzjLpQg94iFITg&oe=6AC6D94B"
428,"Adia Zimmer","https://www.facebook.com/profile.php?id=61588688236766","https://scontent.fsgn8-4.fna.fbcdn.net/v/t39.30808-1/685355930_122099380839289607_4781078685195577658_n.jpg?stp=cp0_dst-jpg_tt6&cstp=mx280x279&ctp=p80x80&_nc_cat=105&_nc_map=urlgen_bucketless&ccb=1-7&_nc_sid=167101&_nc_ohc=xTe5XiSfu2EQ7kNvwFkYmnh&_nc_oc=AdrjMPAdsBZ0G7ZNjUtE-Fb4eTSMsiIGrAhwppNK9i0leHLFhYVrqZTOVOd4KQfjeB8&_nc_zt=24&_nc_ht=scontent.fsgn8-4.fna&_nc_gid=Uq991ZSuRe1ra5O2JNCJXA&_nc_ss=7b2a8&oh=00_AQNRv7mYN-rEeMiy77ElSWezTdtkm89A561E9N3PbMAiQQ&oe=6AC6E25E"
429,"Enchanted Retrievers","https://www.facebook.com/Enchantedretrievers","https://scontent.fsgn8-4.fna.fbcdn.net/v/t39.30808-1/327003700_868179674288429_7318008481298332750_n.jpg?stp=cp0_dst-jpg_tt6&cstp=mx720x726&ctp=p80x80&_nc_cat=103&_nc_map=urlgen_bucketless&ccb=1-7&_nc_sid=167101&_nc_ohc=dXmW0ReGLIAQ7kNvwFg4OWI&_nc_oc=Adp5CtLBo5v5UlvGusRnNyMbRu8aBpMiK4abkN75QEmyvCxSu7rsxCfGT1m-0o9Qrpo&_nc_zt=24&_nc_ht=scontent.fsgn8-4.fna&_nc_gid=Uq991ZSuRe1ra5O2JNCJXA&_nc_ss=7b2a8&oh=00_AQO87iPHxDd66F_hu7J0cJTNyiv0VRl9NmBRc_8639pf4Q&oe=6AC6E7E5"
430,"Cute Dog Simba","https://www.facebook.com/CuteDogSimba","https://scontent.fsgn8-4.fna.fbcdn.net/v/t39.30808-1/654308219_122231127392259845_1121846747960313492_n.jpg?stp=cp0_dst-jpg_tt6&cstp=mx486x491&ctp=p80x80&_nc_cat=111&_nc_map=urlgen_bucketless&ccb=1-7&_nc_sid=167101&_nc_ohc=wN-zqXwR6XUQ7kNvwE43RhI&_nc_oc=AdrPz4HmB604h3twHBwchFrA5He3MNQ-5o6Rw2jokFxZ3v99Bpphn0xNIEugGmV2Vsw&_nc_zt=24&_nc_ht=scontent.fsgn8-4.fna&_nc_gid=HYOUnLRSpxVH3XEbA085lw&_nc_ss=7b2a8&oh=00_AQOAVb3XsT1cMc8EPyHwIaGOKFcmKZ4lJ4KdI7eaRs2NEg&oe=6AC6DFCC"
431,"Endless Mt. Labradors","https://www.facebook.com/emlabradors","https://scontent.fsgn8-4.fna.fbcdn.net/v/t39.30808-1/763701025_1622308132596064_7964782675470577463_n.jpg?stp=c28.0.580.580a_cp6_dst-jpg_tt6&cstp=mx580x580&ctp=s80x80&_nc_cat=102&_nc_map=urlgen_bucketless&ccb=1-7&_nc_sid=167101&_nc_ohc=kaPGoF6O7hgQ7kNvwGPRBDo&_nc_oc=AdqsTL34d_0TXz0KQeoPxsx9H9YBfCSsE8zh9fy-w4Xscp9VVjd_Ib0mqtvjz2kCZpA&_nc_zt=24&_nc_ht=scontent.fsgn8-4.fna&_nc_gid=HYOUnLRSpxVH3XEbA085lw&_nc_ss=7b2a8&oh=00_AQNERAZN0EEuhmXnyOXfLitPg4Jf2irioMFSqF9nx8fihg&oe=6AC6E0AB"
432,"Connie Jacko","https://www.facebook.com/connie.jacko","https://scontent.fsgn8-4.fna.fbcdn.net/v/t39.30808-1/758854653_10234522180980531_4467717025842226934_n.jpg?stp=cp0_dst-jpg_tt6&cstp=mx1201x1201&ctp=s80x80&_nc_cat=109&_nc_map=urlgen_bucketless&ccb=1-7&_nc_sid=167101&_nc_ohc=B0GX07qNzoMQ7kNvwEKk5Sc&_nc_oc=AdqfszcxupdO5Ingg0IOljBxYUi5pKrDqok3y5-HbWFH8EvbwN0y3eht3ljpvy5tsy0&_nc_zt=24&_nc_ht=scontent.fsgn8-4.fna&_nc_gid=HYOUnLRSpxVH3XEbA085lw&_nc_ss=7b2a8&oh=00_AQOEdhXpcJ8DaVuC8MnlJmDbgAOlAnyHLl0O_BlS1g5F4Q&oe=6AC6BD29"
433,"ส่องสัตว์โลก","https://www.facebook.com/profile.php?id=61580770127703","https://scontent.fsgn8-4.fna.fbcdn.net/v/t39.30808-1/653873187_1965064184893745_5639308919977532968_n.jpg?stp=c320.0.768.768a_cp0_dst-jpg_tt6&cstp=mx768x768&ctp=s80x80&_nc_cat=100&_nc_map=urlgen_bucketless&ccb=1-7&_nc_sid=167101&_nc_ohc=KHdcvprQ6N8Q7kNvwG1GWgc&_nc_oc=AdpFZA0kdhJe-bTHDgS7OupOtLHCoMn6Zkk4M1QDAZkZoEJaQ_ldKwL0tZMkOnO06Ts&_nc_zt=24&_nc_ht=scontent.fsgn8-4.fna&_nc_gid=HYOUnLRSpxVH3XEbA085lw&_nc_ss=7b2a8&oh=00_AQOqnDdndAoIlEAcY9Lit5ExGV47lysrS_xld8D-SCQ7bw&oe=6AC6F2F5"
434,"Rottweiler Community","https://www.facebook.com/profile.php?id=61594018558722","https://scontent.fsgn8-4.fna.fbcdn.net/v/t39.30808-1/789216616_122096242575467285_4812832835846800610_n.jpg?stp=cp0_dst-jpg_tt6&cstp=mx1254x1254&ctp=s80x80&_nc_cat=110&_nc_map=urlgen_bucketless&ccb=1-7&_nc_sid=167101&_nc_ohc=jeG8O7pcPBsQ7kNvwFWoXjw&_nc_oc=AdqzxIviU-EymL5Yqhi68_sAWH7keyJNUBerhUIZnhzH5mjp2_DVppwFvWXfF5lFTMQ&_nc_zt=24&_nc_ht=scontent.fsgn8-4.fna&_nc_gid=HYOUnLRSpxVH3XEbA085lw&_nc_ss=7b2a8&oh=00_AQMEmhwWq7MjOI74XZsJgUIw7Skmcn_F8T0Szl9FB8EPPA&oe=6AC6E3E5"
435,"Westgate Goldens","https://www.facebook.com/WestgateGoldens","https://scontent.fsgn8-4.fna.fbcdn.net/v/t39.30808-1/758193134_943150775497344_3604073036194876414_n.jpg?stp=cp0_dst-jpg_tt6&cstp=mx960x960&ctp=s80x80&_nc_cat=101&_nc_map=urlgen_bucketless&ccb=1-7&_nc_sid=167101&_nc_ohc=w6-tKeYYNBcQ7kNvwGqWWY3&_nc_oc=AdpBF0EJge3oVF_asJD8Jbh1wTTYkVAr-iNaDuWg6Fum6pY504lzLmK0WuOR5VuvRYQ&_nc_zt=24&_nc_ht=scontent.fsgn8-4.fna&_nc_gid=HYOUnLRSpxVH3XEbA085lw&_nc_ss=7b2a8&oh=00_AQOKxW36qmLsp6crer68sAha7CqHJ0NAdtTmTSVbKEqXpA&oe=6AC6D1FB"
436,"Reality Twist","https://www.facebook.com/profile.php?id=61594684289261","https://scontent.fsgn8-4.fna.fbcdn.net/v/t39.30808-1/808661325_122096509905489476_4589425237603780548_n.jpg?stp=cp0_dst-jpg_tt6&cstp=mx1254x1254&ctp=s80x80&_nc_cat=104&_nc_map=urlgen_bucketless&ccb=1-7&_nc_sid=167101&_nc_ohc=CFaetcF35eMQ7kNvwF874u8&_nc_oc=AdoBk_xlzfnC2EkoQCONudjn0NWZGfoCWfYkynCuZeaaDsjn_n-jdBy4UQS0IozuEEw&_nc_zt=24&_nc_ht=scontent.fsgn8-4.fna&_nc_gid=HYOUnLRSpxVH3XEbA085lw&_nc_ss=7b2a8&oh=00_AQOKflaBl9UpTP8DSfw5SUzQAkCBcYA5XHm0JKLRDV8IWA&oe=6AC6BD49"
437,"DSH Labradors","https://www.facebook.com/profile.php?id=61556564083355","https://scontent.fsgn8-4.fna.fbcdn.net/v/t39.30808-1/470236821_122194637462218802_2824530164346297091_n.jpg?stp=cp0_dst-jpg_tt6&cstp=mx1588x1581&ctp=s80x80&_nc_cat=106&_nc_map=urlgen_bucketless&ccb=1-7&_nc_sid=167101&_nc_ohc=Gp2RcYNQ8fEQ7kNvwG8DsJN&_nc_oc=AdqHaHPzyVe2MBk2bVvr2IFKfhEeUAyHqoPQnx9ocmkgzGOzNXR9jqVHxZ2d_f8FrIo&_nc_zt=24&_nc_ht=scontent.fsgn8-4.fna&_nc_gid=HYOUnLRSpxVH3XEbA085lw&_nc_ss=7b2a8&oh=00_AQMawFYtCswIeAIpCqvhuO8QPm7zLqzowHSzr_z9HhS04Q&oe=6AC6DE9F"
438,"Kaka Ramandeep Singh Sidhu","https://www.facebook.com/profile.php?id=100005181399677","https://scontent.fsgn8-4.fna.fbcdn.net/v/t39.30808-1/761198879_3334384790077535_3592832614700682634_n.jpg?stp=cp0_dst-jpg_tt6&cstp=mx960x957&ctp=s80x80&_nc_cat=103&_nc_map=urlgen_bucketless&ccb=1-7&_nc_sid=167101&_nc_ohc=WERCThkpc4oQ7kNvwETKp3_&_nc_oc=AdpScFrFLlqj2PFOr1blZa7Ve-C8n2P4DA3XPoo7b0psQD_jGXu7794so9WuW2sWdRE&_nc_zt=24&_nc_ht=scontent.fsgn8-4.fna&_nc_gid=yysxeVUaV5r9eeQttxn3Fg&_nc_ss=7b2a8&oh=00_AQN9Ua58xV1ocj5PijspCAVimlyTpjd_VAVEFeGp-BzRDQ&oe=6AC6E06C"
439,"Animals Act","https://www.facebook.com/profile.php?id=61594555847828","https://scontent.fsgn8-4.fna.fbcdn.net/v/t39.30808-1/830062786_10229669224394343_7721875018409053346_n.jpg?stp=cp0_dst-jpg_tt6&cstp=mx1024x1024&ctp=s80x80&_nc_cat=108&_nc_map=urlgen_bucketless&ccb=1-7&_nc_sid=167101&_nc_ohc=v2NUByAHfWsQ7kNvwEpZgtT&_nc_oc=Adpq4BYhPJM77LDLUQDst4ZfLgPf4Iv_6Iai2IGumgNo06nOpCKFMBRWR_VrZZpBBDs&_nc_zt=24&_nc_ht=scontent.fsgn8-4.fna&_nc_gid=yysxeVUaV5r9eeQttxn3Fg&_nc_ss=7b2a8&oh=00_AQOPqEtvvD3eOqwqzUWO5HT0eMs1Fat-MB6FykYauh5ExA&oe=6AC6E7D8"
440,"Pawtime","https://www.facebook.com/profile.php?id=61591950084908","https://scontent.fsgn8-4.fna.fbcdn.net/v/t39.30808-1/743673570_122095395009398336_9191986276180602662_n.jpg?stp=cp0_dst-jpg_tt6&cstp=mx1254x1254&ctp=s80x80&_nc_cat=108&_nc_map=urlgen_bucketless&ccb=1-7&_nc_sid=167101&_nc_ohc=VzQDWA7llKEQ7kNvwGw7fLM&_nc_oc=AdonJgBMwcGGED1WRryYX61bEL6lH8_bdZzDjC0k6SSdCHZcfZaG2z79vjz5XKwrVVU&_nc_zt=24&_nc_ht=scontent.fsgn8-4.fna&_nc_gid=yysxeVUaV5r9eeQttxn3Fg&_nc_ss=7b2a8&oh=00_AQNpVTdphG4CMy_mIEk1DLrAkj643g5SG4khPBoUDscUMg&oe=6AC6BC93"
441,"Shepherd's Way English Shepherds","https://www.facebook.com/ShepherdsWay.EnglishShepherds","https://scontent.fsgn8-4.fna.fbcdn.net/v/t39.30808-1/459556431_835298262130868_7431452521616242736_n.jpg?stp=cp6_dst-jpg_tt6&cstp=mx2047x2048&ctp=s80x80&_nc_cat=104&_nc_map=urlgen_bucketless&ccb=1-7&_nc_sid=167101&_nc_ohc=E57vY1z26q8Q7kNvwFWxtY9&_nc_oc=AdozOvjCL5B-TgDt2bZJfSS7sqFp3YgE8oEpgtmW96kcthhidx0l0AlPulMhNoSCSjA&_nc_zt=24&_nc_ht=scontent.fsgn8-4.fna&_nc_gid=yysxeVUaV5r9eeQttxn3Fg&_nc_ss=7b2a8&oh=00_AQOLPEcLtZNLNXZ2_WW0pFLwmxpv5R-qSrLdUaDF-3YS6w&oe=6AC6ED9C"
442,"Vizsla Life","https://www.facebook.com/profile.php?id=61592563434993","https://scontent.fsgn8-4.fna.fbcdn.net/v/t39.30808-1/755949646_122094482337418781_6010073899008503265_n.jpg?stp=cp0_dst-jpg_tt6&cstp=mx1254x1254&ctp=s80x80&_nc_cat=100&_nc_map=urlgen_bucketless&ccb=1-7&_nc_sid=167101&_nc_ohc=Mva7ZvofuJEQ7kNvwHDs86p&_nc_oc=AdqewRn9YkQBKgzs42XJS1JhrIhesRRqtH-JKvzIjpwjeZzRK3oZk4e_xswfFNHF3Jg&_nc_zt=24&_nc_ht=scontent.fsgn8-4.fna&_nc_gid=yysxeVUaV5r9eeQttxn3Fg&_nc_ss=7b2a8&oh=00_AQNuxVXNafHKS74IwlzU1UNzIaXIq1pIkDPrfOxoG8dCPA&oe=6AC6BE68"
443,"Rottweiler Legends","https://www.facebook.com/RottweilerLegends","https://scontent.fsgn8-4.fna.fbcdn.net/v/t39.30808-1/602398062_2021566008688281_8056565105102010473_n.jpg?stp=c465.0.1117.1117a_cp0_dst-jpg_tt6&cstp=mx1117x1117&ctp=s80x80&_nc_cat=109&_nc_map=urlgen_bucketless&ccb=1-7&_nc_sid=167101&_nc_ohc=PyQG_YbKXdUQ7kNvwGAXhAP&_nc_oc=AdprG0TdcBd6rPjiM2NIXx2M-sZ9WbrSXBxR7wcWiTBxSzO2Lm9UTqoldeqQlSKPdhU&_nc_zt=24&_nc_ht=scontent.fsgn8-4.fna&_nc_gid=yysxeVUaV5r9eeQttxn3Fg&_nc_ss=7b2a8&oh=00_AQPqgWO457oPPj3QtltuBImGkUvZK7UllRm-v4x8T5RzWw&oe=6AC6F068"
444,"Pat Muffler","https://www.facebook.com/patmuffler","https://scontent.fsgn8-4.fna.fbcdn.net/v/t39.30808-1/809423177_28935325049395098_4215674972228715964_n.jpg?stp=cp0_dst-jpg_tt6&cstp=mx800x800&ctp=s80x80&_nc_cat=1&ccb=1-7&_nc_sid=167101&_nc_ohc=wqfuE36s-sQQ7kNvwHKZqxv&_nc_oc=AdpQE9vor_vcv75Gk1qs2WwwaRegMPARu1G49VwD3301oZyXZ75S4UoygTSaIauCsx8&_nc_zt=24&_nc_ht=scontent.fsgn8-4.fna&_nc_gid=yysxeVUaV5r9eeQttxn3Fg&_nc_ss=7b2a8&oh=00_AQNCnX3yVTYe_3Ibhj18AoSrFpeQtDEUQZgGDC7hthY2Fw&oe=6AC6C93C"
445,"Rhodesian Ridgeback Lovers","https://www.facebook.com/profile.php?id=61593261029423","https://scontent.fsgn8-4.fna.fbcdn.net/v/t39.30808-1/771795673_122097496095442034_5096786516059983743_n.jpg?stp=cp0_dst-jpg_tt6&cstp=mx736x740&ctp=s80x80&_nc_cat=100&_nc_map=urlgen_bucketless&ccb=1-7&_nc_sid=167101&_nc_ohc=viyyEDBI0JIQ7kNvwGiGV2v&_nc_oc=Adon9QKhE3qrB9a1Kk6172jyEHUxcV-4UkOk2SKRl51EllYr1z8dWCa8wE5OX1JNXsY&_nc_zt=24&_nc_ht=scontent.fsgn8-4.fna&_nc_gid=yysxeVUaV5r9eeQttxn3Fg&_nc_ss=7b2a8&oh=00_AQNMqhAoXvh_UEDsmpmfLdrITTY9EcQ3xJ8UAq7ufIcnNw&oe=6AC6CFC3"
446,"Elevage du château de Malmaison","https://www.facebook.com/profile.php?id=100071938831486","https://scontent.fsgn8-4.fna.fbcdn.net/v/t39.30808-1/792109313_1145409707866980_5537654920099938660_n.jpg?stp=cp0_dst-jpg_tt6&cstp=mx2048x2048&ctp=s80x80&_nc_cat=104&_nc_map=urlgen_bucketless&ccb=1-7&_nc_sid=167101&_nc_ohc=jE4nMNFiWFAQ7kNvwGmUXeg&_nc_oc=AdoPCQ6gd071a92eq988wszExlL_0lwcaqCtK61BM5eFTg4GgEsB7ITBfdQgw0GuEjQ&_nc_zt=24&_nc_ht=scontent.fsgn8-4.fna&_nc_gid=uDe9UEBD37PRTNPxv10pSA&_nc_ss=7b2a8&oh=00_AQNc_DLjmIbkn10skBw1aF-esTQshD-kdMViQkHJpLi-YA&oe=6AC6EA2F"
447,"София Милева","https://www.facebook.com/sofia.mileva.2025","https://scontent.fsgn8-4.fna.fbcdn.net/v/t39.30808-1/409916444_7027441537322069_5485516251846600476_n.jpg?stp=cp0_dst-jpg_tt6&cstp=mx2047x2048&ctp=s80x80&_nc_cat=1&ccb=1-7&_nc_sid=167101&_nc_ohc=H3aSw3xckucQ7kNvwF4L2Z2&_nc_oc=AdpM3tEEUi5SBoi8FWGNkd7hfC1h29pImVVFamFb04GFW1VlbCdabd1PWdGZSFNtdbw&_nc_zt=24&_nc_ht=scontent.fsgn8-4.fna&_nc_gid=uDe9UEBD37PRTNPxv10pSA&_nc_ss=7b2a8&oh=00_AQPO_o8kg5pLVLIikyEM4AbwzxfbC77cD3aT5bahGCS7yw&oe=6AC6EAE8"
448,"Applecroft Golden Retrievers","https://www.facebook.com/profile.php?id=100066314510689","https://scontent.fsgn8-4.fna.fbcdn.net/v/t39.30808-1/580989469_1150872033799936_8685486458231640297_n.jpg?stp=cp0_dst-jpg_tt6&cstp=mx1500x1504&ctp=s80x80&_nc_cat=110&_nc_map=urlgen_bucketless&ccb=1-7&_nc_sid=167101&_nc_ohc=3eMRSJX7EfwQ7kNvwHfFg-M&_nc_oc=AdrPhl6i7PnA5Mz0XUHuwRK88iWpQ4zvAgWWFXiyPZtzQ1hod7tMqgjul5iE4_qN1zI&_nc_zt=24&_nc_ht=scontent.fsgn8-4.fna&_nc_gid=uDe9UEBD37PRTNPxv10pSA&_nc_ss=7b2a8&oh=00_AQNA3YhLFz2zu809V779Bb5JYOMiENLt3IV4kpDCgtF0rA&oe=6AC6E0BC"
449,"Two Tired Girls - Hawley and Hazel adventures","https://www.facebook.com/profile.php?id=61575346526175","https://scontent.fsgn8-4.fna.fbcdn.net/v/t39.30808-1/657380248_10173943749565367_3819793832098790391_n.jpg?stp=c256.0.1536.1536a_cp0_dst-jpg_tt6&cstp=mx1536x1536&ctp=s80x80&_nc_cat=108&_nc_map=urlgen_bucketless&ccb=1-7&_nc_sid=167101&_nc_ohc=T8rdm8-DdV8Q7kNvwGooFfC&_nc_oc=Adq-N9PhtWlQRj3IAwgojij5ODjOPtlF2sg6IPLZnFR3wWvdU79UjrKklCwAYddyvbI&_nc_zt=24&_nc_ht=scontent.fsgn8-4.fna&_nc_gid=uDe9UEBD37PRTNPxv10pSA&_nc_ss=7b2a8&oh=00_AQPSsiGtVxEgyGmnOWCP8EU97IWqbEhN9-Kg2Fmi0JUJIg&oe=6AC6C456"
450,"Richards Family Labradors","https://www.facebook.com/profile.php?id=61567491441214","https://scontent.fsgn8-4.fna.fbcdn.net/v/t39.30808-1/752169203_122212264580583048_2503212299729005878_n.jpg?stp=cp0_dst-jpg_tt6&cstp=mx960x958&ctp=s80x80&_nc_cat=109&_nc_map=urlgen_bucketless&ccb=1-7&_nc_sid=167101&_nc_ohc=DNvKBnAxA-EQ7kNvwFlqJi9&_nc_oc=AdrY-Ve2GmurT27BAvotDW_K6zCZUH7Ke-1f0b0uMas_nz1-n0E2mEZsfqZYby631l8&_nc_zt=24&_nc_ht=scontent.fsgn8-4.fna&_nc_gid=uDe9UEBD37PRTNPxv10pSA&_nc_ss=7b2a8&oh=00_AQNB5B4vB9lkqMso88US5yEaUTPlnA6MLslnP_5Cr0gAaQ&oe=6AC6C28C"
451,"Sports Blitz","https://www.facebook.com/profile.php?id=61590791711652","https://scontent.fsgn8-4.fna.fbcdn.net/v/t39.30808-1/750617644_122117283723359723_3837595831257967457_n.jpg?stp=cp0_dst-jpg_tt6&cstp=mx1254x1254&ctp=s80x80&_nc_cat=105&_nc_map=urlgen_bucketless&ccb=1-7&_nc_sid=167101&_nc_ohc=H9HO-DF38tMQ7kNvwEF8mSw&_nc_oc=AdrOZIuPGkSUEazUCmcSydx0KvqkL6rKp1qHkvY6NKlg804XHaj3vIHEeJmYA3kB0Vo&_nc_zt=24&_nc_ht=scontent.fsgn8-4.fna&_nc_gid=uDe9UEBD37PRTNPxv10pSA&_nc_ss=7b2a8&oh=00_AQPa9_SLwlx658nBLzVJZOJIVGxJAw5PuwCt-hH2kO0vRg&oe=6AC6C7E6"
452,"Curly Oak Kennels","https://www.facebook.com/CurlyOakKennels","https://scontent.fsgn8-4.fna.fbcdn.net/v/t39.30808-1/644494279_1550881267040453_6610626484995088292_n.jpg?stp=cp0_dst-jpg_tt6&cstp=mx960x960&ctp=s80x80&_nc_cat=103&_nc_map=urlgen_bucketless&ccb=1-7&_nc_sid=167101&_nc_ohc=9luWFuXUUDwQ7kNvwGqJOs1&_nc_oc=AdpY4gZOvbuySYiDaQTnlDgwr19ZBQNeW4i5dcnrDZUYqefv_wjETcwxbseSsYtGnH0&_nc_zt=24&_nc_ht=scontent.fsgn8-4.fna&_nc_gid=uDe9UEBD37PRTNPxv10pSA&_nc_ss=7b2a8&oh=00_AQOvseCnXlVW5ZBgoXCPhYIYGqgHt2LGwvi2v_C7jQbI3Q&oe=6AC6D5D1"
453,"Maria Dennis","https://www.facebook.com/profile.php?id=61590481569948","https://scontent.fsgn8-4.fna.fbcdn.net/v/t39.30808-1/722666726_122109655047349385_66440107456138537_n.jpg?stp=c224.598.1154.1154a_cp0_dst-jpegr_tt6&cstp=mx1154x1154&ctp=s80x80&_nc_cat=105&_nc_map=urlgen_bucketless&ccb=1-7&_nc_sid=167101&_nc_ohc=XpOEd3w2FdIQ7kNvwHSweYY&_nc_oc=AdrlbQRKSVUYZDg5-AMb6MN5ynqNz3zFEzuXHmwPzfk8FASpo-FyplxLAEnWtjFsmuA&_nc_zt=24&se=-1&_nc_ht=scontent.fsgn8-4.fna&_nc_gid=uDe9UEBD37PRTNPxv10pSA&_nc_ss=7b2a8&oh=00_AQPLxgJPVWlQdr2tJ9dAGLTj8KOBhQO6bfNkbunEROUajg&oe=6AC6DE45"
454,"Good Boy's Belly","https://www.facebook.com/profile.php?id=61594634883707","https://scontent.fsgn8-4.fna.fbcdn.net/v/t39.30808-1/835306596_122107786497487829_9099079779415783273_n.jpg?stp=c76.78.938.938a_cp6_dst-jpg_tt6&cstp=mx938x938&ctp=s80x80&_nc_cat=103&_nc_map=urlgen_bucketless&ccb=1-7&_nc_sid=167101&_nc_ohc=3hTefBVGdT8Q7kNvwF9Qfuy&_nc_oc=AdqxeGfWb56yzPAxigWOtI75oAiIfkB-QyBwV_PFjJm58zmWlbwokYu--7PMwPq48Ew&_nc_zt=24&_nc_ht=scontent.fsgn8-4.fna&_nc_gid=orkICGKJlqeKRn4ENobjpA&_nc_ss=7b2a8&oh=00_AQPR9XYMQRptwz8oqtPNpA9doxYpACS6wpLFcdsUqBY4Ng&oe=6AC6E7C2"
455,"Labrador retriever everything","https://www.facebook.com/profile.php?id=61588325864178","https://scontent.fsgn8-4.fna.fbcdn.net/v/t39.30808-1/758444543_122120582199277528_8502319073681010688_n.jpg?stp=cp0_dst-jpg_tt6&cstp=mx704x701&ctp=s80x80&_nc_cat=102&_nc_map=urlgen_bucketless&ccb=1-7&_nc_sid=167101&_nc_ohc=YvBro8nQllkQ7kNvwEh4xBs&_nc_oc=Ado1IG6PO4LrZPaf2E9AkuJViaOrtTgSy2sBewHW1Kt2YozrBGTNQZPaQHgN-eNJOiU&_nc_zt=24&_nc_ht=scontent.fsgn8-4.fna&_nc_gid=orkICGKJlqeKRn4ENobjpA&_nc_ss=7b2a8&oh=00_AQN8Fu7K8jOEpU2aPByZlZ0HEqhP9BfoBM2yi-6pXCaFLw&oe=6AC6F49B"
456,"AZ Tall Pines Labradors","https://www.facebook.com/profile.php?id=61560550374172","https://scontent.fsgn8-4.fna.fbcdn.net/v/t39.30808-1/789314369_122219672984351679_6020691289165331060_n.jpg?stp=cp6_dst-jpg_tt6&cstp=mx2048x2048&ctp=s80x80&_nc_cat=109&_nc_map=urlgen_bucketless&ccb=1-7&_nc_sid=167101&_nc_ohc=rmeu5rDc-94Q7kNvwEvhgUv&_nc_oc=AdqiKUJ-TTSvB1DqaC1_cdtxt6XKFcIKd6WvMQvE9RS95KDfN2ynnkCu2z3wE2k4RwY&_nc_zt=24&_nc_ht=scontent.fsgn8-4.fna&_nc_gid=orkICGKJlqeKRn4ENobjpA&_nc_ss=7b2a8&oh=00_AQNVgUfBK6tr0HyiguVJgY4dsFfgXwwpBoW4ESpcumZfbg&oe=6AC6D679"
457,"Nature's Creature's","https://www.facebook.com/profile.php?id=61591031297052","https://scontent.fsgn8-4.fna.fbcdn.net/v/t39.30808-1/730294797_122101647411367709_1927370954937411399_n.jpg?stp=cp0_dst-jpg_tt6&cstp=mx1024x1024&ctp=s80x80&_nc_cat=108&_nc_map=urlgen_bucketless&ccb=1-7&_nc_sid=167101&_nc_ohc=lNMhjwB1cSsQ7kNvwH_YZcN&_nc_oc=AdoWrAChkiAM8I2quwMfncLkLXIcYmBsfTWEjqBcY0mszKVo--Iw0Hm1TQzMOJmKj7w&_nc_zt=24&_nc_ht=scontent.fsgn8-4.fna&_nc_gid=orkICGKJlqeKRn4ENobjpA&_nc_ss=7b2a8&oh=00_AQMPmcTra5oRbeu_YOM0Y7zcGF4gLshRkwigGMv1iDqr1w&oe=6AC6D52F"
458,"Cajun Water Retrievers","https://www.facebook.com/CajunWaterRetrievers","https://scontent.fsgn8-4.fna.fbcdn.net/v/t39.30808-1/305271304_414023160845235_5046809754017833108_n.jpg?stp=cp0_dst-jpg_tt6&cstp=mx960x958&ctp=s80x80&_nc_cat=106&_nc_map=urlgen_bucketless&ccb=1-7&_nc_sid=167101&_nc_ohc=U6aclfpCOYsQ7kNvwFnJF8U&_nc_oc=AdoX7t5K1hT1cChjzsH-QXhDMfbDKPwS4EKWMCUy6UZhayDGtZGkRTqvvfgED9G03B4&_nc_zt=24&_nc_ht=scontent.fsgn8-4.fna&_nc_gid=orkICGKJlqeKRn4ENobjpA&_nc_ss=7b2a8&oh=00_AQMz0JiH8nXpC4wjjrv6XrZKXYjFRQ7R4AVujmlm8uM8dg&oe=6AC6EED2"
459,"Labrador Retriever","https://www.facebook.com/profile.php?id=61554040804054","https://scontent.fsgn8-4.fna.fbcdn.net/v/t39.30808-1/612325516_122241479822134693_4623338463304001158_n.jpg?stp=c46.0.183.183a_cp0_dst-jpg_tt6&cstp=mx183x183&ctp=s80x80&_nc_cat=105&_nc_map=urlgen_bucketless&ccb=1-7&_nc_sid=167101&_nc_ohc=MTUCVf3050cQ7kNvwFd7Hkq&_nc_oc=AdpiJ7JsIMItHnP5UZSeGdIZv-MjYsd8egL2Zl3K4WHYnktPs-m27v_xlzGmC1nCHF0&_nc_zt=24&_nc_ht=scontent.fsgn8-4.fna&_nc_gid=orkICGKJlqeKRn4ENobjpA&_nc_ss=7b2a8&oh=00_AQOMARHwKOI6NPCGiqeVernnXcS0j9qq28ltoKm97GviQQ&oe=6AC6CC86"
460,"Dog Paradise","https://www.facebook.com/dogparadisefb","https://scontent.fsgn8-4.fna.fbcdn.net/v/t39.30808-1/760472265_122094488577430236_7756804057685000845_n.jpg?stp=cp0_dst-jpg_tt6&cstp=mx360x365&ctp=p80x80&_nc_cat=111&_nc_map=urlgen_bucketless&ccb=1-7&_nc_sid=167101&_nc_ohc=Y4gLMnGnrusQ7kNvwERTnN_&_nc_oc=AdoZeB5bxyA3LeNnezZr_u7HFrLL0nTJJHSRoACn7S5_QZa57gqUCX0RmKr-5d2ep3E&_nc_zt=24&_nc_ht=scontent.fsgn8-4.fna&_nc_gid=orkICGKJlqeKRn4ENobjpA&_nc_ss=7b2a8&oh=00_AQOBfm6VkYuTpsfW_ckQxPoAXelirJsnZJQLPBeowl8FIA&oe=6AC6EBA3"
461,"Slingley Gundogs","https://www.facebook.com/profile.php?id=100063479921739","https://scontent.fsgn8-4.fna.fbcdn.net/v/t39.30808-1/337027905_746258723624638_5421297900381790884_n.jpg?stp=cp0_dst-jpg_tt6&cstp=mx960x959&ctp=s80x80&_nc_cat=1&ccb=1-7&_nc_sid=167101&_nc_ohc=CQ9Rb4N6GHIQ7kNvwHtCd5O&_nc_oc=AdpeKzKx6kOUIgDaRpQptbmwOQ2SzMU5hppy77jO9tdq2U1Js72CM0ScuQF8RA3kdm0&_nc_zt=24&_nc_ht=scontent.fsgn8-4.fna&_nc_gid=orkICGKJlqeKRn4ENobjpA&_nc_ss=7b2a8&oh=00_AQPq-EM-2deO9UkAJCSizLy2lgMOE10sr06AERFkHDy2FQ&oe=6AC6ED83"
462,"Red Diamond Heart Of OZ Labradors","https://www.facebook.com/profile.php?id=61592488012191","https://scontent.fsgn8-4.fna.fbcdn.net/v/t39.30808-1/752022598_122093568111416267_7822309848915990617_n.jpg?stp=cp0_dst-jpg_tt6&cstp=mx938x938&ctp=s80x80&_nc_cat=108&_nc_map=urlgen_bucketless&ccb=1-7&_nc_sid=167101&_nc_ohc=m5F1RnZIr8gQ7kNvwEBFYQs&_nc_oc=AdpZ5zweQuNbQNVk6Us3NR4tQDkMeyYzlRgxN-8xnh5i2Xca6vv5_yfwpFyniZ7gwB4&_nc_zt=24&_nc_ht=scontent.fsgn8-4.fna&_nc_gid=6RM4roAJ4H-JYM1RzSQWCA&_nc_ss=7b2a8&oh=00_AQN4mcSpN1MN0aUWDr-gcd6JyFLNdv5Pc_CVDWkhXKAX-Q&oe=6AC6BE6A"
463,"Elvisbatzthelab","https://www.facebook.com/elvisbatzthelab","https://scontent.fsgn8-4.fna.fbcdn.net/v/t39.30808-1/416949533_694313346151836_7730579964566429374_n.jpg?stp=c517.0.1152.1152a_cp0_dst-jpg_tt6&cstp=mx1152x1152&ctp=s80x80&_nc_cat=1&ccb=1-7&_nc_sid=167101&_nc_ohc=v94D2vmFaN4Q7kNvwEZUyQP&_nc_oc=Adp2JkmKtpCN7AOD07EEE1mRtWV2amcsAFTNg7waKQC2fqMYc3FIu0LaO-SQJJajMRs&_nc_zt=24&_nc_ht=scontent.fsgn8-4.fna&_nc_gid=6RM4roAJ4H-JYM1RzSQWCA&_nc_ss=7b2a8&oh=00_AQMNN-vCJqCBM6v2DAuxRrYZwNXvqBrSEUu6qgB6IydtUA&oe=6AC6C75D"
464,"Tiny Tails Whelping Services","https://www.facebook.com/profile.php?id=61586713470416","https://scontent.fsgn8-4.fna.fbcdn.net/v/t39.30808-1/615793881_122096951583223782_4214601875945930572_n.jpg?stp=cp0_dst-jpg_tt6&cstp=mx960x960&ctp=s80x80&_nc_cat=104&_nc_map=urlgen_bucketless&ccb=1-7&_nc_sid=167101&_nc_ohc=l5DH2MIzzZgQ7kNvwEDiOzk&_nc_oc=Adpp8wn1n5VliJnlMHvRUBPlijFV8e3O269bynKzQk1BGywmom85mJwzdXuA3zun3ww&_nc_zt=24&_nc_ht=scontent.fsgn8-4.fna&_nc_gid=6RM4roAJ4H-JYM1RzSQWCA&_nc_ss=7b2a8&oh=00_AQN3qHWDTXikzlHkLaQSw47l9sGQTrHlUjs7vW9iDMz_Gw&oe=6AC6EE79"
465,"Eli The Beagle","https://www.facebook.com/profile.php?id=61587523854373","https://scontent.fsgn8-4.fna.fbcdn.net/v/t39.30808-1/719519786_122122071627250795_5017693271299439921_n.jpg?stp=cp0_dst-jpg_tt6&cstp=mx896x885&ctp=p80x80&_nc_cat=105&_nc_map=urlgen_bucketless&ccb=1-7&_nc_sid=167101&_nc_ohc=rztRnychQOMQ7kNvwEaitLk&_nc_oc=AdoaRUchDCfxE2-4mnGhGCisE4qSFkad07dSUysSbRnNtvPM7Ah5n2a03ho_wcb2E_A&_nc_zt=24&_nc_ht=scontent.fsgn8-4.fna&_nc_gid=6RM4roAJ4H-JYM1RzSQWCA&_nc_ss=7b2a8&oh=00_AQPiO_2solb7QEeunGA82A7jGjPP2tng61EyEbiiizv8zQ&oe=6AC6E314"
466,"Tussock Jack Russell Terriers","https://www.facebook.com/haidee.burrows","https://scontent.fsgn8-4.fna.fbcdn.net/v/t39.30808-1/480442425_558860470545359_1742690516810960007_n.jpg?stp=cp0_dst-jpg_tt6&cstp=mx1536x1536&ctp=s80x80&_nc_cat=111&_nc_map=urlgen_bucketless&ccb=1-7&_nc_sid=167101&_nc_ohc=8tXnEe9Cku8Q7kNvwGQNrnH&_nc_oc=AdoiQoTuPVoMaYGg93f44BAghiKW9M__F1nuFM6jc0Qc2KTdGFZ7aHQFgyzsABC1jqU&_nc_zt=24&_nc_ht=scontent.fsgn8-4.fna&_nc_gid=6RM4roAJ4H-JYM1RzSQWCA&_nc_ss=7b2a8&oh=00_AQN2qifKn91naCaftOM04CrPNNwd4B1VNNXgAdGxgJKvBQ&oe=6AC6CE3A"
467,"Fox Red Labradors","https://www.facebook.com/profile.php?id=100064102926725","https://scontent.fsgn8-4.fna.fbcdn.net/v/t39.30808-1/416284064_759206536226104_2192794651561351479_n.jpg?stp=cp0_dst-jpg_tt6&cstp=mx960x956&ctp=s80x80&_nc_cat=110&_nc_map=urlgen_bucketless&ccb=1-7&_nc_sid=167101&_nc_ohc=UQtX6E1sJB8Q7kNvwGMpslc&_nc_oc=AdriQz_REypAo7N8Rq7ekFE2dJrlR2GA3agSll5TyantkFTxgL4kJiYaJ9ayhBTZ0g4&_nc_zt=24&_nc_ht=scontent.fsgn8-4.fna&_nc_gid=6RM4roAJ4H-JYM1RzSQWCA&_nc_ss=7b2a8&oh=00_AQPSJOVaHcz277jmX8tkILOC3R6o17dzkAPpVCmKtOsxow&oe=6AC6D0D1"
468,"German Shepherd Paradise","https://www.facebook.com/profile.php?id=61592752614748","https://scontent.fsgn8-4.fna.fbcdn.net/v/t39.30808-1/758280960_122251289624121705_305816716483646497_n.jpg?stp=c0.0.1086.1086a_cp0_dst-jpg_tt6&cstp=mx1086x1086&ctp=s80x80&_nc_cat=105&_nc_map=urlgen_bucketless&ccb=1-7&_nc_sid=167101&_nc_ohc=A5ELTCHL2t8Q7kNvwE0XsSw&_nc_oc=AdpUL98ycmlfnG6AD2rwlhj0NUo7Y7A2HKt5pnAmXX-BZaevsU9Xis7e0UG0SN5JBlM&_nc_zt=24&_nc_ht=scontent.fsgn8-4.fna&_nc_gid=6RM4roAJ4H-JYM1RzSQWCA&_nc_ss=7b2a8&oh=00_AQN0G8qxnofK2U5raXF0I2fETn8doUGCHPzc0cfVwX92cg&oe=6AC6E0FF"
469,"Toffee the black lab","https://www.facebook.com/profile.php?id=61592529362658","https://scontent.fsgn8-4.fna.fbcdn.net/v/t39.30808-1/757305443_27100720022940161_3699379997580023323_n.jpg?stp=cp0_dst-jpg_tt6&cstp=mx1080x1080&ctp=s80x80&_nc_cat=106&_nc_map=urlgen_bucketless&ccb=1-7&_nc_sid=167101&_nc_ohc=zfEChJ0AG1IQ7kNvwEvxdSW&_nc_oc=AdpOXJHqUBMbRTpLHN20lL5lP0sFuXwGr1W5o_ktn70qlXvxT9AvnPIYidBOvUwrn1U&_nc_zt=24&_nc_ht=scontent.fsgn8-4.fna&_nc_gid=6RM4roAJ4H-JYM1RzSQWCA&_nc_ss=7b2a8&oh=00_AQNTyOSvzacALMx9zmp6Wf1V4cNe37iVaWf8j214VYBMSw&oe=6AC6DE96"
470,"elvisbatzthelab","https://www.facebook.com/profile.php?id=61594541046477","https://scontent.fsgn8-4.fna.fbcdn.net/v/t39.30808-1/795438464_122101702119484701_3035758470628092786_n.jpg?stp=cp0_dst-jpg_tt6&cstp=mx510x507&ctp=p80x80&_nc_cat=102&_nc_map=urlgen_bucketless&ccb=1-7&_nc_sid=167101&_nc_ohc=j7PDC9dizjwQ7kNvwEVkmhC&_nc_oc=Adrmk3NdLFQyBDfWAUQLrkocRP4z9wY4CtZxQ4PfA0t_UmA84E1WMeicrlj3i-XAIFI&_nc_zt=24&_nc_ht=scontent.fsgn8-4.fna&_nc_gid=u4TDCYLhsi0IvonTpxJKrA&_nc_ss=7b2a8&oh=00_AQNwvwheni3chsG2ODbLLy7PQJJrqqSsiD3mrZaogDe-Ug&oe=6AC6E65B"
471,"Jack Russell Terrier","https://www.facebook.com/profile.php?id=61559497753971","https://scontent.fsgn8-4.fna.fbcdn.net/v/t39.30808-1/579218247_122204101148316591_703498226916049541_n.jpg?stp=cp0_dst-jpg_tt6&cstp=mx699x691&ctp=p80x80&_nc_cat=108&_nc_map=urlgen_bucketless&ccb=1-7&_nc_sid=167101&_nc_ohc=6DeU5AbPb-QQ7kNvwFfekcn&_nc_oc=AdqeUUj1CrWfVkeyHfXxs7ofw6Bg2xBUKwqFQ8H5t1nstmG92vanHLTp2Svm7aDx2NI&_nc_zt=24&_nc_ht=scontent.fsgn8-4.fna&_nc_gid=u4TDCYLhsi0IvonTpxJKrA&_nc_ss=7b2a8&oh=00_AQOg0Owt5uZTvHsgTkhc8EJO1ovWppSE5jRu2vA1T-EeMQ&oe=6AC6ED44"
472,"Golden Heart Labradors","https://www.facebook.com/KimmeysKennel","https://scontent.fsgn8-4.fna.fbcdn.net/v/t39.30808-1/771726561_1600983981815616_8758407929417633763_n.jpg?stp=cp0_dst-jpg_tt6&cstp=mx1254x1254&ctp=s80x80&_nc_cat=110&_nc_map=urlgen_bucketless&ccb=1-7&_nc_sid=167101&_nc_ohc=XgBD7-FdFLsQ7kNvwFt4b7v&_nc_oc=AdoiyCB5ccazOzu2XY9LKr41ZcPlMjejGfD_CBtwtdiC2g07N-W_s2TEIqC0Bek7phM&_nc_zt=24&_nc_ht=scontent.fsgn8-4.fna&_nc_gid=u4TDCYLhsi0IvonTpxJKrA&_nc_ss=7b2a8&oh=00_AQOEThCRmYoQITMRTJwwfQ_-yxYdz2uoyuCjTTBSTJIjGw&oe=6AC6DF83"
473,"cheeky puppies","https://www.facebook.com/profile.php?id=61592289195638","https://scontent.fsgn8-4.fna.fbcdn.net/v/t39.30808-1/760411827_122101170333409639_4267271439497672769_n.jpg?stp=cp0_dst-jpg_tt6&cstp=mx1024x1014&ctp=p80x80&_nc_cat=102&_nc_map=urlgen_bucketless&ccb=1-7&_nc_sid=167101&_nc_ohc=KhL4Zlhc1fsQ7kNvwFSgtrH&_nc_oc=AdrXNNM6d9scDo-oZKTazTvaScHKZSSKDPOeiP95fUuedcgYCmy0_lNJkHAfnq7x-zA&_nc_zt=24&_nc_ht=scontent.fsgn8-4.fna&_nc_gid=u4TDCYLhsi0IvonTpxJKrA&_nc_ss=7b2a8&oh=00_AQMMaanZMWu_6zRTc9rITZWmu2VcP4aW7JP5Znhijn62CA&oe=6AC6C151"
474,"Pawfect Daily","https://www.facebook.com/profile.php?id=61594043139675","https://scontent.fsgn8-4.fna.fbcdn.net/v/t39.30808-1/800073607_4619966338249330_182487517723091638_n.jpg?stp=cp0_dst-jpg_tt6&cstp=mx1254x1254&ctp=s80x80&_nc_cat=101&_nc_map=urlgen_bucketless&ccb=1-7&_nc_sid=167101&_nc_ohc=eqopkcK1jXgQ7kNvwEF5FxW&_nc_oc=AdqIHdX12myVwFCeH9TV7cGVTANFWMx7T3R0_eJzht4yZw_hfq5wU_aJmGaRp3oU3nw&_nc_zt=24&_nc_ht=scontent.fsgn8-4.fna&_nc_gid=u4TDCYLhsi0IvonTpxJKrA&_nc_ss=7b2a8&oh=00_AQObynqQHsQJ1XFwMDx1wGc1yKSoj9iw5BqK0Qnuo9-IQw&oe=6AC6C725"
475,"Black Labrador Lovers","https://www.facebook.com/profile.php?id=61586451444975","https://scontent.fsgn8-4.fna.fbcdn.net/v/t39.30808-1/644364373_122094428121215048_2562156794311054287_n.jpg?stp=cp0_dst-jpg_tt6&cstp=mx736x744&ctp=p80x80&_nc_cat=111&_nc_map=urlgen_bucketless&ccb=1-7&_nc_sid=167101&_nc_ohc=zjWsZJy1C3cQ7kNvwEYoypx&_nc_oc=Adry0hBYUTU7Vp3c7nE2zuUFa_A8S4-eOQQJd0Wsiatrasrd2X8W-Lx_20YpPY_z4wM&_nc_zt=24&_nc_ht=scontent.fsgn8-4.fna&_nc_gid=u4TDCYLhsi0IvonTpxJKrA&_nc_ss=7b2a8&oh=00_AQNQA13DJJ9E-aL0ZWGqfSYjqxAkFATzk_GnmcwDONJ_KA&oe=6AC6E1CE"
476,"Kayra Labrador","https://www.facebook.com/profile.php?id=61590468009865","https://scontent.fsgn8-4.fna.fbcdn.net/v/t39.30808-1/718227049_122104953663348933_7657189659345921388_n.jpg?stp=cp0_dst-jpg_tt6&cstp=mx768x768&ctp=s80x80&_nc_cat=109&_nc_map=urlgen_bucketless&ccb=1-7&_nc_sid=167101&_nc_ohc=QhreuOiGoywQ7kNvwFldU11&_nc_oc=Adp1MZAMAhcyntj0QaNIchbjbTsf3-YFcOLd00EEcCaMGyR5rPeWLEU1vncw50wKV7A&_nc_zt=24&_nc_ht=scontent.fsgn8-4.fna&_nc_gid=u4TDCYLhsi0IvonTpxJKrA&_nc_ss=7b2a8&oh=00_AQMWuYVVkHVWzSoWgYs6oKrdf-xaV6Kl1YAj8D3OfRBdCg&oe=6AC6D4FD"
477,"English Mastiff Lover","https://www.facebook.com/profile.php?id=61586081671216","https://scontent.fsgn8-4.fna.fbcdn.net/v/t39.30808-1/610665713_122097243987202722_6870120900079351740_n.jpg?stp=c0.0.735.735a_cp0_dst-jpg_tt6&cstp=mx735x735&ctp=s80x80&_nc_cat=104&_nc_map=urlgen_bucketless&ccb=1-7&_nc_sid=167101&_nc_ohc=ZCxWXVEVSb8Q7kNvwG5-oGX&_nc_oc=AdrBRAWbCHSMDFfimkuFhR72ijsgZfQ93ulR4D1rd07JaIMBOamgOK0_Y0HiTsPFcpk&_nc_zt=24&_nc_ht=scontent.fsgn8-4.fna&_nc_gid=u4TDCYLhsi0IvonTpxJKrA&_nc_ss=7b2a8&oh=00_AQOe2i7JTitQbkX9p-UlIMPnPcoEh_yhswHB-d0FIU-WOw&oe=6AC6E6BB"
478,"Borderline · Chiwowow Puppies","https://www.facebook.com/profile.php?id=61593821951609","https://scontent.fsgn8-4.fna.fbcdn.net/v/t39.30808-1/793160859_122102867337460731_7803235436241146716_n.jpg?stp=cp0_dst-jpg_tt6&cstp=mx2048x2048&ctp=s80x80&_nc_cat=106&_nc_map=urlgen_bucketless&ccb=1-7&_nc_sid=167101&_nc_ohc=QZaoZ-ILWdkQ7kNvwHtnLOC&_nc_oc=AdooxgupPm_V3q3k5FYcA7kprZ-KKFg0Hbs6b7x90Tt2QYHoguPoZJ_wNX14cfnURBY&_nc_zt=24&_nc_ht=scontent.fsgn8-4.fna&_nc_gid=HKKk_V_-wQSuLs974GM80Q&_nc_ss=7b2a8&oh=00_AQNiqTuN9AYUdsjT0Nx3VU8QrFtIw-zFAijwVKsWZeAXfw&oe=6AC6E1C7"
479,"Lightning Ridge Labs","https://www.facebook.com/profile.php?id=100081986013434","https://scontent.fsgn8-4.fna.fbcdn.net/v/t39.30808-1/273879068_102250659059867_8073161057836376593_n.jpg?stp=c0.0.1536.1536a_cp0_dst-jpg_tt6&cstp=mx1536x1536&ctp=s80x80&_nc_cat=111&_nc_map=urlgen_bucketless&ccb=1-7&_nc_sid=167101&_nc_ohc=FQ-3ZW9qQ9kQ7kNvwELVtq8&_nc_oc=Adq-zFvG0VIaKHF77RlULkXR0HE1tLIDViRmRwERaFeJvQ05KdlTz9j-lJ221uEn0u8&_nc_zt=24&_nc_ht=scontent.fsgn8-4.fna&_nc_gid=HKKk_V_-wQSuLs974GM80Q&_nc_ss=7b2a8&oh=00_AQPFJN7s6QverLm_ZFqBf_ykVFbX_f_epHIqvW0lUtl8kg&oe=6AC6CDA6"
480,"Butte Valley Labs","https://www.facebook.com/profile.php?id=100082993433832","https://scontent.fsgn8-4.fna.fbcdn.net/v/t39.30808-1/700102233_955615127214926_7674969587421233083_n.jpg?stp=cp0_dst-jpg_tt6&cstp=mx1000x1002&ctp=s80x80&_nc_cat=105&_nc_map=urlgen_bucketless&ccb=1-7&_nc_sid=167101&_nc_ohc=3GHSVxJgmXgQ7kNvwFjbESR&_nc_oc=AdpfchPA1upuJMHlQtTOFaqPzU0LVGYWgs0W3MZdrmp5ciesdOvsH0GUbR7S2eD1ANI&_nc_zt=24&_nc_ht=scontent.fsgn8-4.fna&_nc_gid=HKKk_V_-wQSuLs974GM80Q&_nc_ss=7b2a8&oh=00_AQMAXrgwgsqBavn2qpRciNUUU-0qLMMXJc7VQBqVVjUf_A&oe=6AC6D1F1"
481,"Teddy Bad Boy","https://www.facebook.com/Teddybadboy1","https://scontent.fsgn8-4.fna.fbcdn.net/v/t39.30808-1/786268051_122190688124807817_5176560422516035687_n.jpg?stp=cp0_dst-jpg_tt6&cstp=mx1166x1166&ctp=s80x80&_nc_cat=108&_nc_map=urlgen_bucketless&ccb=1-7&_nc_sid=167101&_nc_ohc=RjsNN27ssn4Q7kNvwEdHMPn&_nc_oc=AdrncRzaOHuTGQmW1bCdWv6tQKzNh85yxci1WcmAhWi-ooOK4vp4dEAE537-P9oJfPs&_nc_zt=24&_nc_ht=scontent.fsgn8-4.fna&_nc_gid=HKKk_V_-wQSuLs974GM80Q&_nc_ss=7b2a8&oh=00_AQPWe2vMghBuisy2846QGBqvJI34nsZcWNDAG2fxMekEfg&oe=6AC6DC5B"
482,"Patitas Club","https://www.facebook.com/profile.php?id=61594468230952","https://scontent.fsgn8-4.fna.fbcdn.net/v/t39.30808-1/814873525_3629958723821947_7906519469409764873_n.jpg?stp=cp0_dst-jpg_tt6&cstp=mx1254x1254&ctp=s80x80&_nc_cat=1&ccb=1-7&_nc_sid=167101&_nc_ohc=h0Ws5Ko2EnwQ7kNvwFdQ38_&_nc_oc=AdpEVArNWBQVDlM2x3sCYnI0v2pm87AownOK7uHIgy5J_Nfe2x6XVOR8XP65vUckyqg&_nc_zt=24&_nc_ht=scontent.fsgn8-4.fna&_nc_gid=HKKk_V_-wQSuLs974GM80Q&_nc_ss=7b2a8&oh=00_AQNw2CWUiPB3mC0fP4nqj2dfTsM-zsqhCW47dHw__FpyMA&oe=6AC6BD02"
483,"Pet X Store","https://www.facebook.com/profile.php?id=61563539097961","https://scontent.fsgn8-4.fna.fbcdn.net/v/t39.30808-1/470219559_122136523646451303_1952187960453362904_n.jpg?stp=c25.25.1000.1000a_cp0_dst-jpg_tt6&cstp=mx1000x1000&ctp=s80x80&_nc_cat=105&_nc_map=urlgen_bucketless&ccb=1-7&_nc_sid=167101&_nc_ohc=_j5m4pw-npUQ7kNvwFxrWtl&_nc_oc=Adrzw1nbybotyPItGfhGlPtzk40ZCTVAtVo3EjnA6HdFDqFDI2iO7fhW83bLCBdumIw&_nc_zt=24&_nc_ht=scontent.fsgn8-4.fna&_nc_gid=HKKk_V_-wQSuLs974GM80Q&_nc_ss=7b2a8&oh=00_AQOUmZC341v-O--_BGK82uQWwjfvM0VtcsrMvHGKElBCeQ&oe=6AC6E829"
484,"Marc Pawcalm","https://www.facebook.com/profile.php?id=61594556914731","https://scontent.fsgn8-4.fna.fbcdn.net/v/t39.30808-1/818695217_122099690067485230_8721842412138662280_n.jpg?stp=cp0_dst-jpg_tt6&cstp=mx1254x1254&ctp=s80x80&_nc_cat=105&_nc_map=urlgen_bucketless&ccb=1-7&_nc_sid=167101&_nc_ohc=Sb0X0LXWft0Q7kNvwFQAvEA&_nc_oc=Adq5SLVqW0bIY20b5cf3Dx0rDadlNiLdGeG_j5fRJ8Hzt4pwHjhBCQmNSi9HoNXBIOA&_nc_zt=24&_nc_ht=scontent.fsgn8-4.fna&_nc_gid=HKKk_V_-wQSuLs974GM80Q&_nc_ss=7b2a8&oh=00_AQPYxIs3i0uv_WCU12ufvJh0n_NnP2nIIw4GnmiZ5-SQjQ&oe=6AC6DC69"
485,"Duck Fever Retrievers","https://www.facebook.com/profile.php?id=100057278956967","https://scontent.fsgn8-4.fna.fbcdn.net/v/t39.30808-1/302750204_585815210004439_1621943806262809457_n.jpg?stp=cp0_dst-jpg_tt6&cstp=mx335x335&ctp=s80x80&_nc_cat=101&_nc_map=urlgen_bucketless&ccb=1-7&_nc_sid=167101&_nc_ohc=xjaUHoys5cgQ7kNvwEZW7aV&_nc_oc=Adp_fzI6bwukdATozm5Mwx2nL0DEQVnMOt0uE1H4E9Os00_33JeFOSySA9W7VAGApnw&_nc_zt=24&_nc_ht=scontent.fsgn8-4.fna&_nc_gid=HKKk_V_-wQSuLs974GM80Q&_nc_ss=7b2a8&oh=00_AQOpzSy3Ewde_IaVMc-FFk7QDJ5mUajBi1yr6X5isCJ0dQ&oe=6AC6C052"
486,"ชีวิตบ้านๆ บ้านออย","https://www.facebook.com/Sheweetbanbanbanoy","https://scontent.fsgn8-4.fna.fbcdn.net/v/t39.30808-1/486556511_532847549841400_4708875781882293124_n.jpg?stp=cp6_dst-jpg_tt6&cstp=mx1179x1180&ctp=s80x80&_nc_cat=105&_nc_map=urlgen_bucketless&ccb=1-7&_nc_sid=167101&_nc_ohc=EiMu--MU668Q7kNvwEacjtI&_nc_oc=AdpiC-4usjPPoZxAlr4qjlvqKd-MTTUoRjBdqreIx9ym0n-ifQ0aIVMnqvC7JsNv8JM&_nc_zt=24&_nc_ht=scontent.fsgn8-4.fna&_nc_gid=dvRD7KjN30pj90juDV5LOA&_nc_ss=7b2a8&oh=00_AQOVC5eFN2N0kUM7iAr9vvHU4u5wSttp-N-n0MnceZWt6w&oe=6AC6E2AE"
487,"Puppy Moods","https://www.facebook.com/profile.php?id=61588770800369","https://scontent.fsgn8-4.fna.fbcdn.net/v/t39.30808-1/746155811_122093159079292360_2953677654961998136_n.jpg?stp=cp0_dst-jpg_tt6&cstp=mx864x864&ctp=s80x80&_nc_cat=110&_nc_map=urlgen_bucketless&ccb=1-7&_nc_sid=167101&_nc_ohc=XV89PcEu0rIQ7kNvwHbYgrO&_nc_oc=AdqGVlMF1T3PJwQ1YL4ZjgnhUnuQCPuVkriowFG-rp7OXcGu4vN4fJA8gSRryq7tNJ8&_nc_zt=24&_nc_ht=scontent.fsgn8-4.fna&_nc_gid=dvRD7KjN30pj90juDV5LOA&_nc_ss=7b2a8&oh=00_AQPZc1J9XRDVKLAlEoLBQuqxgH1gIkNgY9IudTbHoUFpqg&oe=6AC6D45D"
488,"Jdedits","https://www.facebook.com/profile.php?id=61590743850977","https://scontent.fsgn8-4.fna.fbcdn.net/v/t39.30808-1/751205379_122116656309358128_827029793788943303_n.jpg?stp=cp0_dst-jpg_tt6&cstp=mx1080x1084&ctp=s80x80&_nc_cat=104&_nc_map=urlgen_bucketless&ccb=1-7&_nc_sid=167101&_nc_ohc=Z1Ga_bwe-x4Q7kNvwGWM3tN&_nc_oc=AdpXc7ViCNXfOB98zjq7ymTXBXkawFS3G99GMXi-izjK7HMtcXw5Is2ubNYLrC18c2U&_nc_zt=24&_nc_ht=scontent.fsgn8-4.fna&_nc_gid=dvRD7KjN30pj90juDV5LOA&_nc_ss=7b2a8&oh=00_AQMiM_A0p7Dfaxp7k6kXkKYC5KCcQ4TREuFruRGCS31Sqw&oe=6AC6D515"
489,"Golden Retriver love","https://www.facebook.com/profile.php?id=61575588441354","https://scontent.fsgn8-4.fna.fbcdn.net/v/t39.30808-1/656978248_122093327384852948_1382325022342168917_n.jpg?stp=cp0_dst-jpg_tt6&cstp=mx526x527&ctp=s80x80&_nc_cat=101&_nc_map=urlgen_bucketless&ccb=1-7&_nc_sid=167101&_nc_ohc=xrFj3b9OllQQ7kNvwHe1yc-&_nc_oc=AdoHbv7JDmvbOIerLBlho8FQCwwORcoGLw_2GAwRryjmFySTKGGBpUYv6i4T2egRELQ&_nc_zt=24&_nc_ht=scontent.fsgn8-4.fna&_nc_gid=dvRD7KjN30pj90juDV5LOA&_nc_ss=7b2a8&oh=00_AQO6QA47zBMPWSVZCGtZsymbS10oaE7S7oCjQDyGEy8DMw&oe=6AC6DBDB"
490,"Akat Labrador","https://www.facebook.com/akat.labrador","https://scontent.fsgn8-4.fna.fbcdn.net/v/t39.30808-1/474503963_610755344937646_1745461094526601207_n.jpg?stp=cp0_dst-jpg_tt6&cstp=mx1040x1035&ctp=s80x80&_nc_cat=110&_nc_map=urlgen_bucketless&ccb=1-7&_nc_sid=167101&_nc_ohc=nKUUP1WJgR8Q7kNvwFoBr_6&_nc_oc=AdoNGbtyDHZnkV6EXP68Sw85JqdAiFwwRUZDuzsQA_1UD5lHpOEHbHW445m0U7bO-20&_nc_zt=24&_nc_ht=scontent.fsgn8-4.fna&_nc_gid=dvRD7KjN30pj90juDV5LOA&_nc_ss=7b2a8&oh=00_AQP8u13qGziYy_Kt_t2skLBREcvmblE5dhG9hlHCjTeRzA&oe=6AC6EB1D"
491,"Joshua Ashton Bennett","https://www.facebook.com/josh.t.bennett.3","https://scontent.fsgn8-4.fna.fbcdn.net/v/t39.30808-1/825267367_10164691584567731_7053600768057373252_n.jpg?stp=cp0_dst-jpg_tt6&cstp=mx960x960&ctp=s80x80&_nc_cat=105&_nc_map=urlgen_bucketless&ccb=1-7&_nc_sid=167101&_nc_ohc=ZvhN6GHneKMQ7kNvwG2LDYm&_nc_oc=AdrhFO14lZVLhRyiCakZQWK8FdOtt8e0y4DF0FIIcc7xoIfQptyjpPE2wvEcOzpKc24&_nc_zt=24&_nc_ht=scontent.fsgn8-4.fna&_nc_gid=dvRD7KjN30pj90juDV5LOA&_nc_ss=7b2a8&oh=00_AQOLbmMtHUjEC2tm4uPbd4NFFXrM7ejBcYdehSpmEqqw6Q&oe=6AC6DD86"
492,"龍離譜","https://www.facebook.com/profile.php?id=61588130786654","https://scontent.fsgn8-4.fna.fbcdn.net/v/t39.30808-1/633464526_122095543515271026_4777263463749294965_n.jpg?stp=cp0_dst-jpg_tt6&cstp=mx300x300&ctp=s80x80&_nc_cat=104&_nc_map=urlgen_bucketless&ccb=1-7&_nc_sid=167101&_nc_ohc=X6A30hgyQO4Q7kNvwE2Fy7J&_nc_oc=AdreSj4VfOf_yEi02zw1qaQ14VADU62Y3z2YkovWgmim_YhdRY5R9IaB_QeZsWELz3o&_nc_zt=24&_nc_ht=scontent.fsgn8-4.fna&_nc_gid=dvRD7KjN30pj90juDV5LOA&_nc_ss=7b2a8&oh=00_AQN33Xd6nBtrWUCfYO0YkrSEZkMBLbMEuMJbHsn_4Up8Hw&oe=6AC6DC8F"
493,"Benny and Jett","https://www.facebook.com/BennyandJett","https://scontent.fsgn8-4.fna.fbcdn.net/v/t39.30808-1/702837545_122099842856508639_89586723838619756_n.jpg?stp=cp0_dst-jpg_tt6&cstp=mx960x960&ctp=s80x80&_nc_cat=108&_nc_map=urlgen_bucketless&ccb=1-7&_nc_sid=167101&_nc_ohc=AZCF0Hgp9ooQ7kNvwGzQSMM&_nc_oc=Adr5h6Z5EkDkLIuQk-GoVZw9zbjclLogvpfY0VPFR8eAAxfCK6qHI81mQitUwnqP6gU&_nc_zt=24&_nc_ht=scontent.fsgn8-4.fna&_nc_gid=dvRD7KjN30pj90juDV5LOA&_nc_ss=7b2a8&oh=00_AQPIca4zDZWhohiJT5aQZWdKFfG_Zo3qw0Gq6BeYMvyKJw&oe=6AC6DC7A"
494,"C&N Retrievers","https://www.facebook.com/profile.php?id=100094069732527","https://scontent.fsgn8-4.fna.fbcdn.net/v/t39.30808-1/602403283_740713619074289_11103041344177658_n.jpg?stp=cp0_dst-jpg_tt6&cstp=mx1024x1024&ctp=s80x80&_nc_cat=104&_nc_map=urlgen_bucketless&ccb=1-7&_nc_sid=167101&_nc_ohc=byiWInqtwxYQ7kNvwE3qACa&_nc_oc=AdqenO3lIIwEGA5Gcanialm336Y6pyZoUIb-r_gztXpznAUFw7XT9yb24SRP-jwyK-Y&_nc_zt=24&_nc_ht=scontent.fsgn8-4.fna&_nc_gid=_BjHiC-WTNGSWvQkLaQ4kQ&_nc_ss=7b2a8&oh=00_AQN9hjK0iuqXVJ-jK7ZjKvbl9Myru_XJ7muAUn15FDgHCg&oe=6AC6E933"
495,"Robin Moore Reager","https://www.facebook.com/robinmoore.reager","https://scontent.fsgn8-4.fna.fbcdn.net/v/t39.30808-1/528805453_24810695565188643_2255422194331806019_n.jpg?stp=cp0_dst-jpg_tt6&cstp=mx1533x1544&ctp=s80x80&_nc_cat=110&_nc_map=urlgen_bucketless&ccb=1-7&_nc_sid=167101&_nc_ohc=NL6KhTLTzrUQ7kNvwEFZN3D&_nc_oc=AdpwOMbuuNkdqFI54U59J_hZD22o7EDvhg61Afx4BopWctGw2uHUGwkAgwqbbwOybWI&_nc_zt=24&_nc_ht=scontent.fsgn8-4.fna&_nc_gid=_BjHiC-WTNGSWvQkLaQ4kQ&_nc_ss=7b2a8&oh=00_AQMhBOTYTsn7u-Mt4gIjkIDzvNSPHLhDbMS1EUo--CyCkA&oe=6AC6F2B6"
496,"Living on Labrador Time","https://www.facebook.com/livingonlabradortime","https://scontent.fsgn8-4.fna.fbcdn.net/v/t39.30808-1/720634497_122106304143356252_3230861867731265384_n.jpg?stp=cp0_dst-jpg_tt6&cstp=mx1254x1254&ctp=s80x80&_nc_cat=1&ccb=1-7&_nc_sid=167101&_nc_ohc=Bd1RIOS8CY8Q7kNvwGZb6G0&_nc_oc=AdrEyW40YkX6-J0PKYXkDOWln2Tj3d1q7oA_FvMFuSmeu9W5g7o5rF6eyZ5UbRVNdtk&_nc_zt=24&_nc_ht=scontent.fsgn8-4.fna&_nc_gid=_BjHiC-WTNGSWvQkLaQ4kQ&_nc_ss=7b2a8&oh=00_AQMvgaZ5POK09RHsm9CMkVN9761roYrV5MnOuwU2NnxArA&oe=6AC6D1BF"
497,"Birchwood Tennessee Silver Labs","https://www.facebook.com/Birchwoodsilverlabs","https://scontent.fsgn8-4.fna.fbcdn.net/v/t39.30808-1/356831702_236925135775267_8082229228302631384_n.jpg?stp=cp0_dst-jpg_tt6&cstp=mx1754x1754&ctp=s80x80&_nc_cat=101&_nc_map=urlgen_bucketless&ccb=1-7&_nc_sid=167101&_nc_ohc=fnoTDQF9thwQ7kNvwEfO4OH&_nc_oc=AdojEuo6etL9xazi5ai1EtWHYSelwpr6h0PxPTQ_qkeDb_UQ7XpML_4TAhaZBMozYwE&_nc_zt=24&_nc_ht=scontent.fsgn8-4.fna&_nc_gid=_BjHiC-WTNGSWvQkLaQ4kQ&_nc_ss=7b2a8&oh=00_AQNWrbpg1uMS3yoyqMEz-c6AaHlkVeosjOkXOmc-Amk6HA&oe=6AC6C8C4"
498,"Vũ Minh Quyết","https://www.facebook.com/quyt.vu.501","https://scontent.fsgn8-4.fna.fbcdn.net/v/t39.30808-1/482052901_974733134759969_8730428259530644953_n.jpg?stp=cp0_dst-jpg_tt6&cstp=mx750x748&ctp=s80x80&_nc_cat=105&_nc_map=urlgen_bucketless&ccb=1-7&_nc_sid=167101&_nc_ohc=lxl6daW0jLMQ7kNvwEAZC-8&_nc_oc=AdpcpcEffLnhaVIBJog3u1YlkCVALk4lgU3PZX4HuK6rqqQtSVkrP2E_0Cl9FidbpnA&_nc_zt=24&_nc_ht=scontent.fsgn8-4.fna&_nc_gid=_BjHiC-WTNGSWvQkLaQ4kQ&_nc_ss=7b2a8&oh=00_AQMtw-jhNsOGGgNPhNFZArtgvbUZnL0M0yphptzIliQMkA&oe=6AC6EC23"
499,"Ronjas hvalpe","https://www.facebook.com/profile.php?id=61591867045275","https://scontent.fsgn8-4.fna.fbcdn.net/v/t39.30808-1/741304807_122095426107395568_3246012461357575675_n.jpg?stp=cp0_dst-jpg_tt6&cstp=mx704x696&ctp=p80x80&_nc_cat=104&_nc_map=urlgen_bucketless&ccb=1-7&_nc_sid=167101&_nc_ohc=tx6p0d8GCrUQ7kNvwGHzklH&_nc_oc=Adp7xgra32XBC69hweWWG7ayhWqiterwg8GQJSCivAM_tNug2qATcYOYVJIanziwswo&_nc_zt=24&_nc_ht=scontent.fsgn8-4.fna&_nc_gid=_BjHiC-WTNGSWvQkLaQ4kQ&_nc_ss=7b2a8&oh=00_AQNHljBDkpi7nubEGOMOs1lcl8QChZlMKo8zdzvpe1nfSQ&oe=6AC6CA32"
500,"Lady Labradors LLC","https://www.facebook.com/profile.php?id=61556673370863","https://scontent.fsgn8-4.fna.fbcdn.net/v/t39.30808-1/825266915_122349839414222445_4304218989698912663_n.jpg?stp=cp0_dst-jpg_tt6&cstp=mx960x957&ctp=s80x80&_nc_cat=100&_nc_map=urlgen_bucketless&ccb=1-7&_nc_sid=167101&_nc_ohc=gxSGlkdInT4Q7kNvwGAcYwU&_nc_oc=AdqgJQKDeSgUQxLqs2AsmZYxbJ4_W8ir1jEWhoyt4WVVXL33WGvlY7e1t_sxz3It8oY&_nc_zt=24&_nc_ht=scontent.fsgn8-4.fna&_nc_gid=_BjHiC-WTNGSWvQkLaQ4kQ&_nc_ss=7b2a8&oh=00_AQNleyhpA783EITAT83VWucUPXz_bXld73LiadErWLc9IA&oe=6AC6D70C"
501,"Melissa Mershon","https://www.facebook.com/berriomelissa","https://scontent.fsgn8-4.fna.fbcdn.net/v/t39.30808-1/520074087_10240235337807511_8522772657524527713_n.jpg?stp=cp0_dst-jpg_tt6&cstp=mx960x960&ctp=s80x80&_nc_cat=104&_nc_map=urlgen_bucketless&ccb=1-7&_nc_sid=167101&_nc_ohc=UrlPMU9Wa7kQ7kNvwHPiG52&_nc_oc=AdpDf8MlWbpilytO0dZbN7yVuILdshHU6ayasBWUwztJyv4eCozz7czXzjveXFwYXKM&_nc_zt=24&_nc_ht=scontent.fsgn8-4.fna&_nc_gid=_BjHiC-WTNGSWvQkLaQ4kQ&_nc_ss=7b2a8&oh=00_AQPoiF3tzr_AW7A4M8pCtHmFB2nr88Ia7vTfRGHFHf8qbQ&oe=6AC6D0F3"
502,"Interquest CARES - Michigan, School Counseling Assistance and Comfort Dogs","https://www.facebook.com/interquestschoolcounselingdogs","https://scontent.fsgn8-4.fna.fbcdn.net/v/t1.6435-1/71688468_100443201374371_1021931191126720512_n.jpg?stp=cp0_dst-jpg_tt6&cstp=mx1582x1582&ctp=s80x80&_nc_cat=108&_nc_map=urlgen_bucketless&ccb=1-7&_nc_sid=167101&_nc_ohc=52gPA4FjBQoQ7kNvwGkMxo3&_nc_oc=AdpGYOj7nz3BS1eYRueNxDnIawLOe38oJ-WYHwRSbAstszgjwNBbyWojtMk9DrMz7bM&_nc_zt=24&_nc_ht=scontent.fsgn8-4.fna&_nc_gid=4gPxK8NUFPQmbHoBddghwQ&_nc_ss=7b2a8&oh=00_AQN00UkbH-aeBjAMZBalvSg8zkgfni0H3dhNyVezeenCcA&oe=6AE88239"
503,"Frenchie World","https://www.facebook.com/profile.php?id=61594446291682","https://scontent.fsgn8-4.fna.fbcdn.net/v/t39.30808-1/825350941_122114195043481543_7920891766855724556_n.jpg?stp=cp0_dst-jpg_tt6&cstp=mx634x630&ctp=p80x80&_nc_cat=100&_nc_map=urlgen_bucketless&ccb=1-7&_nc_sid=167101&_nc_ohc=KHsF7KjQkD0Q7kNvwGevXEn&_nc_oc=Ado38VTlPVJ10cZt8452oiXSN-EcD8vPkSi0ROrheBtiEJhGFxVBdtf9xt3qWhzr2OQ&_nc_zt=24&_nc_ht=scontent.fsgn8-4.fna&_nc_gid=4gPxK8NUFPQmbHoBddghwQ&_nc_ss=7b2a8&oh=00_AQMA5o5S8At5PsYYL2xvwdO8wxXMuTcrUUq5NCNCNuNqKA&oe=6AC6F282"
504,"Hey Tomy Doggo","https://www.facebook.com/HeyTomyDoggo","https://scontent.fsgn8-4.fna.fbcdn.net/v/t39.30808-1/640679194_122105308935253002_529724390351121614_n.jpg?stp=cp0_dst-jpg_tt6&cstp=mx696x697&ctp=s80x80&_nc_cat=101&_nc_map=urlgen_bucketless&ccb=1-7&_nc_sid=167101&_nc_ohc=rF-dqWwySjEQ7kNvwG1wwt6&_nc_oc=AdofZoOpV7FO84x0L8MALNTXKZ40hzwp9YW3Yt8FadII3PmrFrTIpU0JKHMZ7PfRcjs&_nc_zt=24&_nc_ht=scontent.fsgn8-4.fna&_nc_gid=4gPxK8NUFPQmbHoBddghwQ&_nc_ss=7b2a8&oh=00_AQOvcclbCGwRIObk23_rrqM_aD8NH9vr3RSjSvz1WlQF4A&oe=6AC6C0A1"
505,"Rocco","https://www.facebook.com/profile.php?id=61594005550930","https://scontent.fsgn8-4.fna.fbcdn.net/v/t39.30808-1/790669000_122111076627466851_51537299527208587_n.jpg?stp=cp0_dst-jpg_tt6&cstp=mx1918x1918&ctp=s80x80&_nc_cat=102&_nc_map=urlgen_bucketless&ccb=1-7&_nc_sid=167101&_nc_ohc=gLdNBkQNN1AQ7kNvwEM4o81&_nc_oc=AdrqKV9KlxczeO0LJCrlnuDiUS5xVOdD5l9aVclKwDCv66skcfclmEsAPxyiF1eIKAA&_nc_zt=24&_nc_ht=scontent.fsgn8-4.fna&_nc_gid=4gPxK8NUFPQmbHoBddghwQ&_nc_ss=7b2a8&oh=00_AQNMxWtpIOZ7FVG3cpn3uq3NKffMoqHBrtZIBJCi4u5hSg&oe=6AC6C965"
506,"Kamru Vlogss","https://www.facebook.com/profile.php?id=61582310649941","https://scontent.fsgn8-4.fna.fbcdn.net/v/t39.30808-1/565175432_122099445579077021_3616264952149273495_n.jpg?stp=cp0_dst-jpg_tt6&cstp=mx1048x1058&ctp=p80x80&_nc_cat=101&_nc_map=urlgen_bucketless&ccb=1-7&_nc_sid=167101&_nc_ohc=J9Pggmwz5ZMQ7kNvwHkJ1Zf&_nc_oc=Adps3tJyh0ztekp_yndYnyNc9eoGjKQLxPQ5Ku_DCufc2xaHOORRN3Z-0xE4S_-HRvs&_nc_zt=24&_nc_ht=scontent.fsgn8-4.fna&_nc_gid=4gPxK8NUFPQmbHoBddghwQ&_nc_ss=7b2a8&oh=00_AQPuJDVFaf6bDXwq3f6SV2EsFbzwlX_sandposrNMoz2bA&oe=6AC6DBF1"
507,"Légende De l'Abbaye d'Arrouaise","https://www.facebook.com/profile.php?id=100093284895664","https://scontent.fsgn8-4.fna.fbcdn.net/v/t39.30808-1/422092133_262782323507929_7027740179767542529_n.jpg?stp=cp6_dst-jpg_tt6&cstp=mx1565x1564&ctp=s80x80&_nc_cat=109&_nc_map=urlgen_bucketless&ccb=1-7&_nc_sid=167101&_nc_ohc=FsoiePupRM8Q7kNvwGO4a3F&_nc_oc=AdpkSz14c0xuOI9sAKoc7tphXk5b8JTAkvQQqqSIedvEMX4OD6KQ_lJOXiR93V81xwk&_nc_zt=24&_nc_ht=scontent.fsgn8-4.fna&_nc_gid=4gPxK8NUFPQmbHoBddghwQ&_nc_ss=7b2a8&oh=00_AQMDgjLeKsPsAg7AEnTE4iaUo20KpMnzlys4K2UIA7Tj5Q&oe=6AC6D5D4"
508,"The Dog Tribe Tales","https://www.facebook.com/profile.php?id=61554853770080","https://scontent.fsgn8-4.fna.fbcdn.net/v/t39.30808-1/416843093_122111255792161792_4625747799021161938_n.jpg?stp=c66.0.175.175a_cp0_dst-jpg_tt6&cstp=mx175x175&ctp=s80x80&_nc_cat=106&_nc_map=urlgen_bucketless&ccb=1-7&_nc_sid=167101&_nc_ohc=TIkq8oi5gQ0Q7kNvwGkubTz&_nc_oc=AdrSLm2SNR9-PCYuj8kNGJp-OCoqzrIge2TshBLYbiP8QOOfW4RUjzmqZ-15_WRxzCg&_nc_zt=24&_nc_ht=scontent.fsgn8-4.fna&_nc_gid=4gPxK8NUFPQmbHoBddghwQ&_nc_ss=7b2a8&oh=00_AQP7mGC0L9i1W-j5Au5fKWDtK3pXc6vzlsl8FFXVmkXaNg&oe=6AC6F298"
509,"Whippet Aura","https://www.facebook.com/profile.php?id=61577550804036","https://scontent.fsgn8-4.fna.fbcdn.net/v/t39.30808-1/653749359_959890513316494_280819804586231565_n.jpg?stp=cp0_dst-jpg_tt6&cstp=mx1024x1024&ctp=s80x80&_nc_cat=102&_nc_map=urlgen_bucketless&ccb=1-7&_nc_sid=167101&_nc_ohc=5lUYJC59pdkQ7kNvwHdZU-t&_nc_oc=AdqVEvj_j7Px_6JNl5OmYeopTIEF4fb0lrOOIIGZ-sD1lXjU9rxTotXffX8qOPh2tP8&_nc_zt=24&_nc_ht=scontent.fsgn8-4.fna&_nc_gid=4gPxK8NUFPQmbHoBddghwQ&_nc_ss=7b2a8&oh=00_AQN4RC0lZmM2PFdgiqIbg5BukVko1tEZYskV65KrscS4pw&oe=6AC6E1E4"
510,"Portuguese Waterdog","https://www.facebook.com/profile.php?id=61578537570737","https://scontent.fsgn8-4.fna.fbcdn.net/v/t39.30808-1/651783708_122096433488951252_4103663607260558746_n.jpg?stp=cp0_dst-jpg_tt6&cstp=mx1080x1080&ctp=s80x80&_nc_cat=111&_nc_map=urlgen_bucketless&ccb=1-7&_nc_sid=167101&_nc_ohc=hUCQj_DeTu0Q7kNvwE8d_Wv&_nc_oc=AdpxL6WBgS3f9BdCHA_9Qg1pStURvnOPGmmG47eUA2eSoI0NEwYtADpDiHmj_OTYC5I&_nc_zt=24&_nc_ht=scontent.fsgn8-4.fna&_nc_gid=Gy0g3MpetySXy0cxxRV_9w&_nc_ss=7b2a8&oh=00_AQPIcwStLmroE3eiLRw_REDe9HqGUMZYQk-1wiPy00ws3w&oe=6AC6D6BF"
511,"Livinlavitalexi","https://www.facebook.com/profile.php?id=61561154529741","https://scontent.fsgn8-4.fna.fbcdn.net/v/t39.30808-1/473134590_122147239748371817_6773362378223834318_n.jpg?stp=cp0_dst-jpg_tt6&cstp=mx566x566&ctp=s80x80&_nc_cat=109&_nc_map=urlgen_bucketless&ccb=1-7&_nc_sid=167101&_nc_ohc=vIPPZfCiIYsQ7kNvwGid60P&_nc_oc=AdoN5e6ajDTGlZAN6g89Klsq-bFrxFH59blM6Ho6Q7CEBH9t_iL-YS84S8j1w1-W4K4&_nc_zt=24&_nc_ht=scontent.fsgn8-4.fna&_nc_gid=Gy0g3MpetySXy0cxxRV_9w&_nc_ss=7b2a8&oh=00_AQNmX0b74c44Ug8Q5WzF8OnEJ5Xxq7ObMzjosSfeMuA3zQ&oe=6AC6D1D0"
512,"Opis Golden Retrievers","https://www.facebook.com/profile.php?id=100093385515268","https://scontent.fsgn8-4.fna.fbcdn.net/v/t39.30808-1/462321069_419399111182936_5799946509580613038_n.jpg?stp=cp6_dst-jpg_tt6&cstp=mx1221x1220&ctp=s80x80&_nc_cat=103&_nc_map=urlgen_bucketless&ccb=1-7&_nc_sid=167101&_nc_ohc=IeMOtix78dIQ7kNvwGLlkFm&_nc_oc=AdrlAEYcmw2S1ca1t3LJbu47EfnCCSR_j1Hn8i32W9O4rIREO1D8MWkPfX1E1YZbaeI&_nc_zt=24&_nc_ht=scontent.fsgn8-4.fna&_nc_gid=Gy0g3MpetySXy0cxxRV_9w&_nc_ss=7b2a8&oh=00_AQNtD6mUgT1eaxECQxVSI3w46B85nsISBtuZWrI71BwF0Q&oe=6AC6C0E5"
513,"Balck Labrador","https://www.facebook.com/blacklabrador24","https://scontent.fsgn8-4.fna.fbcdn.net/v/t39.30808-1/777298017_122093701329464583_3586754973459932425_n.jpg?stp=cp0_dst-jpg_tt6&cstp=mx736x746&ctp=p80x80&_nc_cat=107&_nc_map=urlgen_bucketless&ccb=1-7&_nc_sid=167101&_nc_ohc=cEuSTqjoG7gQ7kNvwHEZf7D&_nc_oc=Adqm_jQIsiE-w8D7kPA4p4V-VYcQlfqHjjsSBMG9KflVH18qG3qJIfg26CjDTJT_Grg&_nc_zt=24&_nc_ht=scontent.fsgn8-4.fna&_nc_gid=Gy0g3MpetySXy0cxxRV_9w&_nc_ss=7b2a8&oh=00_AQPAY4A4N_gW13F3RpDItzP8pS4C-aa7a5phOTvL4PMTKg&oe=6AC6D349"
514,"Weimaraner dog lovers","https://www.facebook.com/profile.php?id=61586075907223","https://scontent.fsgn8-4.fna.fbcdn.net/v/t39.30808-1/608066909_122095570647202530_9202187997937545274_n.jpg?stp=cp0_dst-jpg_tt6&cstp=mx691x697&ctp=p80x80&_nc_cat=101&_nc_map=urlgen_bucketless&ccb=1-7&_nc_sid=167101&_nc_ohc=mLIvuCMqsZEQ7kNvwHqagqs&_nc_oc=AdpA_SiaUoxcWBzQeqyp3A7kF3Q-mipuqS_8QYNwBgRNF4bpRx4JHlV2RZ5imMMsX68&_nc_zt=24&_nc_ht=scontent.fsgn8-4.fna&_nc_gid=Gy0g3MpetySXy0cxxRV_9w&_nc_ss=7b2a8&oh=00_AQPwUjXyKmxikFc4NaIMfcFU3w8xFT3bW-Txb8--I8tBYw&oe=6AC6D561"
515,"Holley&Tuner the Rotties","https://www.facebook.com/HolleyTunerEfi","https://scontent.fsgn8-4.fna.fbcdn.net/v/t39.30808-1/378274669_279724151515114_1601422720004676205_n.jpg?stp=cp0_dst-jpg_tt6&cstp=mx1284x1284&ctp=s80x80&_nc_cat=100&_nc_map=urlgen_bucketless&ccb=1-7&_nc_sid=167101&_nc_ohc=W9TzAO1bY3MQ7kNvwElHA7z&_nc_oc=AdpFbXqZHPq1ZLy469GQ5ky4PnLmuFLiR9DoMigw-UtRG7lVmsVPogKZJMYWubkCDvc&_nc_zt=24&_nc_ht=scontent.fsgn8-4.fna&_nc_gid=Gy0g3MpetySXy0cxxRV_9w&_nc_ss=7b2a8&oh=00_AQNnPENPc93-aH8jzeK7bazkJyqjzFw-ga52yDZj0w71ag&oe=6AC6DDB3"
516,"Arjun Barit","https://www.facebook.com/arjun.barit.58","https://scontent.fsgn8-4.fna.fbcdn.net/v/t39.30808-1/774075747_1827085535339073_2812176771338308803_n.jpg?stp=cp0_dst-jpg_tt6&cstp=mx1944x1952&ctp=s80x80&_nc_cat=111&_nc_map=urlgen_bucketless&ccb=1-7&_nc_sid=167101&_nc_ohc=i0HqWE6Ho5wQ7kNvwGfChIY&_nc_oc=AdrcQbsnFpqUkfL98syCSeDDKQgophUBIqa5Pu2JjLfph4uxg1aMtBAEGzwtEjw74mM&_nc_zt=24&_nc_ht=scontent.fsgn8-4.fna&_nc_gid=Gy0g3MpetySXy0cxxRV_9w&_nc_ss=7b2a8&oh=00_AQNOanlMbdRgENsFImlK240uDzK5b31j6_uls0nRn6ODYw&oe=6AC6EAF3"
517,"Weimaraner Lovers","https://www.facebook.com/profile.php?id=61576857311608","https://scontent.fsgn8-4.fna.fbcdn.net/v/t39.30808-1/700155261_122170980440895243_7511675210976366260_n.jpg?stp=cp0_dst-jpg_tt6&cstp=mx301x300&ctp=p80x80&_nc_cat=105&_nc_map=urlgen_bucketless&ccb=1-7&_nc_sid=167101&_nc_ohc=xZ0N8nzBcLMQ7kNvwHMHBPE&_nc_oc=Adr2D0b74u2aw9HCULdIjry7BPNyvdSfRfZskSf4tjUmwSI_m-ZqUdoUBisbhpIspmk&_nc_zt=24&_nc_ht=scontent.fsgn8-4.fna&_nc_gid=Gy0g3MpetySXy0cxxRV_9w&_nc_ss=7b2a8&oh=00_AQNiezB_comcJmzBfgu5BjnxSsGK0ykLO7UFRMBwADhW1Q&oe=6AC6ED3D"
518,"Themuffly","https://www.facebook.com/profile.php?id=61594472638945","https://scontent.fsgn8-4.fna.fbcdn.net/v/t39.30808-1/811588553_2240487213411020_1672541541423958020_n.jpg?stp=cp0_dst-jpg_tt6&cstp=mx1254x1254&ctp=s80x80&_nc_cat=1&ccb=1-7&_nc_sid=167101&_nc_ohc=BPr2DKhXCOgQ7kNvwF-Lqyt&_nc_oc=AdrwNzzIhLB-KRxh-xbvJGaWXqQmrtTm6ssqJ64MbYSnQNGLIn_NU1cyhCf2lDczeSk&_nc_zt=24&_nc_ht=scontent.fsgn8-4.fna&_nc_gid=8VCnUrO-_bnhpCHyFQeLCg&_nc_ss=7b2a8&oh=00_AQOBHZJAuN9J7znT_B_BX8xMXIvBrXAK7cL4TqD4kwifqw&oe=6AC6C6EA"
519,"Golden Pawsabilities","https://www.facebook.com/profile.php?id=61567134052773","https://scontent.fsgn8-4.fna.fbcdn.net/v/t39.30808-1/462190574_122094153326571135_3730700464319550072_n.jpg?stp=c100.100.1000.1000a_cp0_dst-jpg_tt6&cstp=mx1000x1000&ctp=s80x80&_nc_cat=110&_nc_map=urlgen_bucketless&ccb=1-7&_nc_sid=167101&_nc_ohc=9XuoSu2_DPcQ7kNvwGoh1MC&_nc_oc=AdrHAYN9LEsyhoMhTaIFsWhDySddlSL4Oa_2jMbuCERu1WQwGItWhcL5QCdXj4l4ozY&_nc_zt=24&_nc_ht=scontent.fsgn8-4.fna&_nc_gid=8VCnUrO-_bnhpCHyFQeLCg&_nc_ss=7b2a8&oh=00_AQNtT78cE5xBg-lpreiTWX8UpRKjv9qTEK_hxA0bA8NgmQ&oe=6AC6CCBB"
520,"Puppy's World","https://www.facebook.com/profile.php?id=61592176755666","https://scontent.fsgn8-4.fna.fbcdn.net/v/t39.30808-1/756040436_122119642562734697_7578942954044510756_n.jpg?stp=cp0_dst-jpg_tt6&cstp=mx1024x1024&ctp=s80x80&_nc_cat=103&_nc_map=urlgen_bucketless&ccb=1-7&_nc_sid=167101&_nc_ohc=z24oOmA-_T4Q7kNvwG7OZvJ&_nc_oc=AdrixG3G1p5rFh4_foznSiKxvk2TdEpffiAEva5M-TPZbKw3hofUYc0j1do7LO4fjno&_nc_zt=24&_nc_ht=scontent.fsgn8-4.fna&_nc_gid=8VCnUrO-_bnhpCHyFQeLCg&_nc_ss=7b2a8&oh=00_AQO9DtXvPe1BAwNw2z1CGNLnBDAOHjU3jqjWPnhocuWr7w&oe=6AC6D202"
521,"Biscuit the Golden","https://www.facebook.com/profile.php?id=61592606185819","https://scontent.fsgn8-4.fna.fbcdn.net/v/t39.30808-1/757596573_122095474023420206_5929120434172180986_n.jpg?stp=cp0_dst-jpg_tt6&cstp=mx1254x1254&ctp=s80x80&_nc_cat=108&_nc_map=urlgen_bucketless&ccb=1-7&_nc_sid=167101&_nc_ohc=sKhX_nkmyTAQ7kNvwG1CdxC&_nc_oc=AdrT6uCh3GnbFyZXwJGDZsIJ_MbvkECpuVqZ_3_TyXD9_CLZKKHCTJp-uabIjeodV3w&_nc_zt=24&_nc_ht=scontent.fsgn8-4.fna&_nc_gid=8VCnUrO-_bnhpCHyFQeLCg&_nc_ss=7b2a8&oh=00_AQPiDcp3QSPbAYiFNcBOX4rJxlTFlrv7zVpopjfKBhlUDA&oe=6AC6EB09"
522,"Just Puppies","https://www.facebook.com/justpuppieshq","https://scontent.fsgn8-4.fna.fbcdn.net/v/t39.30808-1/817268969_122139407931199343_1258210750557734744_n.jpg?stp=cp0_dst-jpg_tt6&cstp=mx1024x1024&ctp=s80x80&_nc_cat=109&_nc_map=urlgen_bucketless&ccb=1-7&_nc_sid=167101&_nc_ohc=VjoABe_d3xYQ7kNvwGqtrFS&_nc_oc=AdoVrqfXtWvjDi0fszPiil5mgth86qdtT_g8f4fmQV3pOte7l7Iv0B3o9855ytV0wYE&_nc_zt=24&_nc_ht=scontent.fsgn8-4.fna&_nc_gid=8VCnUrO-_bnhpCHyFQeLCg&_nc_ss=7b2a8&oh=00_AQPmfYJnGbhVWAs9dl4KLojd3CdYSTeDiNWYFPzOF_y0Yw&oe=6AC6D9F6"
523,"Kasey and Crouton","https://www.facebook.com/Kaseytheenglishlab","https://scontent.fsgn8-4.fna.fbcdn.net/v/t39.30808-1/505079033_1022402280095715_2280836804262119593_n.jpg?stp=cp6_dst-jpg_tt6&cstp=mx2048x2048&ctp=s80x80&_nc_cat=109&_nc_map=urlgen_bucketless&ccb=1-7&_nc_sid=167101&_nc_ohc=Qeq52DZBWjoQ7kNvwEeLsfn&_nc_oc=AdpsjZekx6GkYgT7MM6UOKGQh1sRiCwTNm-miqdQf-ONDX8_lcbM6mHlnQ5p3tVla-Q&_nc_zt=24&_nc_ht=scontent.fsgn8-4.fna&_nc_gid=8VCnUrO-_bnhpCHyFQeLCg&_nc_ss=7b2a8&oh=00_AQOjzUxsw3QCIg8A4kot7AVXiXw1i5z72Gh_mMGXDWjr4g&oe=6AC6D4C1"
524,"Ouida TV","https://www.facebook.com/profile.php?id=100090634542628","https://scontent.fsgn8-4.fna.fbcdn.net/v/t39.30808-1/542687468_743553162009162_1591416089452980666_n.jpg?stp=cp6_dst-jpg_tt6&cstp=mx750x751&ctp=s80x80&_nc_cat=105&_nc_map=urlgen_bucketless&ccb=1-7&_nc_sid=167101&_nc_ohc=c0j2J9C4Zl0Q7kNvwEGFMhM&_nc_oc=Adpi7hq1B_G3z7kegIR-X818HkFTyEhDxn_CvP9BDIf0yQ8BQGp7Uv6pP8cwt3dAuIU&_nc_zt=24&_nc_ht=scontent.fsgn8-4.fna&_nc_gid=8VCnUrO-_bnhpCHyFQeLCg&_nc_ss=7b2a8&oh=00_AQO6-IzGsepBxT-HJMpErU-oiAY51buuptQXeH9I65P9Zw&oe=6AC6E00E"
525,"Pitbull Family","https://www.facebook.com/profile.php?id=61593234055766","https://scontent.fsgn8-4.fna.fbcdn.net/v/t39.30808-1/767430873_1033243849617788_3679039034649218372_n.jpg?stp=cp0_dst-jpg_tt6&cstp=mx1254x1254&ctp=s80x80&_nc_cat=101&_nc_map=urlgen_bucketless&ccb=1-7&_nc_sid=167101&_nc_ohc=VguaEYnGqkIQ7kNvwFWJi-y&_nc_oc=AdpWJVZCJNoxtZh3XlNpgAuyHW0L4wjVeAPQ8sXBhPmu6BPGWp9JhuZd3d2GFTG7PNs&_nc_zt=24&_nc_ht=scontent.fsgn8-4.fna&_nc_gid=8VCnUrO-_bnhpCHyFQeLCg&_nc_ss=7b2a8&oh=00_AQPMIJ4ltEtxU0yQgEvSks1G9DyONAsYZ-uHcKib_6-mGQ&oe=6AC6E50F"
526,"Beagle Family","https://www.facebook.com/profile.php?id=61569553405816","https://scontent.fsgn8-4.fna.fbcdn.net/v/t39.30808-1/473090952_122112980756651780_640741460530609660_n.jpg?stp=cp0_dst-jpg_tt6&cstp=mx736x744&ctp=p80x80&_nc_cat=103&_nc_map=urlgen_bucketless&ccb=1-7&_nc_sid=167101&_nc_ohc=dbPgfx6kPoUQ7kNvwFvSu4t&_nc_oc=AdoRIW5fGfJv1niL6VwnVYCQJ-M-ZmsK-fGyxj1bE3reyhYLHhOn8DzJlKXTYzuctaE&_nc_zt=24&_nc_ht=scontent.fsgn8-4.fna&_nc_gid=uX2jczeN75Src10e_68oEg&_nc_ss=7b2a8&oh=00_AQMB5_g5jfWmHsz5CL2R319e_bKRNrttlwWpITsdIQd-Uw&oe=6AC6C742"
527,"Pawsome Moments","https://www.facebook.com/profile.php?id=61594474640758","https://scontent.fsgn8-4.fna.fbcdn.net/v/t39.30808-1/800540416_1369068182052708_3024487051713585458_n.jpg?stp=cp0_dst-jpg_tt6&cstp=mx1024x1024&ctp=s80x80&_nc_cat=109&_nc_map=urlgen_bucketless&ccb=1-7&_nc_sid=167101&_nc_ohc=i8vIzF8qeY4Q7kNvwHF4E2r&_nc_oc=AdqECtm85zUc0dhilRy61S69YYHZh-4nXZS7uanNA41AnQA-fRvwAGpNPAEiJERdgiM&_nc_zt=24&_nc_ht=scontent.fsgn8-4.fna&_nc_gid=uX2jczeN75Src10e_68oEg&_nc_ss=7b2a8&oh=00_AQPC9oPmacWJ7jcANyJcfah5FILhpUTl2Z5_xj0MBADKSQ&oe=6AC6E9D0"
528,"Paws & Stories","https://www.facebook.com/profile.php?id=61594755415998","https://scontent.fsgn8-4.fna.fbcdn.net/v/t39.30808-1/794869932_122094715923491847_5884938133419051652_n.jpg?stp=cp0_dst-jpg_tt6&cstp=mx1024x1024&ctp=s80x80&_nc_cat=103&_nc_map=urlgen_bucketless&ccb=1-7&_nc_sid=167101&_nc_ohc=ypYh4L-TWvsQ7kNvwH-BPdz&_nc_oc=AdqDQFTsepkyMWCWNIzF_LJ4bLOo_S612XYQOZy_-lik2ZHtcaBdaNQIN-2MK6ewzhQ&_nc_zt=24&_nc_ht=scontent.fsgn8-4.fna&_nc_gid=uX2jczeN75Src10e_68oEg&_nc_ss=7b2a8&oh=00_AQNcjjjaJv6m94vfwjPG_uSknKM1vUwLpFvV5KV3BGG0GA&oe=6AC6F298"
529,"Dalmata Di Cà Gilardoni","https://www.facebook.com/profile.php?id=61584339416355","https://scontent.fsgn8-4.fna.fbcdn.net/v/t39.30808-1/586543729_4316324465313199_4331944913666745165_n.jpg?stp=c160.0.899.899a_cp0_dst-jpg_tt6&cstp=mx899x899&ctp=s80x80&_nc_cat=104&_nc_map=urlgen_bucketless&ccb=1-7&_nc_sid=167101&_nc_ohc=F2H9mMmruaoQ7kNvwGdi4J-&_nc_oc=AdqB2FU-IWQxdsvHusx0rIvsIvhae9PTzyoH-cJ0ifj-W3ZPg3yXKiGgwhDTLBfOSs0&_nc_zt=24&_nc_ht=scontent.fsgn8-4.fna&_nc_gid=uX2jczeN75Src10e_68oEg&_nc_ss=7b2a8&oh=00_AQOrhixtMAo4Q-mtiMnQeQSi5ViJDBQkekMsY3Sh8veV3w&oe=6AC6D742"
530,"Hazel Pawrents","https://www.facebook.com/profile.php?id=61575484542673","https://scontent.fsgn8-4.fna.fbcdn.net/v/t39.30808-1/812697013_122126209880849484_1256405479658903449_n.jpg?stp=cp0_dst-jpg_tt6&cstp=mx960x960&ctp=s80x80&_nc_cat=101&_nc_map=urlgen_bucketless&ccb=1-7&_nc_sid=167101&_nc_ohc=4ChxMhlzISgQ7kNvwHisokk&_nc_oc=AdpexIqYvRNIZQQYuCfTLehXZkK8ovN3r-puJKrVUncdITKP-x0jelIhKzvVNete958&_nc_zt=24&_nc_ht=scontent.fsgn8-4.fna&_nc_gid=uX2jczeN75Src10e_68oEg&_nc_ss=7b2a8&oh=00_AQNjaJMCsmb0aPbyADWKFMn6GDPxNplUbFyWJ9mBGg8bDA&oe=6AC6CF33"
531,"Charu's Aura","https://www.facebook.com/profile.php?id=61590965477037","https://scontent.fsgn8-4.fna.fbcdn.net/v/t39.30808-1/805763629_122116915707365515_7626055694577939255_n.jpg?stp=cp0_dst-jpg_tt6&cstp=mx1254x1254&ctp=s80x80&_nc_cat=102&_nc_map=urlgen_bucketless&ccb=1-7&_nc_sid=167101&_nc_ohc=PuVAG0fYV0gQ7kNvwEBLsMB&_nc_oc=AdpXIpZklz3g0RVuzniIp4ptNyoc2PBUmGrrrnljLutuGIMwBkg1p2MXpEvSgAjw7F8&_nc_zt=24&_nc_ht=scontent.fsgn8-4.fna&_nc_gid=uX2jczeN75Src10e_68oEg&_nc_ss=7b2a8&oh=00_AQPURYWtJvcwHseqsClblkRMoBchbS-6qLXJJGbQsaUziQ&oe=6AC6F40B"
532,"Labrador Retrievers Community","https://www.facebook.com/profile.php?id=61566739256266","https://scontent.fsgn8-4.fna.fbcdn.net/v/t39.30808-1/658864393_122230701944557975_3333708520572247447_n.jpg?stp=cp0_dst-jpg_tt6&cstp=mx1024x1024&ctp=s80x80&_nc_cat=111&_nc_map=urlgen_bucketless&ccb=1-7&_nc_sid=167101&_nc_ohc=FE1q762FNZYQ7kNvwHXgion&_nc_oc=AdqmG_WX2hJDqVOEdlJfrfd2pHwBoaG0jHP_krX7_A9DNChOZSdscjnJUw8QecySGEg&_nc_zt=24&_nc_ht=scontent.fsgn8-4.fna&_nc_gid=uX2jczeN75Src10e_68oEg&_nc_ss=7b2a8&oh=00_AQOB9lMfyj9fN-WreOYOQfllwxqFV4jsABpHNRjzlWHoIA&oe=6AC6BD02"
533,"Labrador Retriever Life","https://www.facebook.com/profile.php?id=61564863627924","https://scontent.fsgn8-4.fna.fbcdn.net/v/t39.30808-1/467724396_122130970142495454_3369982396686873883_n.jpg?stp=cp0_dst-jpg_tt6&cstp=mx812x826&ctp=p80x80&_nc_cat=110&_nc_map=urlgen_bucketless&ccb=1-7&_nc_sid=167101&_nc_ohc=sooGdnPjVbcQ7kNvwGtTdcL&_nc_oc=AdolY0PM0CmeHnRs26c_89feeYVNudoXlrWPn76e5boIhEKEh4_I1MzAkuFNUeus1Hw&_nc_zt=24&_nc_ht=scontent.fsgn8-4.fna&_nc_gid=uX2jczeN75Src10e_68oEg&_nc_ss=7b2a8&oh=00_AQN7SfCdaxIlSsOwSpt_p1VF_nCY5Zon3OnF5wyBkFv4-Q&oe=6AC6D91D"
534,"Newfoundland Lover","https://www.facebook.com/profile.php?id=61590290956785","https://scontent.fsgn8-4.fna.fbcdn.net/v/t39.30808-1/720057717_122106760413343031_7281165129478062982_n.jpg?stp=cp0_dst-jpg_tt6&cstp=mx427x429&ctp=p80x80&_nc_cat=110&_nc_map=urlgen_bucketless&ccb=1-7&_nc_sid=167101&_nc_ohc=M-p5PKWYYhYQ7kNvwGshgLb&_nc_oc=Adr5iYMQGH6bLrWmwwXDq0cHdoiy5XXH_jZZ03wctV2WewpCqyZq1RCU2OhNGc5F6sU&_nc_zt=24&_nc_ht=scontent.fsgn8-4.fna&_nc_gid=iIsSIshGxvBDEfVD4t5UiQ&_nc_ss=7b2a8&oh=00_AQO8xjafnmkuVNgCil8VT4yephXcPJ1fKne-GBXk1UGQzQ&oe=6AC6C987"
535,"Red Diamond Labradors-Fox Red English Labradors","https://www.facebook.com/Reddiamondlabs","https://scontent.fsgn8-4.fna.fbcdn.net/v/t39.30808-1/290878425_480745707388278_4409008992878221471_n.jpg?stp=cp0_dst-jpg_tt6&cstp=mx996x995&ctp=s80x80&_nc_cat=110&_nc_map=urlgen_bucketless&ccb=1-7&_nc_sid=167101&_nc_ohc=lqrMAIy2qB8Q7kNvwGdcyUg&_nc_oc=AdqI_P_GMJ6O5cpROinJMtjrAqny8V5pTHgxC5bEY4ays947T7_8K5kSHqQre7pOKC8&_nc_zt=24&_nc_ht=scontent.fsgn8-4.fna&_nc_gid=iIsSIshGxvBDEfVD4t5UiQ&_nc_ss=7b2a8&oh=00_AQMwD6v39qFw8Mb-GjqVPWFW8-ElPNkS2DMvH_j5if1Ogg&oe=6AC6EF43"
536,"Apollo","https://www.facebook.com/apollogolden0","https://scontent.fsgn8-4.fna.fbcdn.net/v/t39.30808-1/597471503_122093819247164038_2529134409623300229_n.jpg?stp=cp0_dst-jpg_tt6&cstp=mx1280x1290&ctp=s80x80&_nc_cat=111&_nc_map=urlgen_bucketless&ccb=1-7&_nc_sid=167101&_nc_ohc=Suo03n422AoQ7kNvwGQdOt7&_nc_oc=AdolYkUnZQKfnKThfYWM76-tzhpIUsbPo_EuldRxkIevjWlyysUmH76RcmEWxoROYNA&_nc_zt=24&_nc_ht=scontent.fsgn8-4.fna&_nc_gid=iIsSIshGxvBDEfVD4t5UiQ&_nc_ss=7b2a8&oh=00_AQNDQZAXwM0FRZuPH89rFr-8eM5wui2yLOm-wRB3aontWA&oe=6AC6C0DF"
537,"malik ai creater","https://www.facebook.com/profile.php?id=61594215001389","https://scontent.fsgn8-4.fna.fbcdn.net/v/t39.30808-1/813430920_122107070793473833_7667696676783637082_n.jpg?stp=c7.0.495.495a_cp0_dst-jpg_tt6&cstp=mx495x495&ctp=s80x80&_nc_cat=106&_nc_map=urlgen_bucketless&ccb=1-7&_nc_sid=167101&_nc_ohc=DZXto6A8qMkQ7kNvwF8bMzh&_nc_oc=Adrnq_ovquagK3VSzTlu5fGo9ZC_mRms9e8OZHsheRg3bM9mzvDNHiDAx7eW8dPTmPM&_nc_zt=24&_nc_ht=scontent.fsgn8-4.fna&_nc_gid=iIsSIshGxvBDEfVD4t5UiQ&_nc_ss=7b2a8&oh=00_AQMjDBFN0osaQjnhO4L4Z1fXeXj-cWvv2XlpyjpLJEsVOw&oe=6AC6D56C"
538,"Doug The Adventure Dog","https://www.facebook.com/profile.php?id=61587243490738","https://scontent.fsgn8-4.fna.fbcdn.net/v/t39.30808-1/627997714_122101156107241449_7894214911506838908_n.jpg?stp=cp0_dst-jpg_tt6&cstp=mx960x958&ctp=s80x80&_nc_cat=102&_nc_map=urlgen_bucketless&ccb=1-7&_nc_sid=167101&_nc_ohc=fgWIlXD3XawQ7kNvwFh_Xby&_nc_oc=Ado30liAB5B21vIqJ8Ggl1ytjfujSkOOMw91aNpQnW9AcWE0zaHwhx0hgtByeA9iPiE&_nc_zt=24&_nc_ht=scontent.fsgn8-4.fna&_nc_gid=iIsSIshGxvBDEfVD4t5UiQ&_nc_ss=7b2a8&oh=00_AQPyB4TSk2lGgwpkvflUGNMJomJE0Iz629NiPSgrJ8bF2A&oe=6AC6CD93"
539,"BAR L Labradors","https://www.facebook.com/barllabradors","https://scontent.fsgn8-4.fna.fbcdn.net/v/t39.30808-1/775229241_122185772336838838_8151463793330168202_n.jpg?stp=cp0_dst-jpg_tt6&cstp=mx1024x1024&ctp=s80x80&_nc_cat=110&_nc_map=urlgen_bucketless&ccb=1-7&_nc_sid=167101&_nc_ohc=btm3cTABRJQQ7kNvwEWeLdm&_nc_oc=Adp4hFf2fIpQCRcja1uG3OvnOZaPv-g5pzG8uLwAEi3dNEyygVObxZdAEDbfJrTwCo4&_nc_zt=24&_nc_ht=scontent.fsgn8-4.fna&_nc_gid=iIsSIshGxvBDEfVD4t5UiQ&_nc_ss=7b2a8&oh=00_AQPlw8MLgq3t2dl5zGteCQBsWlsOOCubkoLvl64YilRW_g&oe=6AC6C38D"
540,"Hughes Paints-APHA Horses & AKC Golden Retrievers","https://www.facebook.com/horsesgoldenretrievers","https://scontent.fsgn8-4.fna.fbcdn.net/v/t39.30808-1/525241015_1141479804458399_7138919320603495281_n.jpg?stp=cp6_dst-jpg_tt6&cstp=mx1124x1124&ctp=s80x80&_nc_cat=106&_nc_map=urlgen_bucketless&ccb=1-7&_nc_sid=167101&_nc_ohc=3Uv1ouXyQ_UQ7kNvwEjGcHi&_nc_oc=AdoY72a0mkWGyNQ5KO1DLxfR-I15W3hgw4VzsoQsuLi7KzTFREmLuLLdp-bbrW9v654&_nc_zt=24&_nc_ht=scontent.fsgn8-4.fna&_nc_gid=iIsSIshGxvBDEfVD4t5UiQ&_nc_ss=7b2a8&oh=00_AQOLD-QsPoBywK0fP0D9QqvKhKY0HJ0zS1q-JOlf3iBY1Q&oe=6AC6C810"
541,"Kay Cook Exelby Labradors","https://www.facebook.com/kay.cook.5209","https://scontent.fsgn8-4.fna.fbcdn.net/v/t39.30808-1/666418495_10162554488987314_4974116361569081185_n.jpg?stp=cp0_dst-jpg_tt6&cstp=mx1362x1362&ctp=s80x80&_nc_cat=111&_nc_map=urlgen_bucketless&ccb=1-7&_nc_sid=167101&_nc_ohc=-VaG5-xQ-xQQ7kNvwFOiiXn&_nc_oc=Adrwc9hJYEVYNTeKBte62tD_oiAD73qWu9XfABkG8gMlT97_214TCq96EBeStRfG3nc&_nc_zt=24&_nc_ht=scontent.fsgn8-4.fna&_nc_gid=iIsSIshGxvBDEfVD4t5UiQ&_nc_ss=7b2a8&oh=00_AQMecbfdrVYnPITK_gCRxtpOGE0gA2C4ejkRVtmJm9bQig&oe=6AC6CB55"
542,"Labrador Retriever Lover","https://www.facebook.com/profile.php?id=61589515934493","https://scontent.fsgn8-4.fna.fbcdn.net/v/t39.30808-1/701385753_122101281693317197_7320368095278262195_n.jpg?stp=cp0_dst-jpg_tt6&cstp=mx655x651&ctp=p80x80&_nc_cat=103&_nc_map=urlgen_bucketless&ccb=1-7&_nc_sid=167101&_nc_ohc=jOqx1eZiCEgQ7kNvwHqd7J5&_nc_oc=AdoWsyTtr9_z_YFIA2-GwNjK8d_rmTUziqZ3pgkYllR7S4_tEVYgbWsTprKBOrE28N4&_nc_zt=24&_nc_ht=scontent.fsgn8-4.fna&_nc_gid=Es9243QOub5q0xsinIEYtw&_nc_ss=7b2a8&oh=00_AQNI3WaSjP8NJkprpikM3qYuHJfcuY9DsBcVBh2xWfj4cw&oe=6AC6D5BF"
543,"โฟโน่ฟาร์มฮัก ลาบราดอร์","https://www.facebook.com/profile.php?id=61577592984628","https://scontent.fsgn8-4.fna.fbcdn.net/v/t39.30808-1/579010690_122149493786919766_5910512333779458828_n.jpg?stp=cp0_dst-jpg_tt6&cstp=mx796x791&ctp=s80x80&_nc_cat=110&_nc_map=urlgen_bucketless&ccb=1-7&_nc_sid=167101&_nc_ohc=FrvahhjSkEcQ7kNvwFNF3T0&_nc_oc=Adq9S_m76U4NJaz7g93S6re1ZMFbsz49VXKpkoY6G79RcVttjVRHOcA9MyYN11bjf1s&_nc_zt=24&_nc_ht=scontent.fsgn8-4.fna&_nc_gid=Es9243QOub5q0xsinIEYtw&_nc_ss=7b2a8&oh=00_AQOA9T9TsWfK-V4LZEqI9x7nxbr7fHOtGQTAXMieEbZ6yg&oe=6AC6C488"
544,"Labs of Love kennels","https://www.facebook.com/profile.php?id=61577993504558","https://scontent.fsgn8-4.fna.fbcdn.net/v/t39.30808-1/721517384_122183466536933116_5839266557563228107_n.jpg?stp=cp0_dst-jpg_tt6&cstp=mx720x720&ctp=s80x80&_nc_cat=110&_nc_map=urlgen_bucketless&ccb=1-7&_nc_sid=167101&_nc_ohc=jdEYd9CbESsQ7kNvwEI8__T&_nc_oc=Adr6ku5WzOYljuPa-MAeEaSIo5rLowZ9kNNjqAaFW3dy-y-Wb_vHf01mb4XAAhCPO58&_nc_zt=24&_nc_ht=scontent.fsgn8-4.fna&_nc_gid=Es9243QOub5q0xsinIEYtw&_nc_ss=7b2a8&oh=00_AQM9HxSJOXs2wSW5HoAF4oROQ8ZqHyUfycYlis16btY3uQ&oe=6AC6D6BF"
545,"Always Blessed Miniature Schnauzers","https://www.facebook.com/profile.php?id=61593908884705","https://scontent.fsgn8-4.fna.fbcdn.net/v/t39.30808-1/797841468_122106470673463629_4647305530806016821_n.jpg?stp=cp6_dst-jpg_tt6&cstp=mx1206x1206&ctp=s80x80&_nc_cat=103&_nc_map=urlgen_bucketless&ccb=1-7&_nc_sid=167101&_nc_ohc=DPrOQvScZmAQ7kNvwFRICUb&_nc_oc=AdrFxtLtQl_ITs26D79Yj9n0WwYehkQzdGhFIe5TsoeujFLdhr-COKoM-kiRzrtKZFI&_nc_zt=24&_nc_ht=scontent.fsgn8-4.fna&_nc_gid=Es9243QOub5q0xsinIEYtw&_nc_ss=7b2a8&oh=00_AQMqX3K0ZfCDyqywYNd6niYEMoPH6cIRQPgUJshz9Kq1cw&oe=6AC6C101"
546,"NH Bear Hounds Alliance","https://www.facebook.com/profile.php?id=61576776827267","https://scontent.fsgn8-4.fna.fbcdn.net/v/t39.30808-1/585498607_122145797504892560_8265548851124785421_n.jpg?stp=cp0_dst-jpg_tt6&cstp=mx960x958&ctp=s80x80&_nc_cat=102&_nc_map=urlgen_bucketless&ccb=1-7&_nc_sid=167101&_nc_ohc=dZRseFVX8t4Q7kNvwGSv3pT&_nc_oc=Adq0BTU92d_B-9_au0gBlMD-vs534KBcU_J5T037wiYCNetI06WuRf_sKespa15TR_8&_nc_zt=24&_nc_ht=scontent.fsgn8-4.fna&_nc_gid=Es9243QOub5q0xsinIEYtw&_nc_ss=7b2a8&oh=00_AQMRvUDXOQrDI6bJ77mnHadVBAuhkXWn0-1nxyC7Ft8jdg&oe=6AC6E4E5"
547,"Rodrigue's Cajun K-9","https://www.facebook.com/profile.php?id=100028285496925","https://scontent.fsgn8-4.fna.fbcdn.net/v/t39.30808-1/598774335_1802702740682558_420154262609698136_n.jpg?stp=cp0_dst-jpg_tt6&cstp=mx1536x1536&ctp=s80x80&_nc_cat=110&_nc_map=urlgen_bucketless&ccb=1-7&_nc_sid=167101&_nc_ohc=9DirPgYUmf4Q7kNvwG6Hr-v&_nc_oc=AdqEBKCfXUL7vn_YGrMqTvnxgtHviSb12nEnNltUReIhOLuzN2nDhoPLxUemQU4TXL8&_nc_zt=24&_nc_ht=scontent.fsgn8-4.fna&_nc_gid=Es9243QOub5q0xsinIEYtw&_nc_ss=7b2a8&oh=00_AQPN9Bc6JlDM2tRW5VSxHfY97Vx0FwCYaDjyV2LqLgdFzw&oe=6AC6CD50"
548,"Bright Ridge Labradors","https://www.facebook.com/profile.php?id=100084896413763","https://scontent.fsgn8-4.fna.fbcdn.net/v/t39.30808-1/306950271_116199977886549_5162341078919987338_n.jpg?stp=cp0_dst-jpg_tt6&cstp=mx1000x1000&ctp=s80x80&_nc_cat=110&_nc_map=urlgen_bucketless&ccb=1-7&_nc_sid=167101&_nc_ohc=aqu2OY4oVWoQ7kNvwE_ZQSt&_nc_oc=AdpCNNHwD4JJQJavVyUHS7eK5Odpu7uustrtK8DsgQv2vZMdFV1SquR1QMAPTddsRA8&_nc_zt=24&_nc_ht=scontent.fsgn8-4.fna&_nc_gid=Es9243QOub5q0xsinIEYtw&_nc_ss=7b2a8&oh=00_AQMlINfB-8Hfd2f7Cp2P_I0fp9E814R3FMjjuby1x3pFeg&oe=6AC6CF5A"
549,"Labrador Diaries","https://www.facebook.com/profile.php?id=61593178888039","https://scontent.fsgn8-4.fna.fbcdn.net/v/t39.30808-1/771870477_122127929630774730_4609904556377210832_n.jpg?stp=cp0_dst-jpg_tt6&cstp=mx1254x1254&ctp=s80x80&_nc_cat=103&_nc_map=urlgen_bucketless&ccb=1-7&_nc_sid=167101&_nc_ohc=wG0VxMxgsCkQ7kNvwEONzDG&_nc_oc=Adq7jzLdQlf2zKmTATzuYNZaXzmOp3--rxIccuK1kxfzLV4jQLr8l__AmhoJCU1wS9w&_nc_zt=24&_nc_ht=scontent.fsgn8-4.fna&_nc_gid=Es9243QOub5q0xsinIEYtw&_nc_ss=7b2a8&oh=00_AQNT97d8_fxbrhj1Mier5hviK2bHEGrqIr2WVdNg87x6TQ&oe=6AC6EC04"
550,"Labrador Retriever","https://www.facebook.com/profile.php?id=61586641530846","https://scontent.fsgn8-4.fna.fbcdn.net/v/t39.30808-1/818365534_122140375647221384_580795994636269059_n.jpg?stp=c0.0.720.720a_cp0_dst-jpg_tt6&cstp=mx720x720&ctp=s80x80&_nc_cat=107&_nc_map=urlgen_bucketless&ccb=1-7&_nc_sid=167101&_nc_ohc=e9zIzO7gks8Q7kNvwE-NcID&_nc_oc=AdrTkl83N0YjlRskbHFtfIvKBKICLJpnin8iQeiL-sixIVtP76Zlg7Ji9nVGwXCbqkg&_nc_zt=24&_nc_ht=scontent.fsgn8-4.fna&_nc_gid=YK9eYSQ_EZxZZKd4QUbDwQ&_nc_ss=7b2a8&oh=00_AQOisIMPPWTpGlKFvygGqgFbAHdLKnomPcRDutmJA5uJ5Q&oe=6AC6C9F9"
551,"Great Pyrenees Dog","https://www.facebook.com/profile.php?id=61563710160530","https://scontent.fsgn8-4.fna.fbcdn.net/v/t39.30808-1/678869042_122095441502457005_8599862140617760699_n.jpg?stp=c0.0.736.736a_cp0_dst-jpg_tt6&cstp=mx736x736&ctp=s80x80&_nc_cat=104&_nc_map=urlgen_bucketless&ccb=1-7&_nc_sid=167101&_nc_ohc=pgBKrob5BQIQ7kNvwGLVS5v&_nc_oc=AdoY8I6u_WQBFU1SbIiExZ83ivIwWSWs2LkSG1X8KvMPUo89DrHTYRq9nnL_diPMKYQ&_nc_zt=24&_nc_ht=scontent.fsgn8-4.fna&_nc_gid=YK9eYSQ_EZxZZKd4QUbDwQ&_nc_ss=7b2a8&oh=00_AQPdPV2V-JqoLkHar2hkqr4eFcqyyPS0GFQ3rBb2aBhpaQ&oe=6AC6EFE6"
552,"Faithful Labs, Family Companions- English Style","https://www.facebook.com/profile.php?id=61551528344217","https://scontent.fsgn8-4.fna.fbcdn.net/v/t39.30808-1/380997600_122101513214050944_5447970783912174689_n.jpg?stp=c0.0.1465.1465a_cp0_dst-jpg_tt6&cstp=mx1465x1465&ctp=s80x80&_nc_cat=111&_nc_map=urlgen_bucketless&ccb=1-7&_nc_sid=167101&_nc_ohc=Zj2raOOmQGQQ7kNvwEULeRv&_nc_oc=AdoReJBd8-DzLoKTJKRQmIYvG4PJlC1CMKzJIjZkMFd5C-pk8rgIyNIe1tHJ3WaJnJk&_nc_zt=24&_nc_ht=scontent.fsgn8-4.fna&_nc_gid=YK9eYSQ_EZxZZKd4QUbDwQ&_nc_ss=7b2a8&oh=00_AQO1wJzwkW0tysbT0hPSpzmjOz_bEZj3ce6FDcL4MHI0QQ&oe=6AC6E5BB"
553,"Tuck & Mav","https://www.facebook.com/profile.php?id=61590297703750","https://scontent.fsgn8-4.fna.fbcdn.net/v/t39.30808-1/715305178_3010975972579278_5609344828344178866_n.jpg?stp=c0.0.1536.1536a_cp6_dst-jpg_tt6&cstp=mx1536x1536&ctp=s80x80&_nc_cat=104&_nc_map=urlgen_bucketless&ccb=1-7&_nc_sid=167101&_nc_ohc=umCqTKw3uu4Q7kNvwEQc-G_&_nc_oc=AdoeufSOIK-LmGrDJy8pO_KVypS-KlvU86DQckXRnaI4Xj8cvq8LHFvyj6ExHV6gMS4&_nc_zt=24&_nc_ht=scontent.fsgn8-4.fna&_nc_gid=YK9eYSQ_EZxZZKd4QUbDwQ&_nc_ss=7b2a8&oh=00_AQNnBcuE3ndR_uOJI0jwAegWum4tzymaTPIqTv5uVXY7hg&oe=6AC6E92D"
554,"Rebel's Ridge AKC English Labs","https://www.facebook.com/rebelsridgeenglishlabs","https://scontent.fsgn8-4.fna.fbcdn.net/v/t39.30808-1/574482615_1373157231271024_4658569782028203130_n.jpg?stp=cp6_dst-jpg_tt6&cstp=mx2048x2048&ctp=s80x80&_nc_cat=105&_nc_map=urlgen_bucketless&ccb=1-7&_nc_sid=167101&_nc_ohc=bxkYPZCITKQQ7kNvwHMay5M&_nc_oc=Adrb4fDN3OcIpfsSpQDqrUdeUmLwKL311gYISx8rW8tbdJqGuoRE9uXoI29QQfh9ync&_nc_zt=24&_nc_ht=scontent.fsgn8-4.fna&_nc_gid=YK9eYSQ_EZxZZKd4QUbDwQ&_nc_ss=7b2a8&oh=00_AQOPDH2CMlCNO5Dbip1b-Yht-184FCrplyjS_ISQaDghww&oe=6AC6D14F"
555,"Sachini Navodya","https://www.facebook.com/profile.php?id=100087257418300","https://scontent.fsgn8-4.fna.fbcdn.net/v/t39.30808-1/581715659_819290894322817_3559453046762596799_n.jpg?stp=cp0_dst-jpg_tt6&cstp=mx1008x1011&ctp=s80x80&_nc_cat=101&_nc_map=urlgen_bucketless&ccb=1-7&_nc_sid=167101&_nc_ohc=O1knFgR6eE0Q7kNvwFfZt-D&_nc_oc=AdpS_kj6PJIHe3cy8_nU7hj5qyGq0ZumeSVn8hkvl4OGD-rrFGjSm7_65VLIy85Gzss&_nc_zt=24&_nc_ht=scontent.fsgn8-4.fna&_nc_gid=YK9eYSQ_EZxZZKd4QUbDwQ&_nc_ss=7b2a8&oh=00_AQNznzicq64LpPMM-FujnrvdBXXsOIUeoKKWDYKgkLScmg&oe=6AC6E6B9"
556,"Paw Heroes","https://www.facebook.com/PawHeroes11","https://scontent.fsgn8-4.fna.fbcdn.net/v/t39.30808-1/825336851_122113286883449130_6833114769253390382_n.jpg?stp=cp0_dst-jpg_tt6&cstp=mx1254x1254&ctp=s80x80&_nc_cat=111&_nc_map=urlgen_bucketless&ccb=1-7&_nc_sid=167101&_nc_ohc=INQTUxbU34EQ7kNvwE2zNUC&_nc_oc=AdoVNviJ6Ruxke5YGkBCbk9lVExJ7rj-miFg3MFAHkSSWV2cnq-Mui51XRo8gj45is4&_nc_zt=24&_nc_ht=scontent.fsgn8-4.fna&_nc_gid=YK9eYSQ_EZxZZKd4QUbDwQ&_nc_ss=7b2a8&oh=00_AQM1W7bEd9w957JK76OCqAzR88c1vXJ4uTPseZuXOTeZ0Q&oe=6AC6E7AA"
557,"Milesthechoclab","https://www.facebook.com/profile.php?id=61594276501335","https://scontent.fsgn8-4.fna.fbcdn.net/v/t39.30808-1/799201039_122098356069475883_1268257357154102712_n.jpg?stp=cp6_dst-jpg_tt6&cstp=mx2047x2048&ctp=s80x80&_nc_cat=110&_nc_map=urlgen_bucketless&ccb=1-7&_nc_sid=167101&_nc_ohc=xbO1R8R1eYAQ7kNvwFoLTwe&_nc_oc=AdpMS1EL2hm2sNlU8CiCTWlTTXp-86eKRGX4eWhVvfRAPLpWpDhhgIP6lnltWEokmkA&_nc_zt=24&_nc_ht=scontent.fsgn8-4.fna&_nc_gid=YK9eYSQ_EZxZZKd4QUbDwQ&_nc_ss=7b2a8&oh=00_AQOwqf8ewR1gNVWX4sRXClA2TuettOvXvaZlmt4MplFAJQ&oe=6AC6C6A4"
558,"Remi & Walter The Labrador","https://www.facebook.com/profile.php?id=61577449094405","https://scontent.fsgn8-4.fna.fbcdn.net/v/t39.30808-1/658635311_122101985120914969_1814787901705178560_n.jpg?stp=cp0_dst-jpg_tt6&cstp=mx1440x1440&ctp=s80x80&_nc_cat=105&_nc_map=urlgen_bucketless&ccb=1-7&_nc_sid=167101&_nc_ohc=f6DIRhebG3gQ7kNvwEUGq7w&_nc_oc=AdqdCDfLdsDpKzUfAtAbTq9aECNie6nf9K021YXGdn1LICrL5voS63O7BB7J3S0DPEY&_nc_zt=24&_nc_ht=scontent.fsgn8-4.fna&_nc_gid=GaAvK9WwBc7ul83Vk2xxNw&_nc_ss=7b2a8&oh=00_AQOwjv2Gy61PAIvH_hUDFaBMI35vk3pscZqP5VJtrscu6Q&oe=6AC6CCE5"
559,"Black labrador retriever Lovers","https://www.facebook.com/profile.php?id=61585743344770","https://scontent.fsgn8-4.fna.fbcdn.net/v/t39.30808-1/689598032_122129091279191444_679493005499318458_n.jpg?stp=cp0_dst-jpg_tt6&cstp=mx524x527&ctp=p80x80&_nc_cat=102&_nc_map=urlgen_bucketless&ccb=1-7&_nc_sid=167101&_nc_ohc=UKklZ30B5tcQ7kNvwEZF_y7&_nc_oc=Adr42XLIUrzc1cSaBT_gWyG0MvSMeU3W6_cjZIX5Ade1AZ09_WaoxQPPHbGbDDD_R_A&_nc_zt=24&_nc_ht=scontent.fsgn8-4.fna&_nc_gid=GaAvK9WwBc7ul83Vk2xxNw&_nc_ss=7b2a8&oh=00_AQP9eW-RJWPrvBnV7U7bFQKL0ms4y3a-b2JUFfrfj7FjCQ&oe=6AC6ECF1"
560,"Black Labrador lovers","https://www.facebook.com/profile.php?id=61592002538179","https://scontent.fsgn8-4.fna.fbcdn.net/v/t39.30808-1/785711361_122115953103400084_4017438111884129960_n.jpg?stp=cp0_dst-jpg_tt6&cstp=mx1080x1088&ctp=s80x80&_nc_cat=111&_nc_map=urlgen_bucketless&ccb=1-7&_nc_sid=167101&_nc_ohc=2hQfA12dZjsQ7kNvwHn2F_K&_nc_oc=AdpxqK3igyxzvdp_HjPJI9J9bjlHyEFwkJcsLTZZ_SziV4xMOdafq1MZCmZFctunHno&_nc_zt=24&_nc_ht=scontent.fsgn8-4.fna&_nc_gid=GaAvK9WwBc7ul83Vk2xxNw&_nc_ss=7b2a8&oh=00_AQNMaWQVfuzxnHC65e0RHxFsNrL0bvWcPnU86idcUBHIUQ&oe=6AC6D66F"
561,"Elk Creek Gun Dogs","https://www.facebook.com/ronelkcreekgundogs","https://scontent.fsgn8-4.fna.fbcdn.net/v/t39.30808-1/650697837_1224303019862606_3686527487095261674_n.jpg?stp=cp0_dst-jpg_tt6&cstp=mx1008x1008&ctp=s80x80&_nc_cat=106&_nc_map=urlgen_bucketless&ccb=1-7&_nc_sid=167101&_nc_ohc=Ke2cRTKhbUUQ7kNvwGyzxj7&_nc_oc=Adps0NDVLV3lcAporQlZBs4limnz96ecU6UlfudP5f5H0ECCOl4lxjAROHihLetWs-Y&_nc_zt=24&_nc_ht=scontent.fsgn8-4.fna&_nc_gid=GaAvK9WwBc7ul83Vk2xxNw&_nc_ss=7b2a8&oh=00_AQOAAfHhVAtqTZw88hBrQO-VJGlEUdnzPwgTqb6a9i5tcQ&oe=6AC6CFFA"
562,"Bear Creek Dachshunds Backup Page","https://www.facebook.com/bearcreekyorkies","https://scontent.fsgn8-4.fna.fbcdn.net/v/t39.30808-1/756434785_1598360695410442_3565608818965275860_n.jpg?stp=cp6_dst-jpg_tt6&cstp=mx1294x1293&ctp=s80x80&_nc_cat=100&_nc_map=urlgen_bucketless&ccb=1-7&_nc_sid=167101&_nc_ohc=mJ_KFHE9U7kQ7kNvwFT-kcA&_nc_oc=Adr-HtlNDDsrE7qzIxvAgqvZ6C7q1cUb3cvEF4oT9yvs51ujxXIELxe21bmfH_5qAU4&_nc_zt=24&_nc_ht=scontent.fsgn8-4.fna&_nc_gid=GaAvK9WwBc7ul83Vk2xxNw&_nc_ss=7b2a8&oh=00_AQMyHQjFn4Vj5gee_aGPBACN6z0MvTSmtc6ERB3BV3ey2w&oe=6AC6CD66"
563,"Magnus The Therapy Dog","https://www.facebook.com/magnusthetherapydog","https://scontent.fsgn8-4.fna.fbcdn.net/v/t39.30808-1/470865242_996292378987399_549693047878856482_n.jpg?stp=cp0_dst-jpg_tt6&cstp=mx2048x2048&ctp=s80x80&_nc_cat=106&_nc_map=urlgen_bucketless&ccb=1-7&_nc_sid=167101&_nc_ohc=F3EF9SSvNBkQ7kNvwHSgRE2&_nc_oc=AdoJlQ2Z-Gsl6wz5OpwddGjv8SDoq7_BDOF7DR58i2ZDvUaVT3k9wOAfdyWOtv9B6Gw&_nc_zt=24&_nc_ht=scontent.fsgn8-4.fna&_nc_gid=GaAvK9WwBc7ul83Vk2xxNw&_nc_ss=7b2a8&oh=00_AQOvqxuRR9gblfjASmfXTOj7vF7Ft3MkpgfrSRzyuwVAtg&oe=6AC6DA88"
564,"Oregon UN Labrador PER AMICO","https://www.facebook.com/profile.php?id=100064354794865","https://scontent.fsgn8-4.fna.fbcdn.net/v/t39.30808-1/307071507_458514886303667_9082761493859646661_n.jpg?stp=cp0_dst-jpg_tt6&cstp=mx260x258&ctp=p80x80&_nc_cat=102&_nc_map=urlgen_bucketless&ccb=1-7&_nc_sid=167101&_nc_ohc=Jntt2gxN3QoQ7kNvwFEYGoG&_nc_oc=Adr0aPQeoEyFW_IXt2J6bAg7p-r5xip4iLyTtMTYWHEPPSfrHRkTB0wekTD_F_lTQtk&_nc_zt=24&_nc_ht=scontent.fsgn8-4.fna&_nc_gid=GaAvK9WwBc7ul83Vk2xxNw&_nc_ss=7b2a8&oh=00_AQMXXqa-Z8jCeic-AUdkYmyL96oqqCiU8RvoS9onn6nqBw&oe=6AC6ED97"
565,"ลาบราดอร์บ้านสวนเฮียฟง","https://www.facebook.com/profile.php?id=100087648055781","https://scontent.fsgn8-4.fna.fbcdn.net/v/t39.30808-1/471323272_572301019034828_4497895343935411749_n.jpg?stp=cp0_dst-jpg_tt6&cstp=mx1800x1800&ctp=s80x80&_nc_cat=101&_nc_map=urlgen_bucketless&ccb=1-7&_nc_sid=167101&_nc_ohc=OQL4jogPzRoQ7kNvwFG1DA3&_nc_oc=Adoip1SxvVwOWJG-vUrPNUQmeaTdNFBx--Eh04SOIq1N9Wom8sKj4zIRLZ3ljXRfq88&_nc_zt=24&_nc_ht=scontent.fsgn8-4.fna&_nc_gid=GaAvK9WwBc7ul83Vk2xxNw&_nc_ss=7b2a8&oh=00_AQOA2P9OCVKhj3dmNZwFFFwuuRfz357ZYLQxUbQZWa2klA&oe=6AC6E227"
566,"Elvis BaTz8","https://www.facebook.com/profile.php?id=61590530795938","https://scontent.fsgn8-4.fna.fbcdn.net/v/t39.30808-1/718943164_122102339529351026_8695742771546589045_n.png?stp=cp0_dst-png&cstp=mx1290x1290&ctp=s80x80&_nc_cat=109&_nc_map=urlgen_bucketless&ccb=1-7&_nc_sid=167101&_nc_ohc=oFJ7Id7jqWAQ7kNvwG2uDiK&_nc_oc=AdrJKnQtqxZp6-V1FnegJrx0KTC5mtfJEcjYT0WwXgkLsjaNs3aFkJoKYOjACKhTPk8&_nc_zt=24&_nc_ht=scontent.fsgn8-4.fna&_nc_gid=8LSPcTjqq-P1nolBK3MnOg&_nc_ss=7b2a8&oh=00_AQNHrZFkGC84jB7HOlVLWbmpj9uMebIvU7qjzGaJr9rpkQ&oe=6AC6CC89"
567,"Mel & Moose","https://www.facebook.com/profile.php?id=61566071222219","https://scontent.fsgn8-4.fna.fbcdn.net/v/t39.30808-1/530311748_122170014098535707_1355849267492382534_n.jpg?stp=cp0_dst-jpg_tt6&cstp=mx960x960&ctp=s80x80&_nc_cat=110&_nc_map=urlgen_bucketless&ccb=1-7&_nc_sid=167101&_nc_ohc=Dt-4s5SC_VcQ7kNvwHXq5on&_nc_oc=Adq05hsoQunXmw1t1W4H1eOq1rPE_V-SEX3wg95YR0keAvWjq_CkPNHTuq_GA-5bUuo&_nc_zt=24&_nc_ht=scontent.fsgn8-4.fna&_nc_gid=8LSPcTjqq-P1nolBK3MnOg&_nc_ss=7b2a8&oh=00_AQMUK-_iryKaFbzRAxKqCbYZP4vm7ApQFmD9j3HB-zn4fA&oe=6AC6D8D2"
568,"Elliot Ryan Perry","https://www.facebook.com/profile.php?id=61581750827795","https://scontent.fsgn8-4.fna.fbcdn.net/v/t39.30808-1/571750220_122106695781058360_3167034745343109770_n.jpg?stp=cp0_dst-jpg_tt6&cstp=mx1024x1024&ctp=s80x80&_nc_cat=106&_nc_map=urlgen_bucketless&ccb=1-7&_nc_sid=167101&_nc_ohc=kT79zGT-b_8Q7kNvwEJf8qv&_nc_oc=Adpal6gl1JEJGhlrWYX35gWoHgBIlCyWL_LecPc-3YNqiD3M5pziPxFYkRuF_AGdCIc&_nc_zt=24&_nc_ht=scontent.fsgn8-4.fna&_nc_gid=8LSPcTjqq-P1nolBK3MnOg&_nc_ss=7b2a8&oh=00_AQMfuTVhQ1p5KliylremFtc_6F0wQGOFXA_RbSlDLocm8g&oe=6AC6F12F"
569,"SK Nordic Labradors","https://www.facebook.com/profile.php?id=100069340670877","https://scontent.fsgn8-4.fna.fbcdn.net/v/t39.30808-1/753150889_1345708881083788_4266919522566117219_n.jpg?stp=cp6_dst-jpg_tt6&cstp=mx2048x2048&ctp=s80x80&_nc_cat=105&_nc_map=urlgen_bucketless&ccb=1-7&_nc_sid=167101&_nc_ohc=uvIMe9OhBnwQ7kNvwGFryKu&_nc_oc=Adof28XIXUOgdleTSTcURJzc9uF6BBjsDTn8xUF0m-11MKzRH6OliLmjY3CEiLP5wnQ&_nc_zt=24&_nc_ht=scontent.fsgn8-4.fna&_nc_gid=8LSPcTjqq-P1nolBK3MnOg&_nc_ss=7b2a8&oh=00_AQP8ISLV3Z-HRSz9wKofuGoxkdTL1UZ6NEGQDtT7ZPJoGQ&oe=6AC6C26B"
570,"Lucy the Chocolate Lab","https://www.facebook.com/lucy.the.chocolate.lab","https://scontent.fsgn8-4.fna.fbcdn.net/v/t39.30808-1/799172770_122106761007457502_3664214129017661907_n.jpg?stp=cp0_dst-jpg_tt6&cstp=mx1024x1024&ctp=s80x80&_nc_cat=110&_nc_map=urlgen_bucketless&ccb=1-7&_nc_sid=167101&_nc_ohc=8MXw0Dgk-fQQ7kNvwE00_2s&_nc_oc=Adq_-xcORkkR7wq6LgiYWWwGve1VXdhrL0nIKfJ7ykQ3C749pjmugVY1LiEq_4I6bN4&_nc_zt=24&_nc_ht=scontent.fsgn8-4.fna&_nc_gid=8LSPcTjqq-P1nolBK3MnOg&_nc_ss=7b2a8&oh=00_AQOJh9z0Q4GWWhRIRa3A9F7EI5bkD3CDtAOXSquoSRF8qg&oe=6AC6E2DB"
571,"Pawsome Labradors","https://www.facebook.com/profile.php?id=61572234232619","https://scontent.fsgn8-4.fna.fbcdn.net/v/t39.30808-1/660307634_122093846240741141_1954534435815367275_n.jpg?stp=cp0_dst-jpg_tt6&cstp=mx1080x1097&ctp=p80x80&_nc_cat=108&_nc_map=urlgen_bucketless&ccb=1-7&_nc_sid=167101&_nc_ohc=6mbzWymXMz8Q7kNvwGmj52H&_nc_oc=AdoorAj9OMkl-MQ1ihEIw0PZgon9WQIlBrkZDRlJfBstFXGMqq_LwwHcgTv3THNcPjM&_nc_zt=24&_nc_ht=scontent.fsgn8-4.fna&_nc_gid=8LSPcTjqq-P1nolBK3MnOg&_nc_ss=7b2a8&oh=00_AQMHj7CLuiP9fI3FQt6KqbGa1sxsPFMS8cgZoIfsVIlDoA&oe=6AC6EE9C"
572,"Killhamforge","https://www.facebook.com/killhamforge","https://scontent.fsgn8-4.fna.fbcdn.net/v/t39.30808-1/756042868_1345307854482796_5933321660750054745_n.jpg?stp=cp0_dst-jpg_tt6&cstp=mx1080x1082&ctp=s80x80&_nc_cat=102&_nc_map=urlgen_bucketless&ccb=1-7&_nc_sid=167101&_nc_ohc=kp1GkVUNUtMQ7kNvwG_7AZi&_nc_oc=AdoOReG6IGO9g5D5nqvDAdLb8R3eyGb06_uqrCb_zaD7zEQ9cNelk2pMRO_eON_DiBM&_nc_zt=24&_nc_ht=scontent.fsgn8-4.fna&_nc_gid=8LSPcTjqq-P1nolBK3MnOg&_nc_ss=7b2a8&oh=00_AQPHc5ph5tEoS0_C42RjC7dg0DEjbafV2NavV7SDVx9LYA&oe=6AC6D29C"
573,"Field and Labs","https://www.facebook.com/profile.php?id=61591657356649","https://scontent.fsgn8-4.fna.fbcdn.net/v/t39.30808-1/741636120_122150787585198538_5895301143440869520_n.jpg?stp=c0.20.640.640a_cp0_dst-jpg_tt6&cstp=mx640x640&ctp=s80x80&_nc_cat=105&_nc_map=urlgen_bucketless&ccb=1-7&_nc_sid=167101&_nc_ohc=3VTrctlrSMoQ7kNvwGlwFmb&_nc_oc=AdqfolleTElQ9Nn8594tWNdcEAUBNR3iwIHp-Pq4FgQlI8pePdTZBJwHi3UF2h11QgA&_nc_zt=24&_nc_ht=scontent.fsgn8-4.fna&_nc_gid=8LSPcTjqq-P1nolBK3MnOg&_nc_ss=7b2a8&oh=00_AQMGpigRbPh6N_s-e4MQN_cWsnfntUGFGxUPBTu9vQCbsQ&oe=6AC6F0A4"
574,"Tuesdays Wmorrie","https://www.facebook.com/profile.php?id=61574462441256","https://scontent.fsgn8-4.fna.fbcdn.net/v/t39.30808-1/486579791_122103598082815414_1210294963538714977_n.jpg?stp=cp0_dst-jpg_tt6&cstp=mx892x882&ctp=p80x80&_nc_cat=110&_nc_map=urlgen_bucketless&ccb=1-7&_nc_sid=167101&_nc_ohc=9amvh8IyXKgQ7kNvwEEjWy6&_nc_oc=AdoWtUaQVE2DJOOPGzbl3vUqliQYdWVApkt7q9NeZr4jWBE3aO9G2gaxZOH79zuvefY&_nc_zt=24&_nc_ht=scontent.fsgn8-4.fna&_nc_gid=R-Ms1XH0AREL74C_TzmSrw&_nc_ss=7b2a8&oh=00_AQOIO5eoZMdDau5s24LYSd3GMQbo7tnWLLOZL5vPqZKfHw&oe=6AC6F492"
575,"Gavins Point Labs","https://www.facebook.com/gavinspointlabs","https://scontent.fsgn8-4.fna.fbcdn.net/v/t39.30808-1/290357637_128703146513992_5832229842805142942_n.jpg?stp=cp0_dst-jpg_tt6&cstp=mx1594x1594&ctp=s80x80&_nc_cat=101&_nc_map=urlgen_bucketless&ccb=1-7&_nc_sid=167101&_nc_ohc=TMlX10iT6U8Q7kNvwEWZM89&_nc_oc=AdonquFVn2FY2akXH9yj3cbtVRMVj8mCw-afPFnP_8aP9h8lfkyzA0IMmesPlOY_pRQ&_nc_zt=24&_nc_ht=scontent.fsgn8-4.fna&_nc_gid=R-Ms1XH0AREL74C_TzmSrw&_nc_ss=7b2a8&oh=00_AQMqDnKrRndj8K8zMZhjWVOyGXS9JjibznpYiiU6n2AW6w&oe=6AC6C0D6"
576,"Patt Pattisia Labrador","https://www.facebook.com/patt.panyawong","https://scontent.fsgn8-4.fna.fbcdn.net/v/t39.30808-1/612456419_10243836148220667_6312644508797315004_n.jpg?stp=cp0_dst-jpg_tt6&cstp=mx1559x1559&ctp=s80x80&_nc_cat=100&_nc_map=urlgen_bucketless&ccb=1-7&_nc_sid=167101&_nc_ohc=JM5_R_4xLvwQ7kNvwFx7XpR&_nc_oc=AdoB-UoTPDqlneY2dYQ1p4otz7V7_BXYnY0N1Aa4HnkLSeArdO4qCNNqfDLQaIyxWIA&_nc_zt=24&_nc_ht=scontent.fsgn8-4.fna&_nc_gid=R-Ms1XH0AREL74C_TzmSrw&_nc_ss=7b2a8&oh=00_AQMO-Ga-yai2_la4uk9QUu7750ENtqk7Qj_nH8NCdrblRw&oe=6AC6C977"
577,"Country Heart Labrador Retrievers","https://www.facebook.com/CountryHeartLabradors","https://scontent.fsgn8-4.fna.fbcdn.net/v/t39.30808-1/467489698_593893683204976_8029473080393987530_n.jpg?stp=cp0_dst-jpg_tt6&cstp=mx1536x1536&ctp=s80x80&_nc_cat=108&_nc_map=urlgen_bucketless&ccb=1-7&_nc_sid=167101&_nc_ohc=cNNZ-MPefbIQ7kNvwERkknN&_nc_oc=AdpRTB5bVs5VxhZ04Cj6DoSY_UuWrWUKpR1rm3cqvaLTleAlY6mIme2Edr9yNRQIsJI&_nc_zt=24&_nc_ht=scontent.fsgn8-4.fna&_nc_gid=R-Ms1XH0AREL74C_TzmSrw&_nc_ss=7b2a8&oh=00_AQNffebjtZP4hGsDIfxpZF4RG_CQVc_bLVYNXllS9cgaVw&oe=6AC6BEA5"
578,"Labrador Retriever Lover","https://www.facebook.com/profile.php?id=61583609490209","https://scontent.fsgn8-4.fna.fbcdn.net/v/t39.30808-1/671741187_122132875809120316_4144129338748596292_n.jpg?stp=cp0_dst-jpg_tt6&cstp=mx1024x1024&ctp=s80x80&_nc_cat=110&_nc_map=urlgen_bucketless&ccb=1-7&_nc_sid=167101&_nc_ohc=A3_vOA0y8SUQ7kNvwH2eUF5&_nc_oc=Adr33hbO6ehQSjlbsczPgOBEHS12ub1nP2hs1XlYQhsjWeJR7UHNcRr56a7MbHc-XUc&_nc_zt=24&_nc_ht=scontent.fsgn8-4.fna&_nc_gid=R-Ms1XH0AREL74C_TzmSrw&_nc_ss=7b2a8&oh=00_AQP0hRRGE5C4RrnH6z_njkvoQ-PI9xHA8JmeJTrv4dX-rQ&oe=6AC6CCEF"
579,"Knotty Creek","https://www.facebook.com/profile.php?id=61588945362490","https://scontent.fsgn8-4.fna.fbcdn.net/v/t39.30808-1/689186145_122099654223298178_2204713082484456798_n.jpg?stp=cp6_dst-jpg_tt6&cstp=mx638x637&ctp=s80x80&_nc_cat=101&_nc_map=urlgen_bucketless&ccb=1-7&_nc_sid=167101&_nc_ohc=hcqvJp4YP24Q7kNvwH1glTF&_nc_oc=Adr5tdK9H9TNHexQw3xfrrn5hRqXfJ9KGfU5oRQ9UJstVd0qR91FAzjbiSzf8uAvHgA&_nc_zt=24&_nc_ht=scontent.fsgn8-4.fna&_nc_gid=R-Ms1XH0AREL74C_TzmSrw&_nc_ss=7b2a8&oh=00_AQP4rpOIahMHnv7a5k4YAJRalbly4aWtfAhaTLFnduZX_w&oe=6AC6E168"
580,"Theblacklabradorpoppy","https://www.facebook.com/profile.php?id=61572637580785","https://scontent.fsgn8-4.fna.fbcdn.net/v/t39.30808-1/496621934_122133322706754586_6983177410718383327_n.jpg?stp=cp6_dst-jpg_tt6&cstp=mx465x466&ctp=s80x80&_nc_cat=1&ccb=1-7&_nc_sid=167101&_nc_ohc=47ka9js2ijcQ7kNvwET0lQa&_nc_oc=AdruhX6Ym7Qf_LENSiKhVGQRhkHlJnB5vkEjltjapk7zACyxqE4BjlLnHReGVjroK2E&_nc_zt=24&_nc_ht=scontent.fsgn8-4.fna&_nc_gid=R-Ms1XH0AREL74C_TzmSrw&_nc_ss=7b2a8&oh=00_AQPRHBRYZ1WrP-WoPM96hNbqWGtvz2cI2_Xx3Fflk2Z_Eg&oe=6AC6D029"
581,"The Labrador Retriever Academy","https://www.facebook.com/labradorretrieveracademy","https://scontent.fsgn8-4.fna.fbcdn.net/v/t39.30808-1/520841786_122125508750901478_8558895149782389350_n.jpg?stp=cp0_dst-jpg_tt6&cstp=mx2048x2048&ctp=s80x80&_nc_cat=110&_nc_map=urlgen_bucketless&ccb=1-7&_nc_sid=167101&_nc_ohc=hCxMwshBjLgQ7kNvwH4fZLO&_nc_oc=AdpFE2mqgIMVNVntGMTVtJ2g8Rx6WPjyx-q3FlCmj1Pu6SgG8zNRNBtLsAfanKFDyJ8&_nc_zt=24&_nc_ht=scontent.fsgn8-4.fna&_nc_gid=R-Ms1XH0AREL74C_TzmSrw&_nc_ss=7b2a8&oh=00_AQO32wVqkM8Xq-kFaTdOlRAspXyw6GOq3bFNwrI83iFwhA&oe=6AC6EE45"
582,"Cutepuppy316","https://www.facebook.com/Cutepuppy316","https://scontent.fsgn8-4.fna.fbcdn.net/v/t39.30808-1/463020197_464902413265793_7509421627453956872_n.jpg?stp=cp6_dst-jpg_tt6&cstp=mx2048x2048&ctp=s80x80&_nc_cat=1&ccb=1-7&_nc_sid=167101&_nc_ohc=FknpiEs7BKUQ7kNvwHGDC3y&_nc_oc=AdpUa-PDKrZqoX522EGjzMvfuEtMzMRlxYGBn0BSukI8wJWyPwrxgtEODDt8B6JOP3U&_nc_zt=24&_nc_ht=scontent.fsgn8-4.fna&_nc_gid=_EE5yOpyu1RIWE6YFN8Llg&_nc_ss=7b2a8&oh=00_AQPeROHBh_xr7_W419n9HRt40o9_F4PMZlWlb5n4ZQY8NQ&oe=6AC6C80D"
583,"Raghuu Labrador","https://www.facebook.com/profile.php?id=61577489906053","https://scontent.fsgn8-4.fna.fbcdn.net/v/t39.30808-1/653711271_122094838496916330_8377471318064620608_n.jpg?stp=cp0_dst-jpg_tt6&cstp=mx1584x1564&ctp=s80x80&_nc_cat=103&_nc_map=urlgen_bucketless&ccb=1-7&_nc_sid=167101&_nc_ohc=9oGcNue_e6UQ7kNvwH_AGmV&_nc_oc=AdoBHYsvTbyPCiC-2-Kjg9-y6z9WHLCXoLuNolSlIwhFDJiMPIFInXZTnF5KGAGd23I&_nc_zt=24&_nc_ht=scontent.fsgn8-4.fna&_nc_gid=_EE5yOpyu1RIWE6YFN8Llg&_nc_ss=7b2a8&oh=00_AQOqtFF88Fdy_5ZjdBM-YN4Zb5FuepYKTXpfa7QnC1WXVA&oe=6AC6E331"
584,"labrador wondrous beauty","https://www.facebook.com/profile.php?id=61591113410011","https://scontent.fsgn8-4.fna.fbcdn.net/v/t39.30808-1/720896225_122105723589357374_1687852291014452846_n.jpg?stp=c0.18.1192.1192a_cp0_dst-jpg_tt6&cstp=mx1192x1192&ctp=s80x80&_nc_cat=106&_nc_map=urlgen_bucketless&ccb=1-7&_nc_sid=167101&_nc_ohc=uISPIv3__kEQ7kNvwF6tzz4&_nc_oc=AdpKEK1AlTmy74dpa89OdCfczPg_YzMSH2B275Rcnye3lSfXbdIKP3vcY8l1zoFNb7c&_nc_zt=24&_nc_ht=scontent.fsgn8-4.fna&_nc_gid=_EE5yOpyu1RIWE6YFN8Llg&_nc_ss=7b2a8&oh=00_AQNuDlpqGRgX30TxKwEiCDDj2A13CEyxvRyfMucQeccWXg&oe=6AC6D3EC"
585,"Nittaya Kongna","https://www.facebook.com/nittaya.kongna.2024","https://scontent.fsgn8-4.fna.fbcdn.net/v/t39.30808-1/701558884_4584948968407575_5519345975231377494_n.jpg?stp=cp0_dst-jpg_tt6&cstp=mx1109x1106&ctp=s80x80&_nc_cat=102&_nc_map=urlgen_bucketless&ccb=1-7&_nc_sid=167101&_nc_ohc=pktxxFtb6m4Q7kNvwFCzNdk&_nc_oc=AdqkQ9yrMPROkSHn_4JY14_Nzes__zUzM1nPrKZXmXVhj7yq9uvatBc5mhGf9DWgrCA&_nc_zt=24&_nc_ht=scontent.fsgn8-4.fna&_nc_gid=_EE5yOpyu1RIWE6YFN8Llg&_nc_ss=7b2a8&oh=00_AQPmZZkHUTBzmhjifbh8j3sjBg8EgCAQWuHi-XTT6DaImg&oe=6AC6E9B8"
586,"Moose and Poppy","https://www.facebook.com/mooseandpoppy","https://scontent.fsgn8-4.fna.fbcdn.net/v/t39.30808-1/273185279_133995032439420_1495463158907646279_n.jpg?stp=cp0_dst-jpg_tt6&cstp=mx959x959&ctp=s80x80&_nc_cat=103&_nc_map=urlgen_bucketless&ccb=1-7&_nc_sid=167101&_nc_ohc=o6lpXUKGbZsQ7kNvwHo_RCo&_nc_oc=AdrHJ2IPAQEVUEM-a_ErhYl8wEGS2QwyxOGJBHRqUVb1qzx9Ifduj85V4un1WXKRHBo&_nc_zt=24&_nc_ht=scontent.fsgn8-4.fna&_nc_gid=_EE5yOpyu1RIWE6YFN8Llg&_nc_ss=7b2a8&oh=00_AQMsSwuEy9JnbFTInxr_dSlf4YzTg6kqIrwsuuD62Ct8rA&oe=6AC6C0AE"
587,"daily dog movement","https://www.facebook.com/profile.php?id=61592649571891","https://scontent.fsgn8-4.fna.fbcdn.net/v/t39.30808-1/761096712_122097337071421652_1998950256262570104_n.jpg?stp=cp0_dst-jpg_tt6&cstp=mx460x463&ctp=p80x80&_nc_cat=103&_nc_map=urlgen_bucketless&ccb=1-7&_nc_sid=167101&_nc_ohc=kKiDHkENxIQQ7kNvwGlEs-Y&_nc_oc=AdpHvujyOuydCDXjqLSIOiz7U4V3lLC0jJeFUS-gpLvzHAtEs9tbIDXKep17-bnEtI0&_nc_zt=24&_nc_ht=scontent.fsgn8-4.fna&_nc_gid=_EE5yOpyu1RIWE6YFN8Llg&_nc_ss=7b2a8&oh=00_AQMpWsNy7BjD1mXCw7CoYTE4GeQBASdwI-2Lx8EFICasMw&oe=6AC6C517"
588,"Labrador Lovers","https://www.facebook.com/profile.php?id=61592248036323","https://scontent.fsgn8-4.fna.fbcdn.net/v/t39.30808-1/758617495_122100981489408267_5267654373004148070_n.jpg?stp=cp0_dst-jpg_tt6&cstp=mx736x740&ctp=s80x80&_nc_cat=107&_nc_map=urlgen_bucketless&ccb=1-7&_nc_sid=167101&_nc_ohc=nb2NAdzWyvwQ7kNvwHK1hpv&_nc_oc=AdrTP6QDrX6ydR-vWx-1kzJ6rvGTG0iG9SH3ZlPPPSzBFQKFsuqWrCZQOyEpiQDoHg0&_nc_zt=24&_nc_ht=scontent.fsgn8-4.fna&_nc_gid=_EE5yOpyu1RIWE6YFN8Llg&_nc_ss=7b2a8&oh=00_AQPDS0fA1YDpkhmj4C9yuf8tb8JdU8FvwqfAvJl4duemKg&oe=6AC6D4F8"
589,"Bailey and Brownie The Labs","https://www.facebook.com/profile.php?id=61586830209861","https://scontent.fsgn8-4.fna.fbcdn.net/v/t39.30808-1/617109787_10240154452135144_5578424232541192583_n.jpg?stp=c448.0.1152.1152a_cp6_dst-jpg_tt6&cstp=mx1152x1152&ctp=s80x80&_nc_cat=111&_nc_map=urlgen_bucketless&ccb=1-7&_nc_sid=167101&_nc_ohc=y3_hZeaZZ8wQ7kNvwFVkfLu&_nc_oc=Ado8-lsqVkNNynpTQcHP1mAVb8ZfGL9V0FFXXbZXieV8gx7qwdc74tQ5dpyw0rRgXWE&_nc_zt=24&_nc_ht=scontent.fsgn8-4.fna&_nc_gid=_EE5yOpyu1RIWE6YFN8Llg&_nc_ss=7b2a8&oh=00_AQMCyMYSwGZ4obAcQwS9mXstmmpBRnj2MJmO_uTQpxGgKA&oe=6AC6D208"
590,"Pat Dardis","https://www.facebook.com/pat.dardis.16","https://scontent.fsgn8-4.fna.fbcdn.net/v/t39.30808-1/528056323_1486141889041918_3275254406570005417_n.jpg?stp=cp0_dst-jpg_tt6&cstp=mx1309x1306&ctp=s80x80&_nc_cat=1&ccb=1-7&_nc_sid=167101&_nc_ohc=vU0dPTiyHMAQ7kNvwFUHeJC&_nc_oc=Adq4jOWE6DDCVj6FnF_2MaAElknpWTJo4vjOUHLonuTkZO0SkEXfsdQhM57aNkVVeeM&_nc_zt=24&_nc_ht=scontent.fsgn8-4.fna&_nc_gid=LygxCtO_HeasK8s04Qijmw&_nc_ss=7b2a8&oh=00_AQMPLNoKWjTGeh7FJ42rDt83AVQsvd9QwIa_B1EBlsNsVw&oe=6AC6BE61"
591,"Last Frontier Labradors","https://www.facebook.com/LastFrontierLabs","https://scontent.fsgn8-4.fna.fbcdn.net/v/t39.30808-1/327282530_600626841901155_1545445276623897061_n.jpg?stp=cp0_dst-jpg_tt6&cstp=mx1440x1440&ctp=s80x80&_nc_cat=110&_nc_map=urlgen_bucketless&ccb=1-7&_nc_sid=167101&_nc_ohc=kERKHatoWDQQ7kNvwFkdyZX&_nc_oc=Adr4fPHrIu2YmU_rna_iOaOYGE1z83TC1DO_PCYSZxJm2MysvoSdaAWQLAu16uRUJAY&_nc_zt=24&_nc_ht=scontent.fsgn8-4.fna&_nc_gid=LygxCtO_HeasK8s04Qijmw&_nc_ss=7b2a8&oh=00_AQNb-0XZ7Y0YFE1sEofFQhRXZK8BT6bDne6rpeDFU4nttg&oe=6AC6DDA8"
592,"Labcody","https://www.facebook.com/profile.php?id=61594196545694","https://scontent.fsgn8-4.fna.fbcdn.net/v/t39.30808-1/792029988_28090606180620926_3484834078710340314_n.jpg?stp=cp0_dst-jpg_tt6&cstp=mx206x206&ctp=s80x80&_nc_cat=100&_nc_map=urlgen_bucketless&ccb=1-7&_nc_sid=167101&_nc_ohc=gpyNY-GOykwQ7kNvwErGoL7&_nc_oc=Adop3S9ByKRc1QZwitJdRliyw4UDB0SqH8JFCMXb0pgbHxgDJptjxzii4cMu5nmcleE&_nc_zt=24&_nc_ht=scontent.fsgn8-4.fna&_nc_gid=LygxCtO_HeasK8s04Qijmw&_nc_ss=7b2a8&oh=00_AQN_ExCrdg_FVLwDNKm8aEgI0u1TuITDYEgzpii3IZm8Kg&oe=6AC6C7AB"
593,"Ingrid Zboranova","https://www.facebook.com/ingrid.zboranova","https://scontent.fsgn8-4.fna.fbcdn.net/v/t39.30808-1/825336626_10244067795619245_4514366011458670954_n.jpg?stp=cp0_dst-jpg_tt6&cstp=mx1075x1083&ctp=s80x80&_nc_cat=101&_nc_map=urlgen_bucketless&ccb=1-7&_nc_sid=167101&_nc_ohc=9LcbAnbxC_oQ7kNvwHjXD4C&_nc_oc=AdqNHDg2L8gkaNsaCSPwQcDglIC0sVRyWglY7l4lZrkOcgdNU8kKIw23tD70Edumejc&_nc_zt=24&_nc_ht=scontent.fsgn8-4.fna&_nc_gid=LygxCtO_HeasK8s04Qijmw&_nc_ss=7b2a8&oh=00_AQPhJrKPKP7DM0YFRGy9jdqCasEDj8f2g1rMhPwmA1Drwg&oe=6AC6BCFE"
594,"Hey it's Pippin","https://www.facebook.com/profile.php?id=61591688350523","https://scontent.fsgn8-4.fna.fbcdn.net/v/t39.30808-1/748354236_2610585122734689_7006601582239507900_n.jpg?stp=c0.0.1066.1066a_cp0_dst-jpg_tt6&cstp=mx1066x1066&ctp=s80x80&_nc_cat=105&_nc_map=urlgen_bucketless&ccb=1-7&_nc_sid=167101&_nc_ohc=kn39gyjTgsAQ7kNvwH6PQEF&_nc_oc=AdqAW7S0nhxT5p-BBitoVysvjtBL-juz3jsP3Ofbza3ByGtrpTlGkaLLeZxhpFPHdh4&_nc_zt=24&_nc_ht=scontent.fsgn8-4.fna&_nc_gid=LygxCtO_HeasK8s04Qijmw&_nc_ss=7b2a8&oh=00_AQMcl3DjLV8V3GN8sbtVXFGj9ekijmNJshL_Aom4kkBLDw&oe=6AC6E939"
595,"Boandreggie","https://www.facebook.com/profile.php?id=61567147202825","https://scontent.fsgn8-4.fna.fbcdn.net/v/t39.30808-1/463340669_122099419730571573_7195765333186075848_n.jpg?stp=cp0_dst-jpg_tt6&cstp=mx960x960&ctp=s80x80&_nc_cat=110&_nc_map=urlgen_bucketless&ccb=1-7&_nc_sid=167101&_nc_ohc=kJ4EpYNj71sQ7kNvwHY9WZ-&_nc_oc=AdpkKkG3e4k2kkjo_-76tsrxaOoUvAK5sTOPSInWh6V441qVWwxqKttXPutGDI8zSPg&_nc_zt=24&_nc_ht=scontent.fsgn8-4.fna&_nc_gid=LygxCtO_HeasK8s04Qijmw&_nc_ss=7b2a8&oh=00_AQPSt87hZtUVt8kjDmgaV5Ifj3OKJj5t1N1HF7f39SgcjQ&oe=6AC6E738"
596,"Mountain Laurel English Labradors","https://www.facebook.com/profile.php?id=100069904970239","https://scontent.fsgn8-4.fna.fbcdn.net/v/t39.30808-1/246356447_434952941306374_6447822500324480409_n.jpg?stp=cp0_dst-jpg_tt6&cstp=mx768x768&ctp=s80x80&_nc_cat=106&_nc_map=urlgen_bucketless&ccb=1-7&_nc_sid=167101&_nc_ohc=VvAY5NdFaX8Q7kNvwExCFSP&_nc_oc=AdrfBpRc8ybuCXvDB6Us83hFs8cSGgzUIPREtSRra-TepAlQ2nFcqeVLLPTJwnUoecI&_nc_zt=24&_nc_ht=scontent.fsgn8-4.fna&_nc_gid=LygxCtO_HeasK8s04Qijmw&_nc_ss=7b2a8&oh=00_AQMZrs3ApKKrmCFleGo5bt8kYo0soRdtSzpM_sXtN7ZojQ&oe=6AC6CB05"
597,"K9 Rookies","https://www.facebook.com/profile.php?id=100093267289082","https://scontent.fsgn8-4.fna.fbcdn.net/v/t39.30808-1/797957266_988173444301556_6308814336989911331_n.jpg?stp=cp0_dst-jpg_tt6&cstp=mx1254x1254&ctp=s80x80&_nc_cat=111&_nc_map=urlgen_bucketless&ccb=1-7&_nc_sid=167101&_nc_ohc=djG5v_vCKBEQ7kNvwF97oni&_nc_oc=AdpKRraocoXf085C3UevAnt2vJkvy1pOb78w6XPuO4XCOhnvheg_Abk7S-EJtEWa_34&_nc_zt=24&_nc_ht=scontent.fsgn8-4.fna&_nc_gid=LygxCtO_HeasK8s04Qijmw&_nc_ss=7b2a8&oh=00_AQN1oihzzYHzpDRmedBmYgPxsvxJZqImBm837zjcMHcr-Q&oe=6AC6C35A"
598,"The Trifecta Labradors","https://www.facebook.com/Trifectalabradors","https://scontent.fsgn8-4.fna.fbcdn.net/v/t39.30808-1/741906810_122119189161349564_6735390622894065509_n.jpg?stp=cp0_dst-jpg_tt6&cstp=mx1082x1082&ctp=s80x80&_nc_cat=103&_nc_map=urlgen_bucketless&ccb=1-7&_nc_sid=167101&_nc_ohc=60BkhbtWmmQQ7kNvwEUiAGm&_nc_oc=AdqKeJCZKjoAnXm4631RyIAKIaaKHSZWZlVt9QVo_di0d-Pp0eZi4OWyWtQOEwkB7OE&_nc_zt=24&_nc_ht=scontent.fsgn8-4.fna&_nc_gid=mrN7OTsqQhtGlG9fOp9G6g&_nc_ss=7b2a8&oh=00_AQPt53Ok1thDv-kvD98ru9wZHU3c3A4W5I68EX_5yB3oMA&oe=6AC6D4DC"
599,"Lord Jack The Yellow Lab","https://www.facebook.com/lordjacktheyellowlab","https://scontent.fsgn8-4.fna.fbcdn.net/v/t39.30808-1/641380115_122165487830837633_997392880214523819_n.jpg?stp=cp6_dst-jpg_tt6&cstp=mx1198x1198&ctp=s80x80&_nc_cat=1&ccb=1-7&_nc_sid=167101&_nc_ohc=PhA_8YDMGmoQ7kNvwGyzZmo&_nc_oc=Ado5jJWbxaPkaPBYvBXA0Jo0FXMZzpMFPVQHlX9GjahyQnDKkkRhcFLnu3enEAXqyf4&_nc_zt=24&_nc_ht=scontent.fsgn8-4.fna&_nc_gid=mrN7OTsqQhtGlG9fOp9G6g&_nc_ss=7b2a8&oh=00_AQN_Vdk3WKJFY56a_DG3ir7Vqu4on3PCgHoiTKWcRpNDMA&oe=6AC6D6E4"
600,"Doug the pug","https://www.facebook.com/profile.php?id=61586145373643","https://scontent.fsgn8-4.fna.fbcdn.net/v/t39.30808-1/825266665_122136578367204845_5319074612837207717_n.jpg?stp=cp0_dst-jpg_tt6&cstp=mx1080x1082&ctp=s80x80&_nc_cat=110&_nc_map=urlgen_bucketless&ccb=1-7&_nc_sid=167101&_nc_ohc=TVbsebYLdQwQ7kNvwFfgdbG&_nc_oc=Adoy3rAsPpQN2fb_IY-sqyqyM614JvKEc_OIvlX04QvCPmBBWQi2NMhH1rzwwbbVuZw&_nc_zt=24&_nc_ht=scontent.fsgn8-4.fna&_nc_gid=mrN7OTsqQhtGlG9fOp9G6g&_nc_ss=7b2a8&oh=00_AQNQDmbUBUy1FWLhCNNTqJE3GUziWpRNgoiWIKKaVzj7zQ&oe=6AC6F159"
601,"Honey Maple Goldens","https://www.facebook.com/profile.php?id=61591926601636","https://scontent.fsgn8-4.fna.fbcdn.net/v/t39.30808-1/748874116_122099349933397553_2132556644939426091_n.jpg?stp=cp6_dst-jpg_tt6&cstp=mx1028x1028&ctp=s80x80&_nc_cat=104&_nc_map=urlgen_bucketless&ccb=1-7&_nc_sid=167101&_nc_ohc=MYlzUUP4hUgQ7kNvwHn_kQn&_nc_oc=AdqIsIDeqirZ53Y7dh_dJI4tSZzz8AxymEZchGKDsC-SMQHZr_vzm_rYMx5dAzJgiQo&_nc_zt=24&_nc_ht=scontent.fsgn8-4.fna&_nc_gid=mrN7OTsqQhtGlG9fOp9G6g&_nc_ss=7b2a8&oh=00_AQPahkURRdkprxwdL55tKV1nwUmnCH9oqcSI71JmkxAvLA&oe=6AC6E199"
602,"Cute Chocolate English Labrador Retriever","https://www.facebook.com/profile.php?id=61580740100194","https://scontent.fsgn8-4.fna.fbcdn.net/v/t39.30808-1/652366070_122096467905024670_2576230752256384324_n.jpg?stp=cp0_dst-jpg_tt6&cstp=mx1024x1024&ctp=s80x80&_nc_cat=107&_nc_map=urlgen_bucketless&ccb=1-7&_nc_sid=167101&_nc_ohc=zdoxJaA8Z2wQ7kNvwEfU_zi&_nc_oc=AdrOz3PcaYXl8_rZo2PIEljr6UiJC1-6UJCgQSxIx_Z7oQF3DdgJycDT7CA5wxV12VE&_nc_zt=24&_nc_ht=scontent.fsgn8-4.fna&_nc_gid=mrN7OTsqQhtGlG9fOp9G6g&_nc_ss=7b2a8&oh=00_AQP4nzzBQdHPgjvwjfPpF3LPp6Uw4z9YnpR-205BZL8Jzw&oe=6AC6E74F"
603,"Labrador retriever life","https://www.facebook.com/profile.php?id=61583161581735","https://scontent.fsgn8-4.fna.fbcdn.net/v/t39.30808-1/646017539_122102498979105386_8857384376454079366_n.jpg?stp=cp0_dst-jpg_tt6&cstp=mx697x688&ctp=p80x80&_nc_cat=103&_nc_map=urlgen_bucketless&ccb=1-7&_nc_sid=167101&_nc_ohc=GQ1xIcuUwUsQ7kNvwGzNlbY&_nc_oc=Ado3fl5vNJkniWqCuE8gUsmZcTApyHa7Uo2u9VsCJzxGJ01RuIvHnnPDQSISczyyqhg&_nc_zt=24&_nc_ht=scontent.fsgn8-4.fna&_nc_gid=mrN7OTsqQhtGlG9fOp9G6g&_nc_ss=7b2a8&oh=00_AQOuBhtwq987IcIv6HD-LI6j8IoOiv5mux-FI55SM6s3IA&oe=6AC6D218"
604,"Charlie Churchill","https://www.facebook.com/charliechurchill0206","https://scontent.fsgn8-4.fna.fbcdn.net/v/t39.30808-1/825329129_122117350239435009_4407694106301195874_n.jpg?stp=cp6_dst-jpg_tt6&cstp=mx1025x1026&ctp=s80x80&_nc_cat=105&_nc_map=urlgen_bucketless&ccb=1-7&_nc_sid=167101&_nc_ohc=3Dt90cRUzSsQ7kNvwEknnLn&_nc_oc=Ado-M50jpbyq2Lnuqk1AV-_g-WN0CWkGdcqa8Mbol8FSfsbTbW_FMGNXBTu-dtTIfpM&_nc_zt=24&_nc_ht=scontent.fsgn8-4.fna&_nc_gid=mrN7OTsqQhtGlG9fOp9G6g&_nc_ss=7b2a8&oh=00_AQPteizg-x9Jlcp7lMvEAOILiYlAfc6sw_ZvpSTbPAm-VQ&oe=6AC6F31A"
605,"Olivethelab","https://www.facebook.com/profile.php?id=61586828186832","https://scontent.fsgn8-4.fna.fbcdn.net/v/t39.30808-1/618583301_122096387673227606_968204554398236280_n.jpg?stp=cp0_dst-jpg_tt6&cstp=mx1080x1080&ctp=s80x80&_nc_cat=110&_nc_map=urlgen_bucketless&ccb=1-7&_nc_sid=167101&_nc_ohc=gdc-OjKjfz4Q7kNvwEkRdyg&_nc_oc=AdqoEE6TOoQV0MJQVTe33pRgLN-FeFx0sLvm_CE6QFFVHDs2ibfsBpUOvgR_F3toTGg&_nc_zt=24&_nc_ht=scontent.fsgn8-4.fna&_nc_gid=mrN7OTsqQhtGlG9fOp9G6g&_nc_ss=7b2a8&oh=00_AQOEDst-b91GGrObqvxvcqTERDsqn8rptgUVjxgm6jOjpw&oe=6AC6CF8D"
606,"Sacandaga Labrador Retrievers","https://www.facebook.com/profile.php?id=100088262156836","https://scontent.fsgn8-4.fna.fbcdn.net/v/t39.30808-1/323784988_727867528874045_3225404896593426240_n.jpg?stp=cp0_dst-jpg_tt6&cstp=mx403x403&ctp=s80x80&_nc_cat=106&_nc_map=urlgen_bucketless&ccb=1-7&_nc_sid=167101&_nc_ohc=eM2ZARbD7isQ7kNvwFQllfi&_nc_oc=AdqAWiCzqGEQmxtyCO38ybcSPtVKobgMIFh7h_s8QqF-wmVYvpG2egvOOwQ1qvO_qSU&_nc_zt=24&_nc_ht=scontent.fsgn8-4.fna&_nc_gid=lGwrINP2p2WFD-mZLu4tKQ&_nc_ss=7b2a8&oh=00_AQMTH3_DqtzZ9-ev7UQT2ns17gOUknCj8nB-UOZ5N3IdAQ&oe=6AC6EAC1"
607,"Black Labrador","https://www.facebook.com/profile.php?id=61580976995587","https://scontent.fsgn8-4.fna.fbcdn.net/v/t39.30808-1/552803375_122102333913032566_3799741665493093269_n.jpg?stp=c0.0.736.736a_cp0_dst-jpg_tt6&cstp=mx736x736&ctp=s80x80&_nc_cat=104&_nc_map=urlgen_bucketless&ccb=1-7&_nc_sid=167101&_nc_ohc=8jk3i-A9ugIQ7kNvwH17qc1&_nc_oc=Adqai92I5t4tpyBnnCAHAIxMoX3KpWcIojYoOYE5aBPkXPaY0Q9m0jHPkVFnrKf8kFI&_nc_zt=24&_nc_ht=scontent.fsgn8-4.fna&_nc_gid=lGwrINP2p2WFD-mZLu4tKQ&_nc_ss=7b2a8&oh=00_AQN66M7gH9oLcWBTLFW9HZjgd7zHKKppTl40NkAbjI_1jg&oe=6AC6EBCD"
608,"Brookside Labrador Retrievers Ohio","https://www.facebook.com/profile.php?id=100066703299890","https://scontent.fsgn8-4.fna.fbcdn.net/v/t39.30808-1/658116037_1276916534541778_4338887419875530263_n.jpg?stp=cp0_dst-jpg_tt6&cstp=mx960x958&ctp=s80x80&_nc_cat=107&_nc_map=urlgen_bucketless&ccb=1-7&_nc_sid=167101&_nc_ohc=10N2_bBDELAQ7kNvwHCqQnp&_nc_oc=AdqDF88vIYpF2S177FiU4fRRYpuTV3stFOgdqgM4wqdy7QrsJYqs9qr4boMNRH8JizA&_nc_zt=24&_nc_ht=scontent.fsgn8-4.fna&_nc_gid=lGwrINP2p2WFD-mZLu4tKQ&_nc_ss=7b2a8&oh=00_AQMuqh8PFQyuBs56-B7RgGxBq3DveCUpqGfzCHqTqiI6RQ&oe=6AC6CADB"
609,"Hector the choco labo","https://www.facebook.com/profile.php?id=100087649548700","https://scontent.fsgn8-4.fna.fbcdn.net/v/t39.30808-1/581225065_809095675355410_646390163842998021_n.jpg?stp=cp0_dst-jpg_tt6&cstp=mx2048x2048&ctp=s80x80&_nc_cat=101&_nc_map=urlgen_bucketless&ccb=1-7&_nc_sid=167101&_nc_ohc=ZbAx-_1kUGAQ7kNvwEkB_CI&_nc_oc=AdoXAhT6gHuAw3RknsN1U-fQXWVh3UBfmheK7UUrotKEK1AuCsnkwuaJ2cEQoISDfv0&_nc_zt=24&_nc_ht=scontent.fsgn8-4.fna&_nc_gid=lGwrINP2p2WFD-mZLu4tKQ&_nc_ss=7b2a8&oh=00_AQP5sVJKOL3kG7xtmFNBPkVUKcVdUpEnMmggq55JTcxPYA&oe=6AC6EB7B"
610,"greta.the.lab","https://www.facebook.com/profile.php?id=61592150480933","https://scontent.fsgn8-4.fna.fbcdn.net/v/t39.30808-1/748499537_122093427063405016_854251887736029875_n.jpg?stp=cp0_dst-jpg_tt6&cstp=mx2048x2048&ctp=s80x80&_nc_cat=110&_nc_map=urlgen_bucketless&ccb=1-7&_nc_sid=167101&_nc_ohc=_NXZqPnRSXsQ7kNvwG3vJiE&_nc_oc=AdpgJX1IvuCBo9sbUsMJWWJwGKZ_fcdJfX6NeH4lpiFo_fpDvmICVlXXxuewFLMfiT8&_nc_zt=24&_nc_ht=scontent.fsgn8-4.fna&_nc_gid=lGwrINP2p2WFD-mZLu4tKQ&_nc_ss=7b2a8&oh=00_AQO9m6JtnS5FceKqQ5GyMCGm8DMh5NaS2AVBOQx4cvVZZw&oe=6AC6BCF1"
611,"Cutter Creek Labs","https://www.facebook.com/profile.php?id=61592064584483","https://scontent.fsgn8-4.fna.fbcdn.net/v/t39.30808-1/753924646_10106199752657954_1827533699630098678_n.jpg?stp=cp0_dst-jpg_tt6&cstp=mx1024x1024&ctp=s80x80&_nc_cat=106&_nc_map=urlgen_bucketless&ccb=1-7&_nc_sid=167101&_nc_ohc=12ujV162Uk0Q7kNvwGv1MCh&_nc_oc=AdoNfI_58zQz7hTrii3pHTHA58Xd9PjxUkOnxngfn03OG4XTsZZZXOJT9SNaJseM84c&_nc_zt=24&_nc_ht=scontent.fsgn8-4.fna&_nc_gid=lGwrINP2p2WFD-mZLu4tKQ&_nc_ss=7b2a8&oh=00_AQNB9umxvRLNjE3DCOFdUagCOQPJGtAjz4h1Qo7jpShv_Q&oe=6AC6C788"
612,"Fairfax Pines Labrador Retrievers","https://www.facebook.com/fairfaxpinesenglishlabradorretrievers","https://scontent.fsgn8-4.fna.fbcdn.net/v/t39.30808-1/449121936_985341813592496_9076357750249204002_n.jpg?stp=c111.111.1153.1153a_cp0_dst-jpg_tt6&cstp=mx1153x1153&ctp=s80x80&_nc_cat=106&_nc_map=urlgen_bucketless&ccb=1-7&_nc_sid=167101&_nc_ohc=lQaPpqX_ZVgQ7kNvwH3Y8Xg&_nc_oc=AdpDxHSG50slFDK8YwpQdOVMMjX3jkBjJN28X-I1Rmm19tu1vxGJyQLt7sVgyFepRaU&_nc_zt=24&_nc_ht=scontent.fsgn8-4.fna&_nc_gid=lGwrINP2p2WFD-mZLu4tKQ&_nc_ss=7b2a8&oh=00_AQP1iCtBDfBNfIvlq4lEV-EEsh3StRpd8MBxHpc-44guRg&oe=6AC6CBE1"
613,"Carolina Labradors","https://www.facebook.com/carolina.labs1","https://scontent.fsgn8-4.fna.fbcdn.net/v/t39.30808-1/628214735_839242312505616_8142150978904169452_n.jpg?stp=cp0_dst-jpg_tt6&cstp=mx960x958&ctp=s80x80&_nc_cat=106&_nc_map=urlgen_bucketless&ccb=1-7&_nc_sid=167101&_nc_ohc=LU1frKRctosQ7kNvwH2tvl7&_nc_oc=AdqZUppQ_4f5fMMykGWLaWif3w07NI9jAwb3pnjvCe3ibPkF5q1neustqhyrUg9J4r4&_nc_zt=24&_nc_ht=scontent.fsgn8-4.fna&_nc_gid=lGwrINP2p2WFD-mZLu4tKQ&_nc_ss=7b2a8&oh=00_AQMNBIrf99F6PrI-Kv-BXTry0Nxw-4iyWFK4aNdqpYQ28Q&oe=6AC6C7BD"
614,"The Best Breeds House","https://www.facebook.com/profile.php?id=61558808054294","https://scontent.fsgn8-4.fna.fbcdn.net/v/t39.30808-1/707678767_122217250994293601_6153569515199127126_n.jpg?stp=cp6_dst-jpg_tt6&cstp=mx2048x2048&ctp=s80x80&_nc_cat=107&_nc_map=urlgen_bucketless&ccb=1-7&_nc_sid=167101&_nc_ohc=tLNl8Li_2OUQ7kNvwHE5KRD&_nc_oc=AdoO1ABCzmYYotGXDJMExq-Rq9lq5lkIVf8-gEehi9d6jZxFUZZs-LRfnM4-AdhaAEU&_nc_zt=24&_nc_ht=scontent.fsgn8-4.fna&_nc_gid=NSH0BWgK9CvI4SzKwApX3Q&_nc_ss=7b2a8&oh=00_AQMX66B3h05hzxAlFEcUz2xJGXNpivpsK_JiNgAiqpJ0Qg&oe=6AC6E8CE"
615,"Ketyupha Bee Bee","https://www.facebook.com/ketyupha.bee.bee","https://scontent.fsgn8-4.fna.fbcdn.net/v/t39.30808-1/758543280_28133890669568730_6954053995879828934_n.jpg?stp=cp0_dst-jpg_tt6&cstp=mx671x672&ctp=s80x80&_nc_cat=105&_nc_map=urlgen_bucketless&ccb=1-7&_nc_sid=167101&_nc_ohc=36sh6Sfu-ZoQ7kNvwGEZIkA&_nc_oc=AdrTGbd3QgVpNj0kBFFutMCrbfa3LjAuYUFJaoD9hy22xA8wL14thm6f2UqDrHFPj9Y&_nc_zt=24&_nc_ht=scontent.fsgn8-4.fna&_nc_gid=NSH0BWgK9CvI4SzKwApX3Q&_nc_ss=7b2a8&oh=00_AQOwt4SuwXPTBSMTleIlOUSUJky1QxBEd-_axkpZ6fkEkg&oe=6AC6F00C"
616,"Labrador Retriever Dog","https://www.facebook.com/profile.php?id=61589823843891","https://scontent.fsgn8-4.fna.fbcdn.net/v/t39.30808-1/701409389_122097088017327461_918314512201818420_n.jpg?stp=cp0_dst-jpg_tt6&cstp=mx720x726&ctp=p80x80&_nc_cat=111&_nc_map=urlgen_bucketless&ccb=1-7&_nc_sid=167101&_nc_ohc=vNMtvcyt8UYQ7kNvwEW7ky_&_nc_oc=AdrXAEMwcPtuEB8mfdFS-yGf838oiKWzzZsNe4ROilYE4k-8oLU0OpKud3fXXvoJP24&_nc_zt=24&_nc_ht=scontent.fsgn8-4.fna&_nc_gid=NSH0BWgK9CvI4SzKwApX3Q&_nc_ss=7b2a8&oh=00_AQMuTtcuyIbpc_DlohU4dyYKt3zKV16wwF1ebeuNA5MXxQ&oe=6AC6BDCC"
617,"Bojackthelab","https://www.facebook.com/profile.php?id=61573220558634","https://scontent.fsgn8-4.fna.fbcdn.net/v/t39.30808-1/732103548_122184439778774018_8064984072054051376_n.jpg?stp=cp0_dst-jpg_tt6&cstp=mx1440x1450&ctp=s80x80&_nc_cat=102&_nc_map=urlgen_bucketless&ccb=1-7&_nc_sid=167101&_nc_ohc=yFl7CCupoZ4Q7kNvwHsJKm8&_nc_oc=AdrThWPK4G1pzqcBcnKHwiYiSeFMKdnP8vLXH4FiGOsjUCPZQCg6VWTw5dzphPSDnew&_nc_zt=24&_nc_ht=scontent.fsgn8-4.fna&_nc_gid=NSH0BWgK9CvI4SzKwApX3Q&_nc_ss=7b2a8&oh=00_AQO6nZiTJrXUeKDLJshi9EcfZD6mJygEGOIxqwqd_E8CKg&oe=6AC6C9BF"
618,"Yunna Tri","https://www.facebook.com/yunnaantri","https://scontent.fsgn8-4.fna.fbcdn.net/v/t39.30808-1/734872010_122220558626047346_397769294363261547_n.jpg?stp=cp0_dst-jpg_tt6&cstp=mx1024x1024&ctp=s80x80&_nc_cat=110&_nc_map=urlgen_bucketless&ccb=1-7&_nc_sid=167101&_nc_ohc=qoy7lbiUwEUQ7kNvwEqjEpQ&_nc_oc=AdrmlY0YlojZjPpj8O9ZyOgK_M4OwcC1lUEcZL8N5C_Hep5ovRgBeNUCeRe2iDrYzkM&_nc_zt=24&_nc_ht=scontent.fsgn8-4.fna&_nc_gid=NSH0BWgK9CvI4SzKwApX3Q&_nc_ss=7b2a8&oh=00_AQNX3_81R2A5IADGzy7t4rR8bEV3UiFgaJ7fjAT09MTWwA&oe=6AC6D833"
619,"Winston The Bird Dog","https://www.facebook.com/profile.php?id=61594492179056","https://scontent.fsgn8-4.fna.fbcdn.net/v/t39.30808-1/819214029_2615941292201187_4794975796589831738_n.jpg?stp=cp0_dst-jpg_tt6&cstp=mx206x206&ctp=s80x80&_nc_cat=110&_nc_map=urlgen_bucketless&ccb=1-7&_nc_sid=167101&_nc_ohc=nBVa2j4TsEoQ7kNvwGJORR4&_nc_oc=AdrAnAaPlsW4jcsZdNyAO07OilDwt5tDumUVMZnuACPR_YwYjZyiBVX-UvoDtY0HV_E&_nc_zt=24&_nc_ht=scontent.fsgn8-4.fna&_nc_gid=NSH0BWgK9CvI4SzKwApX3Q&_nc_ss=7b2a8&oh=00_AQMu8jg9jGFqE5NrGndfHqqcob_FYLWhFaw0-15GuBgBjw&oe=6AC6D974"
